/*
 * NullMoth NVIDIA driver for macOS
 * Copyright (c) 2026 NullMoth Systems.
 * SPDX-License-Identifier: PolyForm-Noncommercial-1.0.0
 */

unsigned char nvconv_metallib[] = {
  0x4d, 0x54, 0x4c, 0x42, 0x01, 0x80, 0x02, 0x00, 0x08, 0x00, 0x00, 0x81,
  0x0f, 0x00, 0x07, 0x00, 0x1a, 0xd8, 0x00, 0x00, 0x00, 0x00, 0x00, 0x00,
  0x58, 0x00, 0x00, 0x00, 0x00, 0x00, 0x00, 0x00, 0x7a, 0x03, 0x00, 0x00,
  0x00, 0x00, 0x00, 0x00, 0xda, 0x03, 0x00, 0x00, 0x00, 0x00, 0x00, 0x00,
  0x38, 0x00, 0x00, 0x00, 0x00, 0x00, 0x00, 0x00, 0x12, 0x04, 0x00, 0x00,
  0x00, 0x00, 0x00, 0x00, 0x38, 0x00, 0x00, 0x00, 0x00, 0x00, 0x00, 0x00,
  0x4a, 0x04, 0x00, 0x00, 0x00, 0x00, 0x00, 0x00, 0xd0, 0xd3, 0x00, 0x00,
  0x00, 0x00, 0x00, 0x00, 0x07, 0x00, 0x00, 0x00, 0x7f, 0x00, 0x00, 0x00,
  0x4e, 0x41, 0x4d, 0x45, 0x0a, 0x00, 0x6e, 0x76, 0x63, 0x6f, 0x6e, 0x76,
  0x33, 0x5f, 0x62, 0x00, 0x54, 0x59, 0x50, 0x45, 0x01, 0x00, 0x02, 0x48,
  0x41, 0x53, 0x48, 0x20, 0x00, 0x8c, 0x18, 0x1d, 0x5a, 0xa8, 0x0c, 0x71,
  0x02, 0xc4, 0x0e, 0xe5, 0xe4, 0xd1, 0xce, 0x0d, 0x2e, 0xd2, 0xa2, 0x85,
  0x81, 0x99, 0x38, 0x48, 0x88, 0x86, 0x4f, 0x44, 0xa1, 0xe7, 0x25, 0xc5,
  0x6e, 0x4d, 0x44, 0x53, 0x5a, 0x08, 0x00, 0x50, 0x20, 0x00, 0x00, 0x00,
  0x00, 0x00, 0x00, 0x4f, 0x46, 0x46, 0x54, 0x18, 0x00, 0x00, 0x00, 0x00,
  0x00, 0x00, 0x00, 0x00, 0x00, 0x00, 0x00, 0x00, 0x00, 0x00, 0x00, 0x00,
  0x00, 0x00, 0x00, 0x00, 0x00, 0x00, 0x00, 0x00, 0x00, 0x56, 0x45, 0x52,
  0x53, 0x08, 0x00, 0x02, 0x00, 0x07, 0x00, 0x03, 0x00, 0x02, 0x00, 0x45,
  0x4e, 0x44, 0x54, 0x7f, 0x00, 0x00, 0x00, 0x4e, 0x41, 0x4d, 0x45, 0x0a,
  0x00, 0x6e, 0x76, 0x63, 0x6f, 0x6e, 0x76, 0x33, 0x5f, 0x73, 0x00, 0x54,
  0x59, 0x50, 0x45, 0x01, 0x00, 0x02, 0x48, 0x41, 0x53, 0x48, 0x20, 0x00,
  0x9b, 0x8b, 0x9f, 0x5a, 0x50, 0xb4, 0x46, 0x1b, 0x4e, 0xc7, 0x04, 0x36,
  0x85, 0xe9, 0xc7, 0x18, 0x39, 0x1c, 0x8a, 0xab, 0xbc, 0x5b, 0x8f, 0xf9,
  0xa8, 0xe8, 0x05, 0xd3, 0x4d, 0x43, 0x99, 0x17, 0x4d, 0x44, 0x53, 0x5a,
  0x08, 0x00, 0xf0, 0x1f, 0x00, 0x00, 0x00, 0x00, 0x00, 0x00, 0x4f, 0x46,
  0x46, 0x54, 0x18, 0x00, 0x08, 0x00, 0x00, 0x00, 0x00, 0x00, 0x00, 0x00,
  0x08, 0x00, 0x00, 0x00, 0x00, 0x00, 0x00, 0x00, 0x50, 0x20, 0x00, 0x00,
  0x00, 0x00, 0x00, 0x00, 0x56, 0x45, 0x52, 0x53, 0x08, 0x00, 0x02, 0x00,
  0x07, 0x00, 0x03, 0x00, 0x02, 0x00, 0x45, 0x4e, 0x44, 0x54, 0x7f, 0x00,
  0x00, 0x00, 0x4e, 0x41, 0x4d, 0x45, 0x0a, 0x00, 0x6e, 0x76, 0x63, 0x6f,
  0x6e, 0x76, 0x34, 0x5f, 0x62, 0x00, 0x54, 0x59, 0x50, 0x45, 0x01, 0x00,
  0x02, 0x48, 0x41, 0x53, 0x48, 0x20, 0x00, 0xa5, 0x1a, 0x42, 0x67, 0x81,
  0x16, 0x13, 0x0c, 0xe6, 0x66, 0x47, 0x21, 0x68, 0x45, 0xa9, 0x23, 0x74,
  0xd1, 0x66, 0xc9, 0xc9, 0x5f, 0x66, 0xeb, 0xd8, 0x0d, 0x0a, 0x3c, 0xc4,
  0x6e, 0x32, 0xc3, 0x4d, 0x44, 0x53, 0x5a, 0x08, 0x00, 0xb0, 0x20, 0x00,
  0x00, 0x00, 0x00, 0x00, 0x00, 0x4f, 0x46, 0x46, 0x54, 0x18, 0x00, 0x10,
  0x00, 0x00, 0x00, 0x00, 0x00, 0x00, 0x00, 0x10, 0x00, 0x00, 0x00, 0x00,
  0x00, 0x00, 0x00, 0x40, 0x40, 0x00, 0x00, 0x00, 0x00, 0x00, 0x00, 0x56,
  0x45, 0x52, 0x53, 0x08, 0x00, 0x02, 0x00, 0x07, 0x00, 0x03, 0x00, 0x02,
  0x00, 0x45, 0x4e, 0x44, 0x54, 0x7f, 0x00, 0x00, 0x00, 0x4e, 0x41, 0x4d,
  0x45, 0x0a, 0x00, 0x6e, 0x76, 0x63, 0x6f, 0x6e, 0x76, 0x34, 0x5f, 0x73,
  0x00, 0x54, 0x59, 0x50, 0x45, 0x01, 0x00, 0x02, 0x48, 0x41, 0x53, 0x48,
  0x20, 0x00, 0xcc, 0x20, 0x3c, 0x49, 0x21, 0x3f, 0x90, 0x5a, 0x4a, 0x41,
  0x6c, 0xb3, 0x0a, 0x7d, 0x14, 0xd0, 0x72, 0x5c, 0x25, 0xf1, 0x56, 0x7f,
  0x33, 0x4a, 0x1c, 0xe5, 0x9d, 0x73, 0x39, 0x54, 0xa9, 0xc4, 0x4d, 0x44,
  0x53, 0x5a, 0x08, 0x00, 0x60, 0x20, 0x00, 0x00, 0x00, 0x00, 0x00, 0x00,
  0x4f, 0x46, 0x46, 0x54, 0x18, 0x00, 0x18, 0x00, 0x00, 0x00, 0x00, 0x00,
  0x00, 0x00, 0x18, 0x00, 0x00, 0x00, 0x00, 0x00, 0x00, 0x00, 0xf0, 0x60,
  0x00, 0x00, 0x00, 0x00, 0x00, 0x00, 0x56, 0x45, 0x52, 0x53, 0x08, 0x00,
  0x02, 0x00, 0x07, 0x00, 0x03, 0x00, 0x02, 0x00, 0x45, 0x4e, 0x44, 0x54,
  0x7f, 0x00, 0x00, 0x00, 0x4e, 0x41, 0x4d, 0x45, 0x0a, 0x00, 0x6e, 0x76,
  0x63, 0x6f, 0x6e, 0x76, 0x35, 0x5f, 0x62, 0x00, 0x54, 0x59, 0x50, 0x45,
  0x01, 0x00, 0x02, 0x48, 0x41, 0x53, 0x48, 0x20, 0x00, 0xa1, 0x18, 0x9e,
  0xed, 0x81, 0xeb, 0x2d, 0x7f, 0x09, 0x9e, 0x1b, 0x4e, 0x12, 0x9b, 0x28,
  0xf7, 0x32, 0x4e, 0x61, 0xb3, 0xee, 0x93, 0x79, 0x0d, 0xc7, 0x8b, 0xf7,
  0xea, 0x17, 0x0d, 0xb5, 0x44, 0x4d, 0x44, 0x53, 0x5a, 0x08, 0x00, 0x20,
  0x21, 0x00, 0x00, 0x00, 0x00, 0x00, 0x00, 0x4f, 0x46, 0x46, 0x54, 0x18,
  0x00, 0x20, 0x00, 0x00, 0x00, 0x00, 0x00, 0x00, 0x00, 0x20, 0x00, 0x00,
  0x00, 0x00, 0x00, 0x00, 0x00, 0x50, 0x81, 0x00, 0x00, 0x00, 0x00, 0x00,
  0x00, 0x56, 0x45, 0x52, 0x53, 0x08, 0x00, 0x02, 0x00, 0x07, 0x00, 0x03,
  0x00, 0x02, 0x00, 0x45, 0x4e, 0x44, 0x54, 0x7f, 0x00, 0x00, 0x00, 0x4e,
  0x41, 0x4d, 0x45, 0x0a, 0x00, 0x6e, 0x76, 0x63, 0x6f, 0x6e, 0x76, 0x35,
  0x5f, 0x73, 0x00, 0x54, 0x59, 0x50, 0x45, 0x01, 0x00, 0x02, 0x48, 0x41,
  0x53, 0x48, 0x20, 0x00, 0x83, 0xdd, 0x79, 0xc5, 0x0d, 0x27, 0x46, 0x40,
  0xbe, 0x57, 0x9b, 0x20, 0xc4, 0x6d, 0xc0, 0x38, 0xfa, 0x75, 0x16, 0xbe,
  0xb8, 0x85, 0x00, 0x58, 0x5c, 0xbe, 0x9a, 0x12, 0xc6, 0xaa, 0xc2, 0x1d,
  0x4d, 0x44, 0x53, 0x5a, 0x08, 0x00, 0xc0, 0x20, 0x00, 0x00, 0x00, 0x00,
  0x00, 0x00, 0x4f, 0x46, 0x46, 0x54, 0x18, 0x00, 0x28, 0x00, 0x00, 0x00,
  0x00, 0x00, 0x00, 0x00, 0x28, 0x00, 0x00, 0x00, 0x00, 0x00, 0x00, 0x00,
  0x70, 0xa2, 0x00, 0x00, 0x00, 0x00, 0x00, 0x00, 0x56, 0x45, 0x52, 0x53,
  0x08, 0x00, 0x02, 0x00, 0x07, 0x00, 0x03, 0x00, 0x02, 0x00, 0x45, 0x4e,
  0x44, 0x54, 0x80, 0x00, 0x00, 0x00, 0x4e, 0x41, 0x4d, 0x45, 0x0b, 0x00,
  0x6e, 0x76, 0x63, 0x6f, 0x6e, 0x76, 0x5f, 0x63, 0x6d, 0x70, 0x00, 0x54,
  0x59, 0x50, 0x45, 0x01, 0x00, 0x02, 0x48, 0x41, 0x53, 0x48, 0x20, 0x00,
  0x0d, 0xda, 0xb5, 0xe9, 0xbd, 0x42, 0x65, 0x88, 0x41, 0x88, 0xe5, 0x8b,
  0x4f, 0xa3, 0xda, 0xfe, 0x20, 0x04, 0x12, 0xaa, 0x15, 0x71, 0x36, 0xd5,
  0xce, 0x8d, 0x58, 0x19, 0x6e, 0xed, 0x56, 0x33, 0x4d, 0x44, 0x53, 0x5a,
  0x08, 0x00, 0xa0, 0x10, 0x00, 0x00, 0x00, 0x00, 0x00, 0x00, 0x4f, 0x46,
  0x46, 0x54, 0x18, 0x00, 0x30, 0x00, 0x00, 0x00, 0x00, 0x00, 0x00, 0x00,
  0x30, 0x00, 0x00, 0x00, 0x00, 0x00, 0x00, 0x00, 0x30, 0xc3, 0x00, 0x00,
  0x00, 0x00, 0x00, 0x00, 0x56, 0x45, 0x52, 0x53, 0x08, 0x00, 0x02, 0x00,
  0x07, 0x00, 0x03, 0x00, 0x02, 0x00, 0x45, 0x4e, 0x44, 0x54, 0x45, 0x4e,
  0x44, 0x54, 0x04, 0x00, 0x00, 0x00, 0x45, 0x4e, 0x44, 0x54, 0x04, 0x00,
  0x00, 0x00, 0x45, 0x4e, 0x44, 0x54, 0x04, 0x00, 0x00, 0x00, 0x45, 0x4e,
  0x44, 0x54, 0x04, 0x00, 0x00, 0x00, 0x45, 0x4e, 0x44, 0x54, 0x04, 0x00,
  0x00, 0x00, 0x45, 0x4e, 0x44, 0x54, 0x04, 0x00, 0x00, 0x00, 0x45, 0x4e,
  0x44, 0x54, 0x04, 0x00, 0x00, 0x00, 0x45, 0x4e, 0x44, 0x54, 0x04, 0x00,
  0x00, 0x00, 0x45, 0x4e, 0x44, 0x54, 0x04, 0x00, 0x00, 0x00, 0x45, 0x4e,
  0x44, 0x54, 0x04, 0x00, 0x00, 0x00, 0x45, 0x4e, 0x44, 0x54, 0x04, 0x00,
  0x00, 0x00, 0x45, 0x4e, 0x44, 0x54, 0x04, 0x00, 0x00, 0x00, 0x45, 0x4e,
  0x44, 0x54, 0x04, 0x00, 0x00, 0x00, 0x45, 0x4e, 0x44, 0x54, 0x04, 0x00,
  0x00, 0x00, 0x45, 0x4e, 0x44, 0x54, 0xde, 0xc0, 0x17, 0x0b, 0x00, 0x00,
  0x00, 0x00, 0x14, 0x00, 0x00, 0x00, 0x38, 0x20, 0x00, 0x00, 0xff, 0xff,
  0xff, 0xff, 0x42, 0x43, 0xc0, 0xde, 0x35, 0x14, 0x00, 0x00, 0x03, 0x00,
  0x00, 0x00, 0x62, 0x0c, 0x30, 0x24, 0x80, 0x10, 0x05, 0xc8, 0x14, 0x00,
  0x00, 0x00, 0x21, 0x0c, 0x00, 0x00, 0x23, 0x07, 0x00, 0x00, 0x0b, 0x02,
  0x21, 0x00, 0x02, 0x00, 0x00, 0x00, 0x16, 0x00, 0x00, 0x00, 0x07, 0x81,
  0x23, 0x91, 0x41, 0xc8, 0x04, 0x49, 0x06, 0x10, 0x32, 0x39, 0x92, 0x01,
  0x84, 0x0c, 0x25, 0x05, 0x08, 0x19, 0x1e, 0x04, 0x8b, 0x62, 0x80, 0x18,
  0x45, 0x02, 0x42, 0x92, 0x0b, 0x42, 0xc4, 0x10, 0x32, 0x14, 0x38, 0x08,
  0x18, 0x4b, 0x0a, 0x32, 0x62, 0x88, 0x48, 0x70, 0xc4, 0x21, 0x23, 0x44,
  0x12, 0x87, 0x8c, 0x10, 0x41, 0x92, 0x02, 0x64, 0xc8, 0x08, 0xb1, 0x14,
  0x20, 0x43, 0x46, 0x88, 0x20, 0xc9, 0x01, 0x32, 0x62, 0x84, 0x18, 0x2a,
  0x28, 0x2a, 0x90, 0x31, 0x7c, 0xb0, 0x5c, 0x91, 0x20, 0xc6, 0xc8, 0x00,
  0x00, 0x00, 0x89, 0x20, 0x00, 0x00, 0x2b, 0x00, 0x00, 0x00, 0x32, 0x22,
  0x88, 0x09, 0x20, 0x62, 0x46, 0x00, 0x21, 0x2b, 0x24, 0x98, 0x18, 0x21,
  0x25, 0x24, 0x98, 0x18, 0x19, 0x27, 0x0c, 0x85, 0xa4, 0x90, 0x60, 0x62,
  0x64, 0x5c, 0x20, 0x24, 0x66, 0x82, 0x40, 0x0e, 0x66, 0x00, 0x94, 0x30,
  0x00, 0x50, 0x88, 0x60, 0x10, 0x41, 0x18, 0x94, 0x08, 0x50, 0x08, 0x62,
  0x10, 0xa1, 0x18, 0x46, 0x00, 0x06, 0x11, 0x80, 0x60, 0x8e, 0x00, 0x0c,
  0x06, 0x11, 0x12, 0x61, 0x18, 0x61, 0x48, 0x4c, 0x72, 0x20, 0x08, 0xa2,
  0x28, 0xca, 0x92, 0x10, 0x33, 0x88, 0x10, 0x0c, 0x83, 0x08, 0xc4, 0x60,
  0x9a, 0x03, 0x41, 0x10, 0x04, 0x49, 0x14, 0x65, 0x49, 0x9c, 0x87, 0x20,
  0x23, 0x00, 0x00, 0x49, 0x86, 0x00, 0x00, 0x00, 0x20, 0xca, 0x0c, 0x00,
  0x00, 0x90, 0x35, 0x47, 0x00, 0x0a, 0x73, 0x04, 0x08, 0x65, 0x66, 0x38,
  0x30, 0x8d, 0x36, 0x33, 0x1c, 0x49, 0x42, 0xdd, 0x1c, 0x41, 0x60, 0x8a,
  0x43, 0xcb, 0xb0, 0x8f, 0xc0, 0x81, 0x00, 0x15, 0x48, 0x14, 0x21, 0x21,
  0x52, 0x11, 0x32, 0x32, 0x95, 0x00, 0x50, 0x04, 0x94, 0x52, 0x42, 0x15,
  0x01, 0x20, 0x76, 0x0a, 0x80, 0x92, 0x41, 0x04, 0x60, 0x20, 0x00, 0x00,
  0x00, 0x00, 0x51, 0x18, 0x00, 0x00, 0x3f, 0x01, 0x00, 0x00, 0x1b, 0xe4,
  0x23, 0xf8, 0xff, 0xff, 0xff, 0xff, 0x01, 0x58, 0x03, 0xc0, 0x14, 0x00,
  0x89, 0x08, 0x07, 0x78, 0x80, 0x07, 0x79, 0x78, 0x07, 0x7c, 0x68, 0x03,
  0x73, 0xa8, 0x07, 0x77, 0x18, 0x87, 0x36, 0x30, 0x07, 0x78, 0x68, 0x83,
  0x76, 0x08, 0x07, 0x7a, 0x40, 0x07, 0x80, 0x1e, 0xe4, 0xa1, 0x1e, 0xca,
  0x01, 0x20, 0xcc, 0x41, 0x1e, 0xc2, 0xa1, 0x1d, 0xca, 0xa1, 0x0d, 0xe0,
  0xe1, 0x1d, 0xd2, 0xc1, 0x1d, 0xe8, 0xa1, 0x1c, 0xe4, 0x01, 0x08, 0x07,
  0x76, 0x60, 0x07, 0x80, 0x68, 0x87, 0x74, 0x70, 0x87, 0x36, 0x60, 0x87,
  0x72, 0x38, 0x87, 0x70, 0x60, 0x87, 0x36, 0xb0, 0x87, 0x72, 0x18, 0x07,
  0x7a, 0x78, 0x07, 0x79, 0x68, 0x83, 0x7b, 0x48, 0x07, 0x72, 0xa0, 0x07,
  0x74, 0x00, 0xf2, 0xc0, 0x0e, 0x80, 0xc1, 0x1d, 0xde, 0xa1, 0x0d, 0xc4,
  0xa1, 0x1e, 0xd2, 0x81, 0x1d, 0xe8, 0x21, 0x1d, 0xdc, 0x61, 0x1e, 0x00,
  0xc2, 0x1d, 0xde, 0xa1, 0x0d, 0xd2, 0xc1, 0x1d, 0xcc, 0x61, 0x1e, 0xda,
  0xc0, 0x1c, 0xe0, 0xa1, 0x0d, 0xda, 0x21, 0x1c, 0xe8, 0x01, 0x1d, 0x00,
  0x7a, 0x90, 0x87, 0x7a, 0x28, 0x07, 0x80, 0x70, 0x87, 0x77, 0x68, 0x03,
  0x77, 0x08, 0x07, 0x77, 0x98, 0x87, 0x36, 0x30, 0x07, 0x78, 0x68, 0x83,
  0x76, 0x08, 0x07, 0x7a, 0x40, 0x07, 0x80, 0x1e, 0xe4, 0xa1, 0x1e, 0xca,
  0x01, 0x20, 0xdc, 0xe1, 0x1d, 0xda, 0x60, 0x1e, 0xd2, 0xe1, 0x1c, 0xdc,
  0xa1, 0x1c, 0xc8, 0xa1, 0x0d, 0xf4, 0xa1, 0x1c, 0xe4, 0xe1, 0x1d, 0xe6,
  0xa1, 0x0d, 0xcc, 0x01, 0x1e, 0xda, 0xa0, 0x1d, 0xc2, 0x81, 0x1e, 0xd0,
  0x01, 0xa0, 0x07, 0x79, 0xa8, 0x87, 0x72, 0x00, 0x08, 0x77, 0x78, 0x87,
  0x36, 0xa0, 0x07, 0x79, 0x08, 0x07, 0x78, 0x80, 0x87, 0x74, 0x70, 0x87,
  0x73, 0x68, 0x83, 0x76, 0x08, 0x07, 0x7a, 0x40, 0x07, 0x80, 0x1e, 0xe4,
  0xa1, 0x1e, 0xca, 0x01, 0x20, 0xe6, 0x81, 0x1e, 0xc2, 0x61, 0x1c, 0xd6,
  0xa1, 0x0d, 0xe0, 0x41, 0x1e, 0xde, 0x81, 0x1e, 0xca, 0x61, 0x1c, 0xe8,
  0xe1, 0x1d, 0xe4, 0xa1, 0x0d, 0xc4, 0xa1, 0x1e, 0xcc, 0xc1, 0x1c, 0xca,
  0x41, 0x1e, 0xda, 0x60, 0x1e, 0xd2, 0x41, 0x1f, 0xca, 0x01, 0xc0, 0x03,
  0x80, 0xa8, 0x07, 0x77, 0x98, 0x87, 0x70, 0x30, 0x87, 0x72, 0x68, 0x03,
  0x73, 0x80, 0x87, 0x36, 0x68, 0x87, 0x70, 0xa0, 0x07, 0x74, 0x00, 0xe8,
  0x41, 0x1e, 0xea, 0xa1, 0x1c, 0x80, 0x0d, 0x9d, 0x10, 0x00, 0x0b, 0x40,
  0x0a, 0x40, 0x35, 0x84, 0x43, 0x3a, 0xc8, 0x43, 0x1b, 0x88, 0x43, 0x3d,
  0x98, 0x83, 0x39, 0x94, 0x83, 0x3c, 0xb4, 0x81, 0x3b, 0xbc, 0x43, 0x1b,
  0x84, 0x03, 0x3b, 0xa4, 0x43, 0x38, 0xcc, 0x03, 0xb0, 0xa1, 0x1b, 0x04,
  0x60, 0x01, 0x48, 0x01, 0xa8, 0x86, 0x70, 0x48, 0x07, 0x79, 0x68, 0x03,
  0x71, 0xa8, 0x07, 0x73, 0x30, 0x87, 0x72, 0x90, 0x87, 0x36, 0x70, 0x87,
  0x77, 0x68, 0x83, 0x70, 0x60, 0x87, 0x74, 0x08, 0x87, 0x79, 0x00, 0x36,
  0x74, 0xc4, 0x00, 0x2c, 0x00, 0x29, 0x00, 0x74, 0x30, 0x84, 0x43, 0x3a,
  0xc8, 0x43, 0x1b, 0x88, 0x43, 0x3d, 0x98, 0x83, 0x39, 0x94, 0x83, 0x3c,
  0xb4, 0x81, 0x3b, 0xbc, 0x43, 0x1b, 0x84, 0x03, 0x3b, 0xa4, 0x43, 0x38,
  0xcc, 0x03, 0xb0, 0xa1, 0x2b, 0x08, 0x60, 0x01, 0x48, 0x01, 0xa8, 0x86,
  0x70, 0x48, 0x07, 0x79, 0x68, 0x03, 0x71, 0xa8, 0x07, 0x73, 0x30, 0x87,
  0x72, 0x90, 0x87, 0x36, 0x70, 0x87, 0x77, 0x68, 0x83, 0x70, 0x60, 0x87,
  0x74, 0x08, 0x87, 0x79, 0x00, 0x36, 0x74, 0x46, 0x01, 0x2c, 0x00, 0x29,
  0x00, 0xd5, 0x10, 0x0e, 0xe9, 0x20, 0x0f, 0x6d, 0x20, 0x0e, 0xf5, 0x60,
  0x0e, 0xe6, 0x50, 0x0e, 0xf2, 0xd0, 0x06, 0xee, 0xf0, 0x0e, 0x6d, 0x10,
  0x0e, 0xec, 0x90, 0x0e, 0xe1, 0x30, 0x0f, 0xc0, 0x86, 0x31, 0x38, 0x0c,
  0x60, 0x01, 0x48, 0x01, 0xa8, 0x82, 0x80, 0x08, 0xd2, 0x80, 0x18, 0xc2,
  0x21, 0x1d, 0xe4, 0xa1, 0x0d, 0xc4, 0xa1, 0x1e, 0xcc, 0xc1, 0x1c, 0xca,
  0x41, 0x1e, 0xda, 0xc0, 0x1d, 0xde, 0xa1, 0x0d, 0xc2, 0x81, 0x1d, 0xd2,
  0x21, 0x1c, 0xe6, 0x01, 0xd8, 0x40, 0x20, 0x07, 0x40, 0x0a, 0x1b, 0x88,
  0x04, 0x01, 0x48, 0x61, 0x03, 0x7d, 0x28, 0xff, 0xff, 0xff, 0xff, 0x3f,
  0x00, 0x6b, 0x00, 0x10, 0x80, 0x29, 0x00, 0x12, 0x11, 0x0e, 0xf0, 0x00,
  0x0f, 0xf2, 0xf0, 0x0e, 0xf8, 0xd0, 0x06, 0xe6, 0x50, 0x0f, 0xee, 0x30,
  0x0e, 0x6d, 0x60, 0x0e, 0xf0, 0xd0, 0x06, 0xed, 0x10, 0x0e, 0xf4, 0x80,
  0x0e, 0x00, 0x3d, 0xc8, 0x43, 0x3d, 0x94, 0x03, 0x40, 0x98, 0x83, 0x3c,
  0x84, 0x43, 0x3b, 0x94, 0x43, 0x1b, 0xc0, 0xc3, 0x3b, 0xa4, 0x83, 0x3b,
  0xd0, 0x43, 0x39, 0xc8, 0x03, 0x10, 0x0e, 0xec, 0xc0, 0x0e, 0x00, 0xd1,
  0x0e, 0xe9, 0xe0, 0x0e, 0x6d, 0xc0, 0x0e, 0xe5, 0x70, 0x0e, 0xe1, 0xc0,
  0x0e, 0x6d, 0x60, 0x0f, 0xe5, 0x30, 0x0e, 0xf4, 0xf0, 0x0e, 0xf2, 0xd0,
  0x06, 0xf7, 0x90, 0x0e, 0xe4, 0x40, 0x0f, 0xe8, 0x00, 0xe4, 0x81, 0x1d,
  0x00, 0x83, 0x3b, 0xbc, 0x43, 0x1b, 0x88, 0x43, 0x3d, 0xa4, 0x03, 0x3b,
  0xd0, 0x43, 0x3a, 0xb8, 0xc3, 0x3c, 0x00, 0x84, 0x3b, 0xbc, 0x43, 0x1b,
  0xa4, 0x83, 0x3b, 0x98, 0xc3, 0x3c, 0xb4, 0x81, 0x39, 0xc0, 0x43, 0x1b,
  0xb4, 0x43, 0x38, 0xd0, 0x03, 0x3a, 0x00, 0xf4, 0x20, 0x0f, 0xf5, 0x50,
  0x0e, 0x00, 0xe1, 0x0e, 0xef, 0xd0, 0x06, 0xee, 0x10, 0x0e, 0xee, 0x30,
  0x0f, 0x6d, 0x60, 0x0e, 0xf0, 0xd0, 0x06, 0xed, 0x10, 0x0e, 0xf4, 0x80,
  0x0e, 0x00, 0x3d, 0xc8, 0x43, 0x3d, 0x94, 0x03, 0x40, 0xb8, 0xc3, 0x3b,
  0xb4, 0xc1, 0x3c, 0xa4, 0xc3, 0x39, 0xb8, 0x43, 0x39, 0x90, 0x43, 0x1b,
  0xe8, 0x43, 0x39, 0xc8, 0xc3, 0x3b, 0xcc, 0x43, 0x1b, 0x98, 0x03, 0x3c,
  0xb4, 0x41, 0x3b, 0x84, 0x03, 0x3d, 0xa0, 0x03, 0x40, 0x0f, 0xf2, 0x50,
  0x0f, 0xe5, 0x00, 0x10, 0xee, 0xf0, 0x0e, 0x6d, 0x40, 0x0f, 0xf2, 0x10,
  0x0e, 0xf0, 0x00, 0x0f, 0xe9, 0xe0, 0x0e, 0xe7, 0xd0, 0x06, 0xed, 0x10,
  0x0e, 0xf4, 0x80, 0x0e, 0x00, 0x3d, 0xc8, 0x43, 0x3d, 0x94, 0x03, 0x40,
  0xcc, 0x03, 0x3d, 0x84, 0xc3, 0x38, 0xac, 0x43, 0x1b, 0xc0, 0x83, 0x3c,
  0xbc, 0x03, 0x3d, 0x94, 0xc3, 0x38, 0xd0, 0xc3, 0x3b, 0xc8, 0x43, 0x1b,
  0x88, 0x43, 0x3d, 0x98, 0x83, 0x39, 0x94, 0x83, 0x3c, 0xb4, 0xc1, 0x3c,
  0xa4, 0x83, 0x3e, 0x94, 0x03, 0x80, 0x07, 0x00, 0x51, 0x0f, 0xee, 0x30,
  0x0f, 0xe1, 0x60, 0x0e, 0xe5, 0xd0, 0x06, 0xe6, 0x00, 0x0f, 0x6d, 0xd0,
  0x0e, 0xe1, 0x40, 0x0f, 0xe8, 0x00, 0xd0, 0x83, 0x3c, 0xd4, 0x43, 0x39,
  0x00, 0x1b, 0x90, 0x25, 0x00, 0x16, 0x80, 0x14, 0x80, 0x6a, 0x03, 0xc2,
  0x08, 0xc0, 0x02, 0x90, 0x02, 0x50, 0x6d, 0x40, 0x9a, 0x01, 0x58, 0x00,
  0x52, 0x00, 0xe8, 0x60, 0x83, 0xe1, 0x10, 0x00, 0x29, 0x00, 0xd5, 0x06,
  0xe3, 0x29, 0x00, 0x52, 0x00, 0xaa, 0x0d, 0x04, 0x64, 0x00, 0xa4, 0xb0,
  0x01, 0x89, 0x0e, 0x60, 0x01, 0x48, 0x01, 0xa8, 0x36, 0x20, 0x12, 0x02,
  0x2c, 0x00, 0x29, 0x00, 0xd5, 0x06, 0x62, 0x4a, 0x00, 0x52, 0xd8, 0x40,
  0x50, 0x0a, 0x40, 0x0a, 0x1b, 0x8c, 0x6a, 0x01, 0x16, 0x80, 0x14, 0x36,
  0x18, 0x16, 0x03, 0x2c, 0x00, 0x29, 0x6c, 0x70, 0xae, 0xff, 0xff, 0xff,
  0xff, 0x1f, 0x00, 0x53, 0x00, 0xfc, 0x00, 0xf8, 0x03, 0x40, 0x02, 0x28,
  0xa0, 0x0f, 0x36, 0x38, 0xd8, 0xff, 0xff, 0xff, 0xff, 0x0f, 0x40, 0x1b,
  0x00, 0xa7, 0x00, 0xf8, 0x01, 0xf0, 0x07, 0x80, 0x04, 0xf4, 0xc1, 0x06,
  0x22, 0x0b, 0x00, 0x3e, 0xd8, 0x40, 0x68, 0x02, 0xb0, 0x6c, 0x50, 0xb6,
  0xff, 0xff, 0xff, 0xff, 0x1f, 0x80, 0x35, 0x00, 0x4c, 0x01, 0x90, 0x80,
  0x3e, 0xd8, 0xc0, 0x70, 0xff, 0xff, 0xff, 0xff, 0x3f, 0x00, 0x6d, 0x00,
  0xf8, 0x01, 0x20, 0x01, 0x7d, 0x00, 0xd0, 0xc1, 0x06, 0xa3, 0x0b, 0x80,
  0x05, 0xa0, 0x83, 0x0d, 0x84, 0x47, 0x00, 0x7c, 0xb0, 0x61, 0xfa, 0xfe,
  0xff, 0xff, 0xff, 0x7f, 0x00, 0xd6, 0x00, 0x50, 0x06, 0x77, 0x78, 0x87,
  0x36, 0x10, 0x87, 0x7a, 0x48, 0x07, 0x76, 0xa0, 0x87, 0x74, 0x70, 0x87,
  0x79, 0x00, 0x36, 0x10, 0x60, 0x10, 0x00, 0xa4, 0xb0, 0x81, 0x08, 0x03,
  0x01, 0x20, 0x85, 0x0d, 0x84, 0x18, 0x0c, 0x00, 0x29, 0x6c, 0x20, 0xc6,
  0x80, 0x00, 0x48, 0x61, 0x03, 0x41, 0x06, 0x05, 0x40, 0x0a, 0x1b, 0x88,
  0x32, 0x58, 0x00, 0x52, 0xd8, 0x40, 0x98, 0x01, 0x03, 0x90, 0xc2, 0x06,
  0xe2, 0x0c, 0xfe, 0xff, 0xff, 0xff, 0x7f, 0x00, 0xa4, 0x0d, 0x04, 0x1a,
  0x08, 0xc0, 0x19, 0x6c, 0x60, 0xd2, 0x20, 0x00, 0x48, 0x01, 0x38, 0x83,
  0x20, 0x20, 0x82, 0x34, 0x00, 0x89, 0x0d, 0x8c, 0x1a, 0x04, 0x00, 0x29,
  0x00, 0x67, 0x10, 0x04, 0x44, 0x90, 0x06, 0xd0, 0x06, 0x64, 0x0d, 0xfe,
  0xff, 0xff, 0xff, 0x7f, 0x00, 0xd6, 0x00, 0x90, 0x80, 0x3e, 0xd8, 0x80,
  0xb0, 0xc1, 0xff, 0xff, 0xff, 0xff, 0x0f, 0x80, 0x04, 0x50, 0x40, 0x1f,
  0x00, 0x00, 0x49, 0x18, 0x00, 0x00, 0x12, 0x00, 0x00, 0x00, 0x13, 0x92,
  0x40, 0x18, 0x88, 0xc2, 0x38, 0x90, 0x64, 0x42, 0xa3, 0x2c, 0x4c, 0xe3,
  0x3c, 0x50, 0x24, 0x4d, 0x54, 0x65, 0x4d, 0x08, 0xae, 0x09, 0x03, 0x96,
  0x69, 0x13, 0x82, 0x6d, 0xc2, 0xc0, 0x75, 0xde, 0x84, 0xe6, 0x03, 0x83,
  0x30, 0x10, 0x83, 0x31, 0x20, 0x03, 0x08, 0x49, 0x26, 0xaa, 0x0c, 0xcc,
  0x60, 0x82, 0x70, 0x06, 0x68, 0x30, 0x21, 0x48, 0x83, 0x09, 0x81, 0x1a,
  0x4c, 0x08, 0xd6, 0x60, 0x42, 0xc0, 0x06, 0x00, 0x00, 0x00, 0x13, 0xb8,
  0x70, 0x48, 0x07, 0x79, 0xb0, 0x03, 0x3a, 0xf8, 0x05, 0x7b, 0x90, 0x83,
  0x3b, 0x68, 0x83, 0x70, 0x80, 0x07, 0x78, 0x60, 0x87, 0x72, 0x68, 0x83,
  0x76, 0x08, 0x87, 0x71, 0x78, 0x87, 0x79, 0xc0, 0x87, 0x38, 0xa8, 0x03,
  0x37, 0xb8, 0x03, 0x37, 0x80, 0x83, 0x0d, 0xb7, 0x51, 0x0e, 0x6d, 0x00,
  0x0f, 0x7a, 0x60, 0x07, 0x74, 0xa0, 0x07, 0x76, 0x40, 0x07, 0x7a, 0x60,
  0x07, 0x74, 0xd0, 0x06, 0xe9, 0x10, 0x07, 0x7a, 0x80, 0x07, 0x7a, 0x80,
  0x07, 0x6d, 0x90, 0x0e, 0x78, 0xa0, 0x07, 0x78, 0xa0, 0x07, 0x78, 0xd0,
  0x06, 0xe9, 0x10, 0x07, 0x76, 0xa0, 0x07, 0x71, 0x60, 0x07, 0x7a, 0x10,
  0x07, 0x76, 0xd0, 0x06, 0xe9, 0x30, 0x07, 0x72, 0xa0, 0x07, 0x73, 0x20,
  0x07, 0x7a, 0x30, 0x07, 0x72, 0xd0, 0x06, 0xe9, 0x60, 0x07, 0x74, 0xa0,
  0x07, 0x76, 0x40, 0x07, 0x7a, 0x60, 0x07, 0x74, 0xd0, 0x06, 0xe6, 0x30,
  0x07, 0x72, 0xa0, 0x07, 0x73, 0x20, 0x07, 0x7a, 0x30, 0x07, 0x72, 0xd0,
  0x06, 0xe6, 0x60, 0x07, 0x74, 0xa0, 0x07, 0x76, 0x40, 0x07, 0x7a, 0x60,
  0x07, 0x74, 0xd0, 0x06, 0xf6, 0x10, 0x07, 0x76, 0xa0, 0x07, 0x71, 0x60,
  0x07, 0x7a, 0x10, 0x07, 0x76, 0xd0, 0x06, 0xf6, 0x20, 0x07, 0x74, 0xa0,
  0x07, 0x73, 0x20, 0x07, 0x7a, 0x30, 0x07, 0x72, 0xd0, 0x06, 0xf6, 0x30,
  0x07, 0x72, 0xa0, 0x07, 0x73, 0x20, 0x07, 0x7a, 0x30, 0x07, 0x72, 0xd0,
  0x06, 0xf6, 0x40, 0x07, 0x78, 0xa0, 0x07, 0x76, 0x40, 0x07, 0x7a, 0x60,
  0x07, 0x74, 0xd0, 0x06, 0xf6, 0x60, 0x07, 0x74, 0xa0, 0x07, 0x76, 0x40,
  0x07, 0x7a, 0x60, 0x07, 0x74, 0xd0, 0x06, 0xf6, 0x90, 0x07, 0x76, 0xa0,
  0x07, 0x71, 0x20, 0x07, 0x78, 0xa0, 0x07, 0x71, 0x20, 0x07, 0x78, 0xd0,
  0x06, 0xf6, 0x10, 0x07, 0x72, 0x80, 0x07, 0x7a, 0x10, 0x07, 0x72, 0x80,
  0x07, 0x7a, 0x10, 0x07, 0x72, 0x80, 0x07, 0x6d, 0x60, 0x0f, 0x71, 0x90,
  0x07, 0x72, 0xa0, 0x07, 0x72, 0x50, 0x07, 0x76, 0xa0, 0x07, 0x72, 0x50,
  0x07, 0x76, 0xd0, 0x06, 0xf6, 0x20, 0x07, 0x75, 0x60, 0x07, 0x7a, 0x20,
  0x07, 0x75, 0x60, 0x07, 0x7a, 0x20, 0x07, 0x75, 0x60, 0x07, 0x6d, 0x60,
  0x0f, 0x75, 0x10, 0x07, 0x72, 0xa0, 0x07, 0x75, 0x10, 0x07, 0x72, 0xa0,
  0x07, 0x75, 0x10, 0x07, 0x72, 0xd0, 0x06, 0xf6, 0x10, 0x07, 0x70, 0x20,
  0x07, 0x74, 0xa0, 0x07, 0x71, 0x00, 0x07, 0x72, 0x40, 0x07, 0x7a, 0x10,
  0x07, 0x70, 0x20, 0x07, 0x74, 0xd0, 0x06, 0xee, 0x80, 0x07, 0x7a, 0x10,
  0x07, 0x76, 0xa0, 0x07, 0x73, 0x20, 0x07, 0x4a, 0x0f, 0x08, 0x11, 0x92,
  0x41, 0x86, 0x8c, 0x14, 0x11, 0x01, 0x34, 0x42, 0x18, 0x36, 0x69, 0x2a,
  0xc1, 0x69, 0xaa, 0xfb, 0x0f, 0x76, 0x48, 0x40, 0x2b, 0x08, 0xce, 0x37,
  0x0c, 0x00, 0x00, 0x00, 0x00, 0x00, 0x00, 0x41, 0x2b, 0x00, 0x3b, 0xa4,
  0x56, 0x68, 0x85, 0xc2, 0x01, 0x83, 0x61, 0x00, 0x00, 0x00, 0x00, 0x00,
  0x00, 0x08, 0x5a, 0x01, 0x18, 0x52, 0xe9, 0x44, 0xc2, 0x00, 0x00, 0x10,
  0x00, 0x00, 0x00, 0x08, 0x00, 0x00, 0x00, 0x00, 0x00, 0xb4, 0x02, 0x30,
  0xa4, 0x1a, 0x8b, 0x98, 0x80, 0x10, 0x60, 0x10, 0x00, 0x00, 0x00, 0x02,
  0x00, 0x00, 0x00, 0x20, 0x00, 0x5a, 0x01, 0x18, 0x52, 0xd1, 0x09, 0x24,
  0x01, 0x01, 0x30, 0x00, 0x00, 0x00, 0x08, 0x00, 0x00, 0x00, 0x00, 0x00,
  0xb4, 0x02, 0x30, 0xa4, 0x22, 0x15, 0x89, 0x02, 0x02, 0x60, 0x00, 0x00,
  0x00, 0x10, 0x00, 0x00, 0x00, 0x00, 0x00, 0x68, 0x05, 0x60, 0x48, 0x65,
  0x2b, 0x91, 0x05, 0x04, 0xc0, 0x00, 0x00, 0x00, 0x20, 0x00, 0x00, 0x00,
  0x00, 0x00, 0xd0, 0x0a, 0xc0, 0x90, 0xea, 0x5c, 0xac, 0x0d, 0x08, 0x00,
  0x02, 0x00, 0x00, 0x00, 0x00, 0x00, 0x00, 0x00, 0x00, 0xa0, 0x15, 0x80,
  0x21, 0x55, 0xbf, 0x2c, 0x14, 0x10, 0x00, 0x03, 0x00, 0x00, 0x80, 0x00,
  0x00, 0x00, 0x00, 0x00, 0x40, 0x2b, 0x00, 0x43, 0x2a, 0x94, 0xc1, 0x36,
  0x20, 0x00, 0x08, 0x00, 0x00, 0x00, 0x00, 0x00, 0x00, 0x00, 0x00, 0x80,
  0x56, 0x00, 0x86, 0x54, 0x60, 0xe3, 0x74, 0x40, 0x00, 0x14, 0x00, 0x00,
  0x00, 0x02, 0x00, 0x00, 0x00, 0x00, 0x00, 0xad, 0x00, 0x0c, 0xa9, 0xdc,
  0x86, 0x02, 0x03, 0x20, 0x00, 0x0c, 0x00, 0x00, 0x00, 0x00, 0x00, 0x00,
  0x00, 0x00, 0x80, 0x56, 0x00, 0x24, 0x36, 0x08, 0x14, 0x2e, 0x39, 0x00,
  0x00, 0xc8, 0x02, 0x01, 0x00, 0x00, 0x0f, 0x00, 0x00, 0x00, 0x32, 0x1e,
  0x98, 0x18, 0x19, 0x11, 0x4c, 0x90, 0x8c, 0x09, 0x26, 0x47, 0xc6, 0x04,
  0x43, 0x4a, 0x8a, 0xa0, 0x04, 0x0a, 0xa1, 0x1c, 0xca, 0xa7, 0x00, 0x05,
  0x0a, 0xa2, 0x40, 0x46, 0x00, 0xca, 0xa0, 0x5c, 0x4a, 0xa7, 0x14, 0x8a,
  0xa7, 0x18, 0x08, 0x1b, 0x01, 0xa0, 0x6c, 0x04, 0xa0, 0x08, 0x48, 0x98,
  0x01, 0xa0, 0x62, 0x06, 0x80, 0xc6, 0xb1, 0x84, 0x0d, 0x00, 0xb1, 0x18,
  0x00, 0x00, 0xa5, 0x00, 0x00, 0x00, 0x33, 0x08, 0x80, 0x1c, 0xc4, 0xe1,
  0x1c, 0x66, 0x14, 0x01, 0x3d, 0x88, 0x43, 0x38, 0x84, 0xc3, 0x8c, 0x42,
  0x80, 0x07, 0x79, 0x78, 0x07, 0x73, 0x98, 0x71, 0x0c, 0xe6, 0x00, 0x0f,
  0xed, 0x10, 0x0e, 0xf4, 0x80, 0x0e, 0x33, 0x0c, 0x42, 0x1e, 0xc2, 0xc1,
  0x1d, 0xce, 0xa1, 0x1c, 0x66, 0x30, 0x05, 0x3d, 0x88, 0x43, 0x38, 0x84,
  0x83, 0x1b, 0xcc, 0x03, 0x3d, 0xc8, 0x43, 0x3d, 0x8c, 0x03, 0x3d, 0xcc,
  0x78, 0x8c, 0x74, 0x70, 0x07, 0x7b, 0x08, 0x07, 0x79, 0x48, 0x87, 0x70,
  0x70, 0x07, 0x7a, 0x70, 0x03, 0x76, 0x78, 0x87, 0x70, 0x20, 0x87, 0x19,
  0xcc, 0x11, 0x0e, 0xec, 0x90, 0x0e, 0xe1, 0x30, 0x0f, 0x6e, 0x30, 0x0f,
  0xe3, 0xf0, 0x0e, 0xf0, 0x50, 0x0e, 0x33, 0x10, 0xc4, 0x1d, 0xde, 0x21,
  0x1c, 0xd8, 0x21, 0x1d, 0xc2, 0x61, 0x1e, 0x66, 0x30, 0x89, 0x3b, 0xbc,
  0x83, 0x3b, 0xd0, 0x43, 0x39, 0xb4, 0x03, 0x3c, 0xbc, 0x83, 0x3c, 0x84,
  0x03, 0x3b, 0xcc, 0xf0, 0x14, 0x76, 0x60, 0x07, 0x7b, 0x68, 0x07, 0x37,
  0x68, 0x87, 0x72, 0x68, 0x07, 0x37, 0x80, 0x87, 0x70, 0x90, 0x87, 0x70,
  0x60, 0x07, 0x76, 0x28, 0x07, 0x76, 0xf8, 0x05, 0x76, 0x78, 0x87, 0x77,
  0x80, 0x87, 0x5f, 0x08, 0x87, 0x71, 0x18, 0x87, 0x72, 0x98, 0x87, 0x79,
  0x98, 0x81, 0x2c, 0xee, 0xf0, 0x0e, 0xee, 0xe0, 0x0e, 0xf5, 0xc0, 0x0e,
  0xec, 0x30, 0x03, 0x62, 0xc8, 0xa1, 0x1c, 0xe4, 0xa1, 0x1c, 0xcc, 0xa1,
  0x1c, 0xe4, 0xa1, 0x1c, 0xdc, 0x61, 0x1c, 0xca, 0x21, 0x1c, 0xc4, 0x81,
  0x1d, 0xca, 0x61, 0x06, 0xd6, 0x90, 0x43, 0x39, 0xc8, 0x43, 0x39, 0x98,
  0x43, 0x39, 0xc8, 0x43, 0x39, 0xb8, 0xc3, 0x38, 0x94, 0x43, 0x38, 0x88,
  0x03, 0x3b, 0x94, 0xc3, 0x2f, 0xbc, 0x83, 0x3c, 0xfc, 0x82, 0x3b, 0xd4,
  0x03, 0x3b, 0xb0, 0xc3, 0x0c, 0xc7, 0x69, 0x87, 0x70, 0x58, 0x87, 0x72,
  0x70, 0x83, 0x74, 0x68, 0x07, 0x78, 0x60, 0x87, 0x74, 0x18, 0x87, 0x74,
  0xa0, 0x87, 0x19, 0xce, 0x53, 0x0f, 0xee, 0x00, 0x0f, 0xf2, 0x50, 0x0e,
  0xe4, 0x90, 0x0e, 0xe3, 0x40, 0x0f, 0xe1, 0x20, 0x0e, 0xec, 0x50, 0x0e,
  0x33, 0x20, 0x28, 0x1d, 0xdc, 0xc1, 0x1e, 0xc2, 0x41, 0x1e, 0xd2, 0x21,
  0x1c, 0xdc, 0x81, 0x1e, 0xdc, 0xe0, 0x1c, 0xe4, 0xe1, 0x1d, 0xea, 0x01,
  0x1e, 0x66, 0x18, 0x51, 0x38, 0xb0, 0x43, 0x3a, 0x9c, 0x83, 0x3b, 0xcc,
  0x50, 0x24, 0x76, 0x60, 0x07, 0x7b, 0x68, 0x07, 0x37, 0x60, 0x87, 0x77,
  0x78, 0x07, 0x78, 0x98, 0x51, 0x4c, 0xf4, 0x90, 0x0f, 0xf0, 0x50, 0x0e,
  0x33, 0x1e, 0x6a, 0x1e, 0xca, 0x61, 0x1c, 0xe8, 0x21, 0x1d, 0xde, 0xc1,
  0x1d, 0x7e, 0x01, 0x1e, 0xe4, 0xa1, 0x1c, 0xcc, 0x21, 0x1d, 0xf0, 0x61,
  0x06, 0x54, 0x85, 0x83, 0x38, 0xcc, 0xc3, 0x3b, 0xb0, 0x43, 0x3d, 0xd0,
  0x43, 0x39, 0xfc, 0xc2, 0x3c, 0xe4, 0x43, 0x3b, 0x88, 0xc3, 0x3b, 0xb0,
  0xc3, 0x8c, 0xc5, 0x0a, 0x87, 0x79, 0x98, 0x87, 0x77, 0x18, 0x87, 0x74,
  0x08, 0x07, 0x7a, 0x28, 0x07, 0x72, 0x98, 0x81, 0x5c, 0xe3, 0x10, 0x0e,
  0xec, 0xc0, 0x0e, 0xe5, 0x50, 0x0e, 0xf3, 0x30, 0x23, 0xc1, 0xd2, 0x41,
  0x1e, 0xe4, 0xe1, 0x17, 0xd8, 0xe1, 0x1d, 0xde, 0x01, 0x1e, 0x66, 0x48,
  0x19, 0x3b, 0xb0, 0x83, 0x3d, 0xb4, 0x83, 0x1b, 0x84, 0xc3, 0x38, 0x8c,
  0x43, 0x39, 0xcc, 0xc3, 0x3c, 0xb8, 0xc1, 0x39, 0xc8, 0xc3, 0x3b, 0xd4,
  0x03, 0x3c, 0xcc, 0x48, 0xb4, 0x71, 0x08, 0x07, 0x76, 0x60, 0x07, 0x71,
  0x08, 0x87, 0x71, 0x58, 0x87, 0x19, 0xdb, 0xc6, 0x0e, 0xec, 0x60, 0x0f,
  0xed, 0xe0, 0x06, 0xf0, 0x20, 0x0f, 0xe5, 0x30, 0x0f, 0xe5, 0x20, 0x0f,
  0xf6, 0x50, 0x0e, 0x6e, 0x10, 0x0e, 0xe3, 0x30, 0x0e, 0xe5, 0x30, 0x0f,
  0xf3, 0xe0, 0x06, 0xe9, 0xe0, 0x0e, 0xe4, 0x50, 0x0e, 0xf8, 0x30, 0x23,
  0xe2, 0xec, 0x61, 0x1c, 0xc2, 0x81, 0x1d, 0xd8, 0xe1, 0x17, 0xec, 0x21,
  0x1d, 0xe6, 0x21, 0x1d, 0xc4, 0x21, 0x1d, 0xd8, 0x21, 0x1d, 0xe8, 0x21,
  0x1f, 0x66, 0x20, 0x9d, 0x3b, 0xbc, 0x43, 0x3d, 0xb8, 0x03, 0x39, 0x94,
  0x83, 0x39, 0xcc, 0x58, 0xbc, 0x70, 0x70, 0x07, 0x77, 0x78, 0x07, 0x7a,
  0x08, 0x07, 0x7a, 0x48, 0x87, 0x77, 0x70, 0x87, 0x19, 0xce, 0x87, 0x0e,
  0xe5, 0x10, 0x0e, 0xf0, 0x10, 0x0e, 0xec, 0xc0, 0x0e, 0xef, 0x30, 0x0e,
  0xf3, 0x90, 0x0e, 0xf4, 0x50, 0x0e, 0x33, 0x28, 0x30, 0x08, 0x87, 0x74,
  0x90, 0x07, 0x37, 0x30, 0x87, 0x7a, 0x70, 0x87, 0x71, 0xa0, 0x87, 0x74,
  0x78, 0x07, 0x77, 0xf8, 0x85, 0x73, 0x90, 0x87, 0x77, 0xa8, 0x07, 0x78,
  0x98, 0x07, 0x00, 0x00, 0x00, 0x00, 0x79, 0x20, 0x00, 0x00, 0x2a, 0x01,
  0x00, 0x00, 0x72, 0x1e, 0x48, 0x20, 0x43, 0x88, 0x0c, 0x19, 0x09, 0x72,
  0x32, 0x48, 0x20, 0x23, 0x81, 0x8c, 0x91, 0x91, 0xd1, 0x44, 0xa0, 0x10,
  0x28, 0x64, 0x3c, 0x31, 0x32, 0x42, 0x8e, 0x90, 0x21, 0xa3, 0x88, 0x06,
  0x64, 0x80, 0x4f, 0x00, 0x00, 0x00, 0x8b, 0xd2, 0x58, 0xd8, 0x06, 0x6d,
  0xd0, 0x1c, 0x14, 0x1b, 0x47, 0x06, 0x8a, 0x84, 0x44, 0xd1, 0x15, 0x15,
  0xcc, 0x30, 0x38, 0x03, 0x21, 0x08, 0xcf, 0x00, 0x06, 0xc5, 0xf0, 0x0d,
  0xc3, 0xf3, 0x00, 0x00, 0x00, 0x00, 0x53, 0x44, 0x4b, 0x20, 0x56, 0x65,
  0x72, 0x73, 0x69, 0x6f, 0x6e, 0x77, 0x63, 0x68, 0x61, 0x72, 0x5f, 0x73,
  0x69, 0x7a, 0x65, 0x66, 0x72, 0x61, 0x6d, 0x65, 0x2d, 0x70, 0x6f, 0x69,
  0x6e, 0x74, 0x65, 0x72, 0x61, 0x69, 0x72, 0x2e, 0x6d, 0x61, 0x78, 0x5f,
  0x64, 0x65, 0x76, 0x69, 0x63, 0x65, 0x5f, 0x62, 0x75, 0x66, 0x66, 0x65,
  0x72, 0x73, 0x61, 0x69, 0x72, 0x2e, 0x6d, 0x61, 0x78, 0x5f, 0x63, 0x6f,
  0x6e, 0x73, 0x74, 0x61, 0x6e, 0x74, 0x5f, 0x62, 0x75, 0x66, 0x66, 0x65,
  0x72, 0x73, 0x61, 0x69, 0x72, 0x2e, 0x6d, 0x61, 0x78, 0x5f, 0x74, 0x68,
  0x72, 0x65, 0x61, 0x64, 0x67, 0x72, 0x6f, 0x75, 0x70, 0x5f, 0x62, 0x75,
  0x66, 0x66, 0x65, 0x72, 0x73, 0x61, 0x69, 0x72, 0x2e, 0x6d, 0x61, 0x78,
  0x5f, 0x74, 0x65, 0x78, 0x74, 0x75, 0x72, 0x65, 0x73, 0x61, 0x69, 0x72,
  0x2e, 0x6d, 0x61, 0x78, 0x5f, 0x72, 0x65, 0x61, 0x64, 0x5f, 0x77, 0x72,
  0x69, 0x74, 0x65, 0x5f, 0x74, 0x65, 0x78, 0x74, 0x75, 0x72, 0x65, 0x73,
  0x61, 0x69, 0x72, 0x2e, 0x6d, 0x61, 0x78, 0x5f, 0x73, 0x61, 0x6d, 0x70,
  0x6c, 0x65, 0x72, 0x73, 0x41, 0x70, 0x70, 0x6c, 0x65, 0x20, 0x6d, 0x65,
  0x74, 0x61, 0x6c, 0x20, 0x76, 0x65, 0x72, 0x73, 0x69, 0x6f, 0x6e, 0x20,
  0x33, 0x32, 0x30, 0x32, 0x33, 0x2e, 0x39, 0x31, 0x37, 0x20, 0x28, 0x6d,
  0x65, 0x74, 0x61, 0x6c, 0x66, 0x65, 0x2d, 0x33, 0x32, 0x30, 0x32, 0x33,
  0x2e, 0x39, 0x31, 0x37, 0x2e, 0x32, 0x29, 0x4d, 0x65, 0x74, 0x61, 0x6c,
  0x61, 0x69, 0x72, 0x2e, 0x63, 0x6f, 0x6d, 0x70, 0x69, 0x6c, 0x65, 0x2e,
  0x64, 0x65, 0x6e, 0x6f, 0x72, 0x6d, 0x73, 0x5f, 0x64, 0x69, 0x73, 0x61,
  0x62, 0x6c, 0x65, 0x61, 0x69, 0x72, 0x2e, 0x63, 0x6f, 0x6d, 0x70, 0x69,
  0x6c, 0x65, 0x2e, 0x66, 0x61, 0x73, 0x74, 0x5f, 0x6d, 0x61, 0x74, 0x68,
  0x5f, 0x65, 0x6e, 0x61, 0x62, 0x6c, 0x65, 0x61, 0x69, 0x72, 0x2e, 0x63,
  0x6f, 0x6d, 0x70, 0x69, 0x6c, 0x65, 0x2e, 0x66, 0x72, 0x61, 0x6d, 0x65,
  0x62, 0x75, 0x66, 0x66, 0x65, 0x72, 0x5f, 0x66, 0x65, 0x74, 0x63, 0x68,
  0x5f, 0x65, 0x6e, 0x61, 0x62, 0x6c, 0x65, 0x61, 0x69, 0x72, 0x2e, 0x62,
  0x75, 0x66, 0x66, 0x65, 0x72, 0x61, 0x69, 0x72, 0x2e, 0x6c, 0x6f, 0x63,
  0x61, 0x74, 0x69, 0x6f, 0x6e, 0x5f, 0x69, 0x6e, 0x64, 0x65, 0x78, 0x61,
  0x69, 0x72, 0x2e, 0x72, 0x65, 0x61, 0x64, 0x61, 0x69, 0x72, 0x2e, 0x61,
  0x64, 0x64, 0x72, 0x65, 0x73, 0x73, 0x5f, 0x73, 0x70, 0x61, 0x63, 0x65,
  0x61, 0x69, 0x72, 0x2e, 0x61, 0x72, 0x67, 0x5f, 0x74, 0x79, 0x70, 0x65,
  0x5f, 0x73, 0x69, 0x7a, 0x65, 0x61, 0x69, 0x72, 0x2e, 0x61, 0x72, 0x67,
  0x5f, 0x74, 0x79, 0x70, 0x65, 0x5f, 0x61, 0x6c, 0x69, 0x67, 0x6e, 0x5f,
  0x73, 0x69, 0x7a, 0x65, 0x61, 0x69, 0x72, 0x2e, 0x61, 0x72, 0x67, 0x5f,
  0x74, 0x79, 0x70, 0x65, 0x5f, 0x6e, 0x61, 0x6d, 0x65, 0x66, 0x6c, 0x6f,
  0x61, 0x74, 0x61, 0x69, 0x72, 0x2e, 0x61, 0x72, 0x67, 0x5f, 0x6e, 0x61,
  0x6d, 0x65, 0x73, 0x72, 0x63, 0x77, 0x74, 0x73, 0x61, 0x69, 0x72, 0x2e,
  0x72, 0x65, 0x61, 0x64, 0x5f, 0x77, 0x72, 0x69, 0x74, 0x65, 0x64, 0x73,
  0x74, 0x75, 0x69, 0x6e, 0x74, 0x6b, 0x70, 0x63, 0x70, 0x61, 0x69, 0x72,
  0x2e, 0x62, 0x75, 0x66, 0x66, 0x65, 0x72, 0x5f, 0x73, 0x69, 0x7a, 0x65,
  0x65, 0x70, 0x69, 0x61, 0x69, 0x72, 0x2e, 0x74, 0x68, 0x72, 0x65, 0x61,
  0x64, 0x67, 0x72, 0x6f, 0x75, 0x70, 0x5f, 0x70, 0x6f, 0x73, 0x69, 0x74,
  0x69, 0x6f, 0x6e, 0x5f, 0x69, 0x6e, 0x5f, 0x67, 0x72, 0x69, 0x64, 0x75,
  0x69, 0x6e, 0x74, 0x33, 0x74, 0x67, 0x70, 0x61, 0x69, 0x72, 0x2e, 0x74,
  0x68, 0x72, 0x65, 0x61, 0x64, 0x5f, 0x69, 0x6e, 0x64, 0x65, 0x78, 0x5f,
  0x69, 0x6e, 0x5f, 0x74, 0x68, 0x72, 0x65, 0x61, 0x64, 0x67, 0x72, 0x6f,
  0x75, 0x70, 0x6c, 0x69, 0x64, 0x69, 0x6e, 0x74, 0x6f, 0x6d, 0x6e, 0x69,
  0x70, 0x6f, 0x74, 0x65, 0x6e, 0x74, 0x20, 0x63, 0x68, 0x61, 0x72, 0x53,
  0x69, 0x6d, 0x70, 0x6c, 0x65, 0x20, 0x43, 0x2b, 0x2b, 0x20, 0x54, 0x42,
  0x41, 0x41, 0x66, 0x9f, 0x00, 0x00, 0x00, 0x00, 0x00, 0x00, 0x30, 0x82,
  0x90, 0x30, 0x23, 0x08, 0x63, 0x00, 0x06, 0x23, 0x08, 0x49, 0x33, 0x82,
  0x90, 0x38, 0x23, 0x08, 0xc9, 0x33, 0x82, 0x90, 0x40, 0x23, 0x08, 0x49,
  0x34, 0x82, 0x90, 0x48, 0x23, 0x08, 0xc9, 0x34, 0x82, 0x90, 0x50, 0x23,
  0x08, 0x49, 0x35, 0x82, 0xd0, 0x08, 0x23, 0x08, 0x89, 0x35, 0x82, 0x90,
  0x5c, 0x23, 0x08, 0x09, 0x36, 0x82, 0x90, 0x64, 0x23, 0x08, 0x89, 0x36,
  0x82, 0x80, 0x6d, 0x33, 0x0c, 0x69, 0x10, 0xa8, 0xc1, 0x0c, 0xc3, 0x1a,
  0x08, 0x6c, 0x30, 0xc3, 0xd0, 0x06, 0x43, 0x1a, 0xcc, 0x30, 0xb4, 0x01,
  0xe1, 0x06, 0x33, 0x0c, 0x6d, 0x50, 0xb8, 0xc1, 0x0c, 0x43, 0x1b, 0x18,
  0x6e, 0x30, 0xc3, 0xd0, 0x06, 0xc7, 0x1b, 0xcc, 0x30, 0xb4, 0x01, 0x02,
  0x07, 0x33, 0x0c, 0x6d, 0x90, 0xc4, 0xc1, 0x0c, 0x81, 0x32, 0xc3, 0x90,
  0x06, 0x6d, 0x20, 0x07, 0x33, 0x10, 0xcb, 0x1c, 0xa4, 0x81, 0x1c, 0xcc,
  0x10, 0x30, 0x33, 0x04, 0xcd, 0x0c, 0x81, 0x33, 0x03, 0x30, 0x03, 0x24,
  0x07, 0x0f, 0x24, 0x07, 0x6b, 0x10, 0x49, 0x6b, 0x30, 0xb1, 0x01, 0xc5,
  0x06, 0x95, 0x75, 0x61, 0x33, 0x40, 0x6b, 0xf0, 0x40, 0x6b, 0xb0, 0x06,
  0x91, 0xb4, 0x06, 0x13, 0x1b, 0x50, 0x6c, 0x50, 0x59, 0x57, 0x36, 0x03,
  0x94, 0x06, 0x0f, 0x94, 0x06, 0x6b, 0xa0, 0x49, 0x6b, 0x30, 0xb1, 0x01,
  0xc5, 0x06, 0x95, 0x75, 0x6d, 0x33, 0x40, 0x73, 0xf0, 0x40, 0x75, 0xb0,
  0x06, 0x91, 0x94, 0x06, 0x13, 0x1b, 0x50, 0x6c, 0x50, 0x71, 0x57, 0x37,
  0x03, 0xc4, 0x06, 0x0f, 0x64, 0x07, 0x6b, 0x10, 0x49, 0x69, 0x30, 0xb1,
  0x01, 0xc5, 0x06, 0x15, 0x77, 0x79, 0x33, 0x48, 0x77, 0xf0, 0x7c, 0x6c,
  0x00, 0xe1, 0xc1, 0x1a, 0x44, 0x52, 0x1a, 0x4c, 0x6c, 0x40, 0xb1, 0x41,
  0xc5, 0x5d, 0x60, 0x30, 0x83, 0x91, 0x07, 0x61, 0x50, 0x89, 0xc1, 0x35,
  0x06, 0x33, 0x18, 0x6d, 0x40, 0x06, 0x15, 0x77, 0x95, 0xc1, 0x0c, 0xc8,
  0x2a, 0xb0, 0x42, 0x2b, 0xb8, 0xc2, 0x2b, 0xc0, 0x42, 0x2c, 0xc8, 0xc2,
  0x0c, 0x03, 0x1d, 0xa8, 0xc2, 0x2c, 0xcc, 0x10, 0xa0, 0xc1, 0x0c, 0xc3,
  0x19, 0xd4, 0x82, 0x1e, 0xcc, 0x30, 0x98, 0x81, 0x2d, 0xe8, 0xc1, 0x0c,
  0xc3, 0x2d, 0xdc, 0x82, 0x1e, 0x1c, 0x1c, 0x00, 0x1c, 0x1a, 0x70, 0x1c,
  0xc7, 0x71, 0x1c, 0xc7, 0x71, 0x1c, 0xc7, 0x71, 0x1c, 0xc7, 0xb9, 0x81,
  0x1b, 0xb8, 0x81, 0x1b, 0xb8, 0x81, 0x1b, 0xb8, 0x81, 0x1b, 0xb8, 0x81,
  0x45, 0x07, 0x7a, 0x60, 0x59, 0x16, 0x44, 0x13, 0x34, 0x41, 0x13, 0x34,
  0x41, 0x13, 0x6c, 0xc1, 0x0a, 0xa6, 0x00, 0x0f, 0x74, 0xc0, 0xd1, 0x01,
  0x1d, 0xc8, 0x48, 0x60, 0x82, 0x32, 0x62, 0x63, 0xb3, 0x6b, 0x73, 0x69,
  0x7b, 0x23, 0xab, 0x63, 0x2b, 0x73, 0x31, 0x63, 0x0b, 0x3b, 0x9b, 0x1b,
  0x25, 0xd1, 0x83, 0x3d, 0xe0, 0x83, 0x3e, 0xf0, 0x83, 0x3f, 0x00, 0x85,
  0x50, 0x10, 0x85, 0x54, 0xd8, 0xd8, 0xec, 0xda, 0x5c, 0xd2, 0xc8, 0xca,
  0xdc, 0xe8, 0x46, 0x09, 0x46, 0x21, 0x97, 0xb0, 0x34, 0x39, 0x17, 0xbb,
  0x32, 0xb9, 0xb9, 0xb4, 0x37, 0xb7, 0x51, 0x02, 0x52, 0x48, 0x2a, 0x2c,
  0x4d, 0xce, 0x85, 0x2d, 0xcc, 0xed, 0xac, 0x2e, 0xec, 0xac, 0xec, 0xcb,
  0xae, 0x4c, 0x6e, 0x2e, 0xed, 0xcd, 0x6d, 0x94, 0xa0, 0x14, 0x72, 0x0a,
  0x4b, 0x93, 0x73, 0x19, 0x7b, 0x6b, 0x83, 0x4b, 0x63, 0x2b, 0xfb, 0x7a,
  0x83, 0xa3, 0x4b, 0x7b, 0x73, 0x9b, 0x1b, 0x65, 0x30, 0x85, 0x53, 0x40,
  0x85, 0x54, 0xc2, 0xd2, 0xe4, 0x5c, 0xd6, 0xca, 0xe4, 0xdc, 0xca, 0xd8,
  0x46, 0x09, 0x66, 0x01, 0x00, 0x00, 0xa9, 0x18, 0x00, 0x00, 0x25, 0x00,
  0x00, 0x00, 0x0b, 0x0a, 0x72, 0x28, 0x87, 0x77, 0x80, 0x07, 0x7a, 0x58,
  0x70, 0x98, 0x43, 0x3d, 0xb8, 0xc3, 0x38, 0xb0, 0x43, 0x39, 0xd0, 0xc3,
  0x82, 0xe6, 0x1c, 0xc6, 0xa1, 0x0d, 0xe8, 0x41, 0x1e, 0xc2, 0xc1, 0x1d,
  0xe6, 0x21, 0x1d, 0xe8, 0x21, 0x1d, 0xde, 0xc1, 0x1d, 0x16, 0x34, 0xe3,
  0x60, 0x0e, 0xe7, 0x50, 0x0f, 0xe1, 0x20, 0x0f, 0xe4, 0x40, 0x0f, 0xe1,
  0x20, 0x0f, 0xe7, 0x50, 0x0e, 0xf4, 0xb0, 0x80, 0x81, 0x07, 0x79, 0x28,
  0x87, 0x70, 0x60, 0x07, 0x76, 0x78, 0x87, 0x71, 0x08, 0x07, 0x7a, 0x28,
  0x07, 0x72, 0x58, 0x70, 0x9c, 0xc3, 0x38, 0xb4, 0x01, 0x3b, 0xa4, 0x83,
  0x3d, 0x94, 0xc3, 0x02, 0x6b, 0x1c, 0xd8, 0x21, 0x1c, 0xdc, 0xe1, 0x1c,
  0xdc, 0x20, 0x1c, 0xe4, 0x61, 0x1c, 0xdc, 0x20, 0x1c, 0xe8, 0x81, 0x1e,
  0xc2, 0x61, 0x1c, 0xd0, 0xa1, 0x1c, 0xc8, 0x61, 0x1c, 0xc2, 0x81, 0x1d,
  0xd8, 0x61, 0xc1, 0x01, 0x0f, 0xf4, 0x20, 0x0f, 0xe1, 0x50, 0x0f, 0xf4,
  0x80, 0x0e, 0x00, 0x00, 0x00, 0x00, 0xd1, 0x10, 0x00, 0x00, 0x06, 0x00,
  0x00, 0x00, 0x07, 0xcc, 0x3c, 0xa4, 0x83, 0x3b, 0x9c, 0x03, 0x3b, 0x94,
  0x03, 0x3d, 0xa0, 0x83, 0x3c, 0x94, 0x43, 0x38, 0x90, 0xc3, 0x01, 0x00,
  0x00, 0x00, 0x61, 0x20, 0x00, 0x00, 0x52, 0x00, 0x00, 0x00, 0x13, 0x04,
  0x41, 0x2c, 0x10, 0x00, 0x00, 0x00, 0x06, 0x00, 0x00, 0x00, 0x84, 0x8c,
  0x00, 0x90, 0x33, 0xd4, 0x21, 0x0c, 0x00, 0xb6, 0x61, 0x1b, 0x3d, 0x43,
  0x1d, 0x85, 0x11, 0x60, 0x1b, 0xb6, 0x01, 0x00, 0x00, 0x00, 0xf1, 0x30,
  0x00, 0x00, 0x3c, 0x00, 0x00, 0x00, 0x22, 0x47, 0xc8, 0x90, 0x51, 0x1e,
  0xc8, 0x59, 0x00, 0x00, 0x00, 0x00, 0x9b, 0x65, 0x59, 0x96, 0x65, 0x01,
  0x00, 0x00, 0x61, 0x69, 0x72, 0x2d, 0x61, 0x6c, 0x69, 0x61, 0x73, 0x2d,
  0x73, 0x63, 0x6f, 0x70, 0x65, 0x73, 0x28, 0x6e, 0x76, 0x63, 0x6f, 0x6e,
  0x76, 0x33, 0x5f, 0x62, 0x29, 0x61, 0x69, 0x72, 0x2d, 0x61, 0x6c, 0x69,
  0x61, 0x73, 0x2d, 0x73, 0x63, 0x6f, 0x70, 0x65, 0x2d, 0x61, 0x72, 0x67,
  0x28, 0x35, 0x29, 0x61, 0x69, 0x72, 0x2d, 0x61, 0x6c, 0x69, 0x61, 0x73,
  0x2d, 0x73, 0x63, 0x6f, 0x70, 0x65, 0x2d, 0x61, 0x72, 0x67, 0x28, 0x34,
  0x29, 0x61, 0x69, 0x72, 0x2d, 0x61, 0x6c, 0x69, 0x61, 0x73, 0x2d, 0x73,
  0x63, 0x6f, 0x70, 0x65, 0x2d, 0x61, 0x72, 0x67, 0x28, 0x33, 0x29, 0x61,
  0x69, 0x72, 0x2d, 0x61, 0x6c, 0x69, 0x61, 0x73, 0x2d, 0x73, 0x63, 0x6f,
  0x70, 0x65, 0x2d, 0x61, 0x72, 0x67, 0x28, 0x32, 0x29, 0x61, 0x69, 0x72,
  0x2d, 0x61, 0x6c, 0x69, 0x61, 0x73, 0x2d, 0x73, 0x63, 0x6f, 0x70, 0x65,
  0x2d, 0x61, 0x72, 0x67, 0x28, 0x31, 0x29, 0x61, 0x69, 0x72, 0x2d, 0x61,
  0x6c, 0x69, 0x61, 0x73, 0x2d, 0x73, 0x63, 0x6f, 0x70, 0x65, 0x2d, 0x61,
  0x72, 0x67, 0x28, 0x30, 0x29, 0x00, 0x2b, 0x04, 0x70, 0xc8, 0x85, 0x15,
  0x43, 0x38, 0x80, 0x83, 0x2e, 0xac, 0x18, 0xc4, 0x01, 0x1c, 0x76, 0x61,
  0xc5, 0x30, 0x0e, 0xe0, 0xc0, 0x0b, 0x2b, 0x06, 0x72, 0x00, 0x87, 0x5e,
  0x58, 0x31, 0x94, 0x03, 0x38, 0xf8, 0xc2, 0x8a, 0xc1, 0x1c, 0xc0, 0xe1,
  0x17, 0x36, 0x04, 0xe1, 0xb0, 0xa1, 0x30, 0x87, 0x72, 0x20, 0x87, 0x71,
  0x10, 0x07, 0x00, 0x00, 0x00, 0x00, 0x64, 0x24, 0x63, 0xc4, 0x00, 0x3a,
  0x62, 0x10, 0x0c, 0x20, 0x35, 0x60, 0x16, 0x85, 0x20, 0x82, 0x04, 0x31,
  0x8a, 0x41, 0xd0, 0x80, 0x18, 0x00, 0x03, 0x00, 0x00, 0x00, 0x5b, 0x0e,
  0x20, 0xb8, 0x85, 0xc3, 0x1c, 0x90, 0x73, 0x00, 0x00, 0x00, 0x00, 0x00,
  0x00, 0x00, 0x61, 0x20, 0x00, 0x00, 0x7c, 0x02, 0x00, 0x00, 0x13, 0x04,
  0x79, 0x10, 0x0b, 0x04, 0x00, 0x00, 0x14, 0x00, 0x00, 0x00, 0x94, 0x94,
  0x47, 0x0d, 0x14, 0x54, 0xe1, 0x15, 0x68, 0x40, 0x49, 0x14, 0x45, 0x59,
  0x10, 0x56, 0x40, 0x05, 0x52, 0x10, 0x05, 0x28, 0x50, 0x42, 0x45, 0x54,
  0x46, 0xa5, 0x54, 0x4c, 0xe5, 0x54, 0x50, 0x25, 0x55, 0x58, 0xa5, 0x55,
  0x5c, 0xe5, 0x55, 0x60, 0x25, 0x56, 0x12, 0x45, 0x51, 0x16, 0x85, 0x53,
  0x3a, 0xc5, 0x53, 0x3e, 0x25, 0x40, 0xdf, 0x08, 0x00, 0x01, 0x23, 0x00,
  0x63, 0x04, 0x20, 0x08, 0x82, 0xf8, 0x37, 0x46, 0x00, 0x82, 0x20, 0xc8,
  0x82, 0x01, 0x21, 0x23, 0x00, 0x00, 0xf1, 0x30, 0x00, 0x00, 0x23, 0x00,
  0x00, 0x00, 0x22, 0x47, 0xc8, 0x90, 0x51, 0x0a, 0x84, 0x07, 0x84, 0x05,
  0x00, 0x00, 0x62, 0x6f, 0x6f, 0x6c, 0x6c, 0x6c, 0x76, 0x6d, 0x2e, 0x6c,
  0x6f, 0x6f, 0x70, 0x2e, 0x6d, 0x75, 0x73, 0x74, 0x70, 0x72, 0x6f, 0x67,
  0x72, 0x65, 0x73, 0x73, 0x00, 0x00, 0x13, 0x84, 0x8c, 0x9b, 0x20, 0x64,
  0xdd, 0x0a, 0xa1, 0x17, 0xd6, 0x61, 0x85, 0xe0, 0x0b, 0xeb, 0xb0, 0x42,
  0xf8, 0x85, 0x75, 0x58, 0x21, 0x80, 0xc3, 0x3a, 0xac, 0x10, 0xc2, 0x61,
  0x1d, 0x56, 0x08, 0xe2, 0xb0, 0x0e, 0x2b, 0x84, 0x71, 0x58, 0x87, 0x15,
  0x02, 0x39, 0xac, 0xc3, 0x0a, 0xa1, 0x1c, 0xd6, 0x61, 0x85, 0x60, 0x0e,
  0xeb, 0xb0, 0x42, 0x38, 0x87, 0x75, 0x58, 0x21, 0xa0, 0xc3, 0x3a, 0x6c,
  0x18, 0x72, 0xc1, 0x16, 0xf4, 0x60, 0xc3, 0x90, 0x0e, 0xe9, 0xa0, 0x07,
  0x1b, 0x02, 0x5d, 0xd8, 0x20, 0xec, 0x02, 0x2f, 0x6c, 0x18, 0x2c, 0x5b,
  0xd0, 0x83, 0x0d, 0x43, 0x3b, 0xb4, 0x83, 0x1e, 0x00, 0x00, 0x33, 0x11,
  0x64, 0x90, 0x34, 0xa3, 0x30, 0x13, 0x41, 0x06, 0x49, 0x33, 0x0a, 0x33,
  0x11, 0x64, 0x90, 0x34, 0xa3, 0x30, 0x13, 0x61, 0x06, 0x49, 0x13, 0x0a,
  0x33, 0x11, 0x69, 0x90, 0x34, 0xa3, 0x30, 0x13, 0x81, 0x06, 0x49, 0x33,
  0x0a, 0x33, 0x11, 0x6c, 0x90, 0x34, 0xa3, 0x30, 0x13, 0x81, 0x06, 0x49,
  0x33, 0x0a, 0x3d, 0x11, 0xe8, 0xe0, 0x0c, 0x28, 0x48, 0x46, 0x4f, 0x04,
  0x3b, 0x28, 0x03, 0x0a, 0x92, 0xd1, 0x13, 0x01, 0x0f, 0xcc, 0x80, 0x82,
  0x64, 0xf4, 0x44, 0xd0, 0x83, 0x33, 0xa0, 0x20, 0x19, 0x3d, 0x11, 0xf8,
  0x00, 0x0d, 0x28, 0x48, 0x46, 0x4f, 0x04, 0x3f, 0x48, 0x03, 0x0a, 0x92,
  0xd1, 0x13, 0x01, 0x14, 0xd4, 0x80, 0x82, 0x64, 0xf4, 0x44, 0x10, 0x85,
  0x35, 0xa0, 0x20, 0x19, 0x3d, 0x11, 0x48, 0x81, 0x0d, 0x28, 0x48, 0x46,
  0x4f, 0x04, 0x53, 0x68, 0x03, 0x0a, 0x92, 0xd1, 0x13, 0x01, 0x15, 0xdc,
  0x80, 0x82, 0x64, 0xf4, 0x44, 0x50, 0x85, 0x37, 0xa0, 0x20, 0x19, 0x3d,
  0x11, 0x58, 0x01, 0x0e, 0x28, 0x48, 0x46, 0x4f, 0x04, 0x57, 0x88, 0x03,
  0x0a, 0x92, 0xd1, 0x13, 0x01, 0x16, 0xe4, 0x80, 0x82, 0x64, 0xf4, 0x44,
  0x98, 0x85, 0x51, 0xa0, 0x20, 0x19, 0x3d, 0x11, 0x6a, 0xa1, 0x0e, 0x28,
  0x48, 0x46, 0x4f, 0x84, 0x5b, 0xb0, 0x03, 0x0a, 0x92, 0xd1, 0x13, 0x21,
  0x17, 0xee, 0x80, 0x82, 0x64, 0xf4, 0x44, 0xd8, 0x05, 0x3c, 0xa0, 0x20,
  0x19, 0x3d, 0x11, 0x7a, 0x21, 0x0f, 0x28, 0x48, 0x46, 0x4f, 0x84, 0x5f,
  0xd0, 0x03, 0x0a, 0x92, 0xd1, 0x13, 0x21, 0x1c, 0xf6, 0x80, 0x82, 0x64,
  0x0c, 0x37, 0x94, 0xc3, 0x1d, 0x84, 0xc1, 0x70, 0xc3, 0x39, 0xe0, 0x01,
  0x18, 0x4c, 0x37, 0xf4, 0x02, 0x2f, 0x04, 0xd3, 0x0d, 0xbc, 0x10, 0x0c,
  0x18, 0xf0, 0x03, 0x0c, 0x64, 0x80, 0x45, 0x4f, 0x84, 0x74, 0x08, 0x28,
  0x48, 0x06, 0x16, 0xe0, 0x00, 0x03, 0x19, 0x60, 0xd1, 0x13, 0xa1, 0x1d,
  0x02, 0x0a, 0x92, 0x81, 0xc9, 0x38, 0xc0, 0x40, 0x06, 0x58, 0xf4, 0x44,
  0x88, 0x87, 0x80, 0x82, 0x64, 0x60, 0x63, 0x0e, 0x30, 0x90, 0x01, 0x16,
  0x3d, 0x11, 0xea, 0x21, 0xa0, 0x20, 0x19, 0x37, 0x07, 0x79, 0x20, 0x17,
  0xc8, 0x81, 0x8c, 0x21, 0xdc, 0x43, 0x49, 0x5c, 0x20, 0x13, 0x37, 0x86,
  0x90, 0x0f, 0xb4, 0x70, 0xa6, 0x60, 0x0f, 0x3a, 0xdc, 0x10, 0xc0, 0x04,
  0x18, 0xdc, 0x3e, 0xdc, 0x04, 0xa6, 0x2c, 0x68, 0x3b, 0x62, 0x60, 0x20,
  0x20, 0x08, 0x06, 0x9b, 0x4f, 0xc8, 0x43, 0x90, 0xb2, 0xa0, 0xed, 0x88,
  0x81, 0x81, 0x80, 0x20, 0x18, 0x6c, 0x3f, 0x31, 0x0f, 0x41, 0xca, 0x82,
  0xb6, 0x23, 0x06, 0x06, 0x02, 0x82, 0x60, 0xb0, 0x81, 0x05, 0x3d, 0x04,
  0xdd, 0x1c, 0x64, 0xc1, 0x25, 0x5c, 0x62, 0xc4, 0xc0, 0x40, 0x40, 0x10,
  0x0c, 0xb6, 0xb0, 0x98, 0x87, 0xe0, 0x92, 0x02, 0x66, 0x09, 0x88, 0x53,
  0x05, 0x57, 0x90, 0x0b, 0x52, 0x41, 0x6e, 0x99, 0x89, 0x3b, 0x92, 0x08,
  0x09, 0xc5, 0x60, 0x2c, 0x6e, 0x20, 0x71, 0x41, 0xdb, 0x11, 0x03, 0x03,
  0x01, 0x41, 0x30, 0xd8, 0xd0, 0x22, 0x1f, 0x82, 0x11, 0x03, 0x24, 0x01,
  0x41, 0x30, 0x00, 0x03, 0xb3, 0x08, 0x6a, 0x22, 0x1f, 0xc4, 0x61, 0xb8,
  0xa1, 0xe8, 0x09, 0x30, 0x98, 0x65, 0x10, 0x86, 0x00, 0x9b, 0x9e, 0xb8,
  0x81, 0x23, 0x8c, 0x9d, 0x25, 0x28, 0xd2, 0xc0, 0x22, 0x79, 0x41, 0xdb,
  0x3b, 0x92, 0x4d, 0x09, 0x8b, 0xf4, 0x05, 0x6d, 0xd3, 0x17, 0xb4, 0xc5,
  0xaa, 0x2c, 0x6e, 0x60, 0x96, 0xc0, 0x18, 0xa8, 0x48, 0x5c, 0x05, 0x28,
  0x03, 0x02, 0x03, 0xb7, 0xb8, 0x81, 0x9b, 0x02, 0x18, 0x6e, 0x08, 0x3e,
  0x32, 0x48, 0x02, 0x8b, 0x6e, 0x0e, 0xe9, 0x50, 0x16, 0x41, 0x0e, 0x59,
  0x0c, 0x1b, 0x10, 0x42, 0x10, 0x00, 0x57, 0xdc, 0x42, 0x9d, 0x81, 0x0b,
  0x73, 0xc1, 0x2d, 0xd4, 0x09, 0xb8, 0x30, 0x9d, 0x1c, 0xe4, 0x61, 0x2d,
  0x8e, 0x61, 0x03, 0x22, 0x10, 0x06, 0xe0, 0x0a, 0x5a, 0x10, 0x0c, 0x72,
  0x01, 0x04, 0x3a, 0x39, 0xd0, 0x83, 0x5b, 0x28, 0xc3, 0x06, 0x44, 0x20,
  0x0c, 0xc0, 0x19, 0xb5, 0x20, 0x18, 0xe8, 0x02, 0x08, 0x74, 0x72, 0xb0,
  0x87, 0xb8, 0x68, 0x86, 0x0d, 0x88, 0x40, 0x18, 0x00, 0x94, 0x40, 0x03,
  0x06, 0x86, 0x1b, 0x02, 0xbe, 0x00, 0x83, 0x59, 0x86, 0x80, 0x08, 0x06,
  0x2a, 0x12, 0x3c, 0x10, 0xe4, 0xa0, 0x1b, 0xa8, 0x48, 0xf8, 0x40, 0x60,
  0x83, 0xee, 0x02, 0x38, 0x80, 0xe1, 0x06, 0xb6, 0x20, 0x0d, 0x30, 0x98,
  0x25, 0x30, 0x83, 0x81, 0x8a, 0xc4, 0x5f, 0x86, 0xbe, 0xe8, 0x66, 0x19,
  0x0e, 0x04, 0x0e, 0x2e, 0xb8, 0x87, 0x3a, 0x01, 0x1f, 0xe6, 0x82, 0x7a,
  0xa8, 0x13, 0xec, 0x61, 0x66, 0x09, 0x90, 0x81, 0x8a, 0x44, 0x38, 0x50,
  0xc6, 0x18, 0xa8, 0x48, 0x8c, 0x43, 0x65, 0x8c, 0x81, 0x8a, 0x84, 0x39,
  0x58, 0xc6, 0x38, 0xa4, 0x0d, 0x76, 0xb8, 0x21, 0x80, 0x03, 0x32, 0x98,
  0x65, 0x48, 0x98, 0x60, 0x96, 0x41, 0x59, 0xf2, 0xe0, 0x86, 0x37, 0x80,
  0x59, 0x02, 0xe6, 0x86, 0x90, 0xa8, 0x23, 0x44, 0x62, 0x2e, 0xf8, 0x87,
  0x3a, 0x01, 0x24, 0x66, 0x96, 0x80, 0x19, 0xe8, 0x48, 0x28, 0x45, 0x58,
  0x78, 0x06, 0x19, 0xe8, 0x48, 0x28, 0xc5, 0x58, 0x7c, 0x06, 0x19, 0xe8,
  0x48, 0x1c, 0x85, 0x59, 0xc0, 0x06, 0x39, 0xc1, 0x1d, 0xe4, 0x88, 0x76,
  0x90, 0x1b, 0xd8, 0x41, 0x66, 0x09, 0x9c, 0xab, 0x46, 0x01, 0x46, 0x0c,
  0x0c, 0x04, 0x04, 0xc1, 0x60, 0x03, 0x8f, 0xb9, 0xa0, 0x83, 0x11, 0x03,
  0x44, 0x01, 0x41, 0x30, 0x00, 0x03, 0xdf, 0xa0, 0x83, 0xd6, 0x98, 0x0b,
  0x9d, 0x18, 0x6e, 0x08, 0xfa, 0x80, 0x0c, 0x66, 0x19, 0x26, 0x2d, 0x18,
  0xa8, 0x48, 0xd8, 0x86, 0x29, 0x05, 0x69, 0x96, 0xe1, 0x91, 0x9e, 0x0c,
  0xb0, 0xe8, 0xe6, 0x50, 0x13, 0xb1, 0x11, 0x50, 0x90, 0x85, 0xe1, 0x86,
  0x40, 0x36, 0xc0, 0x60, 0x96, 0x41, 0x82, 0x82, 0x4e, 0x0e, 0x3a, 0x41,
  0x1b, 0x04, 0x05, 0xc9, 0xc0, 0x80, 0x01, 0x81, 0x4e, 0x0e, 0x3c, 0x71,
  0x1b, 0x07, 0x05, 0xc9, 0xc0, 0xc0, 0x01, 0x81, 0xe1, 0x06, 0xe2, 0x34,
  0xcc, 0x60, 0xb8, 0x41, 0x40, 0x0d, 0x33, 0x98, 0x6e, 0x08, 0xd0, 0x42,
  0x18, 0x6e, 0x38, 0x62, 0x82, 0x0c, 0xa6, 0x1b, 0x02, 0xb5, 0x10, 0x86,
  0x1b, 0x8c, 0x98, 0x20, 0x83, 0xe9, 0x86, 0x80, 0x2d, 0x84, 0x59, 0x86,
  0x48, 0x0a, 0x6e, 0xf9, 0x07, 0xb9, 0xc0, 0x82, 0x53, 0xfe, 0x41, 0x4e,
  0x08, 0xa0, 0x93, 0x03, 0x5b, 0x94, 0x47, 0x45, 0x41, 0x32, 0x2e, 0x08,
  0x09, 0x39, 0x22, 0x80, 0x0c, 0xb0, 0xe8, 0x80, 0x40, 0x1e, 0x01, 0x05,
  0xc0, 0x98, 0x25, 0x90, 0x06, 0x4a, 0x00, 0x77, 0x79, 0xdc, 0xc5, 0x11,
  0x22, 0x77, 0x81, 0xd0, 0xd3, 0x8f, 0x1b, 0xc0, 0x80, 0x1c, 0x60, 0x20,
  0x03, 0x2c, 0x7a, 0x30, 0x80, 0xc7, 0x2d, 0x04, 0xc3, 0x06, 0x44, 0x50,
  0x0c, 0x00, 0x8a, 0xc1, 0x7f, 0xc0, 0xc0, 0x70, 0x43, 0xb0, 0x1f, 0x60,
  0x30, 0xcb, 0xd0, 0x38, 0xc1, 0x2c, 0x03, 0x55, 0xa9, 0xc3, 0xd1, 0x41,
  0x3a, 0xc0, 0x2c, 0x81, 0x75, 0x67, 0x20, 0x17, 0x75, 0x68, 0x30, 0x17,
  0x73, 0x01, 0x5c, 0xd4, 0x09, 0x71, 0x31, 0xb3, 0x04, 0xd6, 0x40, 0x45,
  0xa2, 0x50, 0x48, 0x35, 0x50, 0x91, 0xd8, 0x03, 0x65, 0x54, 0x03, 0x15,
  0x89, 0x3e, 0x50, 0x46, 0x75, 0x43, 0x4c, 0xc8, 0x0d, 0x30, 0x21, 0x17,
  0x08, 0x70, 0x04, 0x4c, 0xc8, 0x09, 0x01, 0xcc, 0x12, 0x5c, 0x03, 0x15,
  0x89, 0x0b, 0x59, 0x57, 0x86, 0x81, 0x39, 0xc0, 0xc0, 0x70, 0x43, 0xe0,
  0x17, 0x64, 0x30, 0xcb, 0x80, 0x65, 0xc1, 0x09, 0x3b, 0x21, 0x57, 0x04,
  0x90, 0x01, 0x16, 0x1d, 0x10, 0xfe, 0x23, 0xa0, 0x00, 0x18, 0xb3, 0x04,
  0xd9, 0x40, 0x06, 0x20, 0x60, 0x66, 0x73, 0xf9, 0x47, 0x26, 0x58, 0x74,
  0x74, 0x60, 0x0d, 0x15, 0x09, 0x86, 0x0d, 0x88, 0x60, 0x18, 0x00, 0x5c,
  0x72, 0x04, 0x06, 0x86, 0x1b, 0x82, 0x1c, 0x01, 0x83, 0x59, 0x06, 0xed,
  0x0a, 0x66, 0x09, 0xb8, 0x11, 0x03, 0x03, 0x01, 0x41, 0x30, 0xd8, 0xc2,
  0x44, 0x3e, 0xe6, 0x61, 0xc4, 0xc0, 0x58, 0x42, 0x10, 0x0c, 0x3a, 0x1f,
  0xe1, 0x91, 0x1d, 0x99, 0x25, 0xf0, 0x06, 0x2a, 0x12, 0x34, 0xd2, 0x1e,
  0x2e, 0x03, 0x2c, 0x3a, 0x3a, 0xc4, 0xc6, 0x8b, 0x04, 0x14, 0x00, 0x03,
  0x89, 0x7e, 0x80, 0x81, 0x0c, 0xb0, 0xe8, 0xc4, 0x20, 0x22, 0xf7, 0x10,
  0x0c, 0x1b, 0x10, 0x01, 0x31, 0x00, 0x78, 0x88, 0x09, 0x0c, 0x0c, 0x37,
  0x04, 0x62, 0x02, 0x06, 0xb3, 0x0c, 0x1b, 0x17, 0x8c, 0x18, 0x18, 0x4b,
  0x08, 0x82, 0x41, 0x77, 0x26, 0x65, 0x42, 0x26, 0xe7, 0x0b, 0x3e, 0x02,
  0xc3, 0x0d, 0x81, 0x49, 0x90, 0xc1, 0x2c, 0x83, 0x51, 0x04, 0x03, 0x15,
  0x89, 0x1f, 0x6d, 0x71, 0x20, 0x06, 0x23, 0x06, 0x06, 0x02, 0x82, 0x60,
  0xb0, 0xad, 0xc9, 0x7f, 0xf0, 0xc3, 0x88, 0x81, 0x81, 0x80, 0x20, 0x18,
  0x6c, 0x6b, 0xe2, 0x1f, 0xfb, 0x90, 0x01, 0x16, 0xb3, 0x04, 0xdf, 0x40,
  0x45, 0x22, 0x4a, 0xde, 0xf3, 0x61, 0xc0, 0x0f, 0x30, 0x90, 0x01, 0x16,
  0x3d, 0x18, 0x5a, 0x84, 0x08, 0x28, 0x00, 0x46, 0x16, 0x58, 0x74, 0x76,
  0x08, 0x0f, 0x30, 0x09, 0x86, 0x0d, 0x88, 0x60, 0x18, 0x00, 0x3c, 0xde,
  0x04, 0x06, 0x86, 0x1b, 0x82, 0x35, 0x01, 0x83, 0x59, 0x06, 0x30, 0xf8,
  0x82, 0x81, 0x8a, 0xe4, 0x01, 0x03, 0x5a, 0xfa, 0x30, 0x80, 0x09, 0x18,
  0xc8, 0x00, 0x8b, 0x4e, 0x0c, 0x35, 0xd2, 0x04, 0x14, 0x00, 0x23, 0x0b,
  0x2c, 0x3a, 0x3a, 0xa4, 0x47, 0x9a, 0x04, 0xc3, 0x06, 0x44, 0x30, 0x0c,
  0x00, 0x1e, 0x78, 0x02, 0x03, 0xc3, 0x0d, 0x01, 0x9e, 0x80, 0xc1, 0x2c,
  0x43, 0x18, 0x80, 0x41, 0x30, 0x50, 0x91, 0x34, 0x63, 0x60, 0x4e, 0x60,
  0x90, 0x01, 0x16, 0x9d, 0x1d, 0xde, 0xc3, 0x4d, 0x02, 0x0a, 0x80, 0x31,
  0x4b, 0x40, 0x06, 0x23, 0x06, 0x06, 0x02, 0x82, 0x60, 0xb0, 0x91, 0x4a,
  0x8d, 0xc8, 0xc4, 0x88, 0x81, 0x81, 0x80, 0x20, 0x18, 0x6c, 0xa4, 0x62,
  0x23, 0x33, 0x81, 0x98, 0x9f, 0xc0, 0xc0, 0x70, 0x43, 0x90, 0x27, 0x60,
  0x30, 0xcb, 0xd0, 0x79, 0x01, 0x1a, 0xa0, 0x02, 0x03, 0xc3, 0x0d, 0x01,
  0x9f, 0x80, 0xc1, 0x2c, 0x83, 0x18, 0x84, 0x41, 0x30, 0x50, 0x91, 0xd8,
  0x53, 0x18, 0x3c, 0x64, 0x90, 0x01, 0x16, 0x1d, 0x1d, 0xec, 0xc3, 0x4e,
  0x02, 0x0a, 0x80, 0xd1, 0x53, 0x62, 0x3f, 0xf0, 0x64, 0x19, 0x28, 0x00,
  0xc6, 0x88, 0x01, 0xc2, 0x84, 0x20, 0x58, 0xf8, 0x07, 0xd5, 0x2a, 0xcb,
  0x10, 0x0c, 0x1b, 0x10, 0x43, 0x30, 0x00, 0x78, 0xa4, 0x0a, 0x0c, 0x0c,
  0x37, 0x04, 0xa9, 0x02, 0x06, 0xb3, 0x0c, 0x63, 0x40, 0x06, 0xc1, 0x88,
  0x81, 0x81, 0x80, 0x20, 0x18, 0x6c, 0xb1, 0x02, 0x26, 0x68, 0x31, 0x62,
  0x60, 0x20, 0x20, 0x08, 0x06, 0x5b, 0xac, 0x84, 0xc9, 0x5b, 0x8c, 0x18,
  0x18, 0x08, 0x08, 0x82, 0xc1, 0x16, 0x2b, 0x63, 0x02, 0x17, 0x23, 0x06,
  0x06, 0x02, 0x82, 0x60, 0xb0, 0xc5, 0xca, 0x98, 0xc4, 0xc5, 0x88, 0x81,
  0x81, 0x80, 0x20, 0x18, 0x6c, 0xb1, 0x32, 0x26, 0x72, 0xa1, 0x03, 0x15,
  0x09, 0x4a, 0x15, 0xbf, 0x80, 0x07, 0x88, 0x12, 0x01, 0x0c, 0x0c, 0x37,
  0x04, 0x7b, 0x41, 0x06, 0xb3, 0x0c, 0x67, 0x80, 0x07, 0xc1, 0x09, 0xf0,
  0x51, 0x37, 0xc4, 0xc7, 0x5c, 0x00, 0x1f, 0x75, 0x42, 0x7c, 0xcc, 0x11,
  0xaa, 0x21, 0x37, 0x9c, 0x86, 0x5c, 0x20, 0xc0, 0x11, 0xa5, 0x21, 0x27,
  0x04, 0x90, 0x0c, 0x16, 0xb3, 0x04, 0x68, 0x30, 0x50, 0x91, 0x88, 0xd5,
  0x19, 0x84, 0xc2, 0x1d, 0x60, 0x70, 0x13, 0x30, 0x30, 0xdc, 0x10, 0xa0,
  0x08, 0x19, 0xcc, 0x32, 0xa4, 0xc1, 0x1d, 0x04, 0x39, 0x60, 0xd1, 0x53,
  0x22, 0x46, 0x5c, 0xa5, 0x08, 0x28, 0x00, 0xc6, 0x2c, 0x83, 0x1a, 0xb8,
  0x41, 0x4e, 0x0c, 0x47, 0x04, 0x3b, 0x22, 0xf8, 0xc7, 0x2c, 0x03, 0x1d,
  0xac, 0x41, 0x30, 0xcb, 0xd0, 0x06, 0x6c, 0x10, 0x1e, 0x69, 0x60, 0xd1,
  0x01, 0x21, 0x55, 0x02, 0x0a, 0x80, 0x31, 0x4b, 0xd0, 0x06, 0x03, 0x19,
  0x80, 0xc0, 0x06, 0x7e, 0xb4, 0x06, 0xfe, 0x81, 0x81, 0x21, 0xfe, 0xb3,
  0x04, 0x74, 0x30, 0xcb, 0x00, 0x07, 0x6f, 0x60, 0x1e, 0xb9, 0x60, 0xd1,
  0x01, 0xc1, 0x55, 0x02, 0x0a, 0x80, 0x31, 0x4b, 0x00, 0x07, 0x03, 0x19,
  0x80, 0xf0, 0x06, 0xa8, 0xe4, 0x06, 0xfe, 0x81, 0xc1, 0x02, 0xfe, 0xc3,
  0x24, 0x09, 0xac, 0xd0, 0x41, 0x13, 0x07, 0x8c, 0x1c, 0x54, 0x73, 0x30,
  0x62, 0x70, 0x30, 0x21, 0x08, 0x16, 0xfe, 0x61, 0xc1, 0x4b, 0x60, 0x26,
  0xb3, 0x04, 0x74, 0x30, 0x62, 0x80, 0x30, 0x21, 0x08, 0x16, 0xfe, 0x41,
  0xc9, 0x8b, 0x70, 0x26, 0x65, 0x32, 0x4b, 0x40, 0x07, 0x36, 0x80, 0xff,
  0x88, 0x81, 0xc1, 0x84, 0x20, 0x58, 0xf8, 0x87, 0x54, 0x2f, 0x01, 0x06,
  0x69, 0x02, 0xfe, 0xa8, 0x26, 0x01, 0xf9, 0xcf, 0x12, 0xd0, 0xc1, 0x40,
  0x0d, 0xc0, 0xc4, 0x81, 0x22, 0x07, 0xc2, 0x1c, 0x60, 0x6d, 0x40, 0x06,
  0x6a, 0xe0, 0xc0, 0xc1, 0x5d, 0xec, 0x21, 0x17, 0x6c, 0x90, 0x01, 0x16,
  0xb3, 0x0c, 0x75, 0x60, 0x07, 0xf6, 0xd1, 0x01, 0x61, 0x57, 0x02, 0x0a,
  0x80, 0x81, 0x81, 0x01, 0xfe, 0xb3, 0x04, 0x76, 0x30, 0x50, 0x01, 0x08,
  0x75, 0xe0, 0xd0, 0x41, 0x07, 0x84, 0x70, 0x29, 0x86, 0x0d, 0x88, 0x40,
  0x18, 0x80, 0x59, 0x82, 0x3b, 0x40, 0x30, 0xc0, 0x17, 0x18, 0x18, 0x6e,
  0x08, 0xf0, 0x05, 0x0c, 0x66, 0x19, 0xf0, 0x00, 0x0d, 0x02, 0x7c, 0x03,
  0x7d, 0x81, 0x81, 0xe1, 0x86, 0xc0, 0x5e, 0xc0, 0x60, 0x96, 0xa1, 0x0c,
  0xcc, 0x20, 0x08, 0x88, 0x01, 0x00, 0x5c, 0x00, 0x00, 0x00, 0x5b, 0x86,
  0x24, 0xb8, 0x85, 0x2d, 0xc3, 0x12, 0xdc, 0xc2, 0x96, 0xa1, 0x09, 0x6e,
  0x61, 0xcb, 0xf0, 0x04, 0xb7, 0xb0, 0x65, 0x88, 0x82, 0x5b, 0xd8, 0x32,
  0x4c, 0xc1, 0x2d, 0x6c, 0x19, 0xaa, 0xe0, 0x16, 0xb6, 0x0c, 0x57, 0x70,
  0x0b, 0x5b, 0x86, 0x2c, 0xb8, 0x85, 0x2d, 0xc3, 0x16, 0xdc, 0xc2, 0x96,
  0xa1, 0x0b, 0x6e, 0x61, 0xcb, 0xf0, 0x05, 0xb7, 0xb0, 0x65, 0x08, 0x83,
  0xe0, 0x16, 0xb6, 0x0c, 0x63, 0x10, 0xdc, 0xc2, 0x96, 0xa1, 0x0c, 0x82,
  0x5b, 0xd8, 0x32, 0x9c, 0x41, 0x70, 0x0b, 0x5b, 0x86, 0x34, 0x08, 0x6e,
  0x61, 0xcb, 0xb0, 0x06, 0xc1, 0x2d, 0x6c, 0x19, 0xda, 0x20, 0xb8, 0x85,
  0x2d, 0xc3, 0x1b, 0x04, 0xb7, 0xb0, 0x65, 0x88, 0x83, 0xe0, 0x16, 0xb6,
  0x0c, 0x73, 0x10, 0xdc, 0xc2, 0x96, 0xa1, 0x0e, 0x82, 0x5b, 0xd8, 0x32,
  0xf4, 0x41, 0x70, 0x0b, 0x5b, 0x86, 0x50, 0x08, 0x6e, 0x61, 0xcb, 0x50,
  0x0a, 0xc1, 0x2d, 0x6c, 0x19, 0x52, 0x21, 0xb8, 0x85, 0x2d, 0x03, 0x3e,
  0x04, 0xe9, 0xb0, 0x65, 0xf0, 0x87, 0xe0, 0x16, 0xb6, 0x0c, 0x22, 0x11,
  0xdc, 0xc2, 0x96, 0xc1, 0x24, 0x82, 0x5b, 0xd8, 0x32, 0xa4, 0x84, 0xc4,
  0x0b, 0x5b, 0x0a, 0xba, 0x08, 0xd2, 0x81, 0x58, 0x87, 0x2d, 0x03, 0x5e,
  0x04, 0xb7, 0xb0, 0x65, 0xd8, 0x8b, 0xe0, 0x16, 0xb6, 0x0c, 0xaa, 0x11,
  0xdc, 0xc2, 0x96, 0xe1, 0x35, 0x82, 0x76, 0xd8, 0x32, 0xd8, 0x46, 0xd0,
  0x0e, 0x5b, 0x86, 0xdc, 0x90, 0x7a, 0x61, 0xcb, 0x30, 0x1f, 0x41, 0x3b,
  0x6c, 0x19, 0xf0, 0x23, 0x68, 0x87, 0x2d, 0xc3, 0x7e, 0x48, 0xbe, 0xb0,
  0x65, 0x18, 0x91, 0xa0, 0x1d, 0xb6, 0x0c, 0x27, 0x12, 0xb4, 0xc3, 0x96,
  0x41, 0x45, 0xa4, 0x5f, 0xd8, 0x32, 0xb8, 0x88, 0x04, 0x0e, 0x5b, 0x06,
  0x1c, 0x09, 0xda, 0x61, 0xcb, 0xb0, 0x23, 0x41, 0x3b, 0x6c, 0x19, 0x7c,
  0x44, 0x0a, 0x87, 0x2d, 0xc3, 0x98, 0x04, 0xed, 0xb0, 0x65, 0x30, 0x93,
  0xa0, 0x1d, 0xb6, 0x0c, 0x69, 0x22, 0x89, 0xc3, 0x96, 0xa1, 0x4d, 0x82,
  0x76, 0xd8, 0x32, 0xcc, 0x89, 0x34, 0x0e, 0x5b, 0x06, 0x3b, 0x91, 0xc8,
  0x61, 0xcb, 0xa0, 0x27, 0x41, 0x3b, 0x6c, 0x19, 0xf8, 0x24, 0x68, 0x87,
  0x2d, 0x83, 0x9f, 0x04, 0xed, 0xb0, 0x65, 0x08, 0x15, 0xa9, 0x1c, 0xb6,
  0x0c, 0xbd, 0x12, 0xb4, 0xc3, 0x96, 0x81, 0x5c, 0x82, 0x76, 0xd8, 0x32,
  0xb0, 0x4b, 0xd0, 0x0e, 0x5b, 0x06, 0x90, 0x09, 0xda, 0x61, 0xcb, 0x50,
  0x32, 0x41, 0x3b, 0x6c, 0x19, 0x52, 0x46, 0x32, 0x87, 0x2d, 0x03, 0xcb,
  0x48, 0xe7, 0x00, 0x00, 0x00, 0x00, 0x00, 0x00, 0x00, 0x00, 0x71, 0x20,
  0x00, 0x00, 0x03, 0x00, 0x00, 0x00, 0x32, 0x0e, 0x10, 0x22, 0x84, 0x02,
  0xd3, 0x08, 0x38, 0x70, 0x9a, 0x00, 0x00, 0x00, 0x00, 0x00, 0x65, 0x0c,
  0x00, 0x00, 0x61, 0x00, 0x00, 0x00, 0x12, 0x03, 0x94, 0xf8, 0x02, 0x00,
  0x00, 0x00, 0x03, 0x00, 0x00, 0x00, 0xc2, 0x01, 0x00, 0x00, 0x0b, 0x00,
  0x00, 0x00, 0x4c, 0x00, 0x00, 0x00, 0x01, 0x00, 0x00, 0x00, 0x58, 0x00,
  0x00, 0x00, 0x00, 0x00, 0x00, 0x00, 0x58, 0x00, 0x00, 0x00, 0x0c, 0x00,
  0x00, 0x00, 0x78, 0x01, 0x00, 0x00, 0x00, 0x00, 0x00, 0x00, 0xcd, 0x01,
  0x00, 0x00, 0x1c, 0x00, 0x00, 0x00, 0x9a, 0x00, 0x00, 0x00, 0x09, 0x00,
  0x00, 0x00, 0x4d, 0x00, 0x00, 0x00, 0x00, 0x00, 0x00, 0x00, 0x78, 0x01,
  0x00, 0x00, 0x00, 0x00, 0x00, 0x00, 0x00, 0x00, 0x00, 0x00, 0x0c, 0x00,
  0x00, 0x00, 0x00, 0x00, 0x00, 0x00, 0x9a, 0x00, 0x00, 0x00, 0x09, 0x00,
  0x00, 0x00, 0x9a, 0x00, 0x00, 0x00, 0x09, 0x00, 0x00, 0x00, 0xff, 0xff,
  0xff, 0xff, 0x00, 0x24, 0x00, 0x00, 0xa3, 0x00, 0x00, 0x00, 0x91, 0x00,
  0x00, 0x00, 0xa3, 0x00, 0x00, 0x00, 0x91, 0x00, 0x00, 0x00, 0xff, 0xff,
  0xff, 0xff, 0x00, 0x30, 0x00, 0x00, 0x34, 0x01, 0x00, 0x00, 0x10, 0x00,
  0x00, 0x00, 0x34, 0x01, 0x00, 0x00, 0x10, 0x00, 0x00, 0x00, 0xff, 0xff,
  0xff, 0xff, 0x08, 0x24, 0x00, 0x00, 0x44, 0x01, 0x00, 0x00, 0x12, 0x00,
  0x00, 0x00, 0x44, 0x01, 0x00, 0x00, 0x12, 0x00, 0x00, 0x00, 0xff, 0xff,
  0xff, 0xff, 0x08, 0x24, 0x00, 0x00, 0x56, 0x01, 0x00, 0x00, 0x11, 0x00,
  0x00, 0x00, 0x56, 0x01, 0x00, 0x00, 0x11, 0x00, 0x00, 0x00, 0xff, 0xff,
  0xff, 0xff, 0x08, 0x24, 0x00, 0x00, 0x67, 0x01, 0x00, 0x00, 0x16, 0x00,
  0x00, 0x00, 0x67, 0x01, 0x00, 0x00, 0x16, 0x00, 0x00, 0x00, 0xff, 0xff,
  0xff, 0xff, 0x08, 0x2c, 0x00, 0x00, 0x7d, 0x01, 0x00, 0x00, 0x0b, 0x00,
  0x00, 0x00, 0x7d, 0x01, 0x00, 0x00, 0x0b, 0x00, 0x00, 0x00, 0xff, 0xff,
  0xff, 0xff, 0x08, 0x24, 0x00, 0x00, 0x88, 0x01, 0x00, 0x00, 0x18, 0x00,
  0x00, 0x00, 0x88, 0x01, 0x00, 0x00, 0x18, 0x00, 0x00, 0x00, 0xff, 0xff,
  0xff, 0xff, 0x08, 0x2c, 0x00, 0x00, 0xa0, 0x01, 0x00, 0x00, 0x0e, 0x00,
  0x00, 0x00, 0xa0, 0x01, 0x00, 0x00, 0x0e, 0x00, 0x00, 0x00, 0xff, 0xff,
  0xff, 0xff, 0x08, 0x24, 0x00, 0x00, 0xae, 0x01, 0x00, 0x00, 0x14, 0x00,
  0x00, 0x00, 0xae, 0x01, 0x00, 0x00, 0x14, 0x00, 0x00, 0x00, 0xff, 0xff,
  0xff, 0xff, 0x08, 0x2c, 0x00, 0x00, 0x00, 0x00, 0x00, 0x00, 0x4d, 0x00,
  0x00, 0x00, 0x00, 0x00, 0x00, 0x00, 0x4d, 0x00, 0x00, 0x00, 0xff, 0xff,
  0xff, 0xff, 0x00, 0x00, 0x00, 0x00, 0x4d, 0x00, 0x00, 0x00, 0x4d, 0x00,
  0x00, 0x00, 0x4d, 0x00, 0x00, 0x00, 0x4d, 0x00, 0x00, 0x00, 0xff, 0xff,
  0xff, 0xff, 0x00, 0x00, 0x00, 0x00, 0x00, 0x00, 0x00, 0x00, 0x5d, 0x0c,
  0x00, 0x00, 0x7e, 0x00, 0x00, 0x00, 0x12, 0x03, 0x94, 0xe9, 0x03, 0x00,
  0x00, 0x00, 0x5f, 0x5a, 0x5a, 0x39, 0x6e, 0x76, 0x63, 0x6f, 0x6e, 0x76,
  0x33, 0x5f, 0x62, 0x50, 0x55, 0x39, 0x4d, 0x54, 0x4c, 0x64, 0x65, 0x76,
  0x69, 0x63, 0x65, 0x4b, 0x66, 0x53, 0x30, 0x5f, 0x50, 0x55, 0x39, 0x4d,
  0x54, 0x4c, 0x64, 0x65, 0x76, 0x69, 0x63, 0x65, 0x66, 0x50, 0x55, 0x31,
  0x31, 0x4d, 0x54, 0x4c, 0x63, 0x6f, 0x6e, 0x73, 0x74, 0x61, 0x6e, 0x74,
  0x4b, 0x6a, 0x53, 0x34, 0x5f, 0x52, 0x53, 0x33, 0x5f, 0x44, 0x76, 0x33,
  0x5f, 0x6a, 0x6a, 0x45, 0x32, 0x41, 0x73, 0x5f, 0x5a, 0x5a, 0x39, 0x6e,
  0x76, 0x63, 0x6f, 0x6e, 0x76, 0x33, 0x5f, 0x62, 0x50, 0x55, 0x39, 0x4d,
  0x54, 0x4c, 0x64, 0x65, 0x76, 0x69, 0x63, 0x65, 0x4b, 0x66, 0x53, 0x30,
  0x5f, 0x50, 0x55, 0x39, 0x4d, 0x54, 0x4c, 0x64, 0x65, 0x76, 0x69, 0x63,
  0x65, 0x66, 0x50, 0x55, 0x31, 0x31, 0x4d, 0x54, 0x4c, 0x63, 0x6f, 0x6e,
  0x73, 0x74, 0x61, 0x6e, 0x74, 0x4b, 0x6a, 0x53, 0x34, 0x5f, 0x52, 0x53,
  0x33, 0x5f, 0x44, 0x76, 0x33, 0x5f, 0x6a, 0x6a, 0x45, 0x32, 0x42, 0x73,
  0x6e, 0x76, 0x63, 0x6f, 0x6e, 0x76, 0x33, 0x5f, 0x62, 0x5f, 0x5a, 0x4c,
  0x31, 0x31, 0x6e, 0x76, 0x63, 0x6f, 0x6e, 0x76, 0x5f, 0x62, 0x6f, 0x64,
  0x79, 0x49, 0x4c, 0x6a, 0x31, 0x32, 0x38, 0x45, 0x4c, 0x6a, 0x36, 0x34,
  0x45, 0x4c, 0x6a, 0x38, 0x45, 0x4c, 0x6a, 0x34, 0x45, 0x45, 0x76, 0x50,
  0x55, 0x39, 0x4d, 0x54, 0x4c, 0x64, 0x65, 0x76, 0x69, 0x63, 0x65, 0x4b,
  0x66, 0x53, 0x31, 0x5f, 0x50, 0x55, 0x39, 0x4d, 0x54, 0x4c, 0x64, 0x65,
  0x76, 0x69, 0x63, 0x65, 0x66, 0x53, 0x31, 0x5f, 0x53, 0x31, 0x5f, 0x6a,
  0x50, 0x55, 0x31, 0x31, 0x4d, 0x54, 0x4c, 0x63, 0x6f, 0x6e, 0x73, 0x74,
  0x61, 0x6e, 0x74, 0x4b, 0x6a, 0x53, 0x35, 0x5f, 0x44, 0x76, 0x33, 0x5f,
  0x6a, 0x6a, 0x50, 0x41, 0x70, 0x6c, 0x54, 0x5f, 0x4c, 0x69, 0x34, 0x45,
  0x5f, 0x55, 0x31, 0x34, 0x4d, 0x54, 0x4c, 0x74, 0x68, 0x72, 0x65, 0x61,
  0x64, 0x67, 0x72, 0x6f, 0x75, 0x70, 0x66, 0x50, 0x41, 0x70, 0x6c, 0x54,
  0x30, 0x5f, 0x4c, 0x69, 0x34, 0x45, 0x5f, 0x53, 0x37, 0x5f, 0x61, 0x69,
  0x72, 0x2e, 0x66, 0x61, 0x73, 0x74, 0x5f, 0x65, 0x78, 0x70, 0x2e, 0x66,
  0x33, 0x32, 0x61, 0x69, 0x72, 0x2e, 0x66, 0x61, 0x73, 0x74, 0x5f, 0x63,
  0x6c, 0x61, 0x6d, 0x70, 0x2e, 0x66, 0x33, 0x32, 0x61, 0x69, 0x72, 0x2e,
  0x66, 0x61, 0x73, 0x74, 0x5f, 0x66, 0x6d, 0x61, 0x78, 0x2e, 0x66, 0x33,
  0x32, 0x6c, 0x6c, 0x76, 0x6d, 0x2e, 0x6c, 0x69, 0x66, 0x65, 0x74, 0x69,
  0x6d, 0x65, 0x2e, 0x65, 0x6e, 0x64, 0x2e, 0x70, 0x30, 0x69, 0x38, 0x61,
  0x69, 0x72, 0x2e, 0x66, 0x6d, 0x61, 0x2e, 0x66, 0x33, 0x32, 0x6c, 0x6c,
  0x76, 0x6d, 0x2e, 0x6c, 0x69, 0x66, 0x65, 0x74, 0x69, 0x6d, 0x65, 0x2e,
  0x73, 0x74, 0x61, 0x72, 0x74, 0x2e, 0x70, 0x30, 0x69, 0x38, 0x61, 0x69,
  0x72, 0x2e, 0x77, 0x67, 0x2e, 0x62, 0x61, 0x72, 0x72, 0x69, 0x65, 0x72,
  0x6c, 0x6c, 0x76, 0x6d, 0x2e, 0x6d, 0x65, 0x6d, 0x73, 0x65, 0x74, 0x2e,
  0x70, 0x30, 0x69, 0x38, 0x2e, 0x69, 0x36, 0x34, 0x33, 0x32, 0x30, 0x32,
  0x33, 0x2e, 0x39, 0x31, 0x37, 0x2e, 0x32, 0x61, 0x69, 0x72, 0x36, 0x34,
  0x5f, 0x76, 0x32, 0x37, 0x2d, 0x61, 0x70, 0x70, 0x6c, 0x65, 0x2d, 0x6d,
  0x61, 0x63, 0x6f, 0x73, 0x78, 0x31, 0x35, 0x2e, 0x37, 0x2e, 0x30, 0x00,
  0x00, 0x00, 0x00, 0x00, 0x00, 0x00, 0x00, 0x00, 0x00, 0x00, 0xde, 0xc0,
  0x17, 0x0b, 0x00, 0x00, 0x00, 0x00, 0x14, 0x00, 0x00, 0x00, 0xd8, 0x1f,
  0x00, 0x00, 0xff, 0xff, 0xff, 0xff, 0x42, 0x43, 0xc0, 0xde, 0x35, 0x14,
  0x00, 0x00, 0x03, 0x00, 0x00, 0x00, 0x62, 0x0c, 0x30, 0x24, 0x80, 0x10,
  0x05, 0xc8, 0x14, 0x00, 0x00, 0x00, 0x21, 0x0c, 0x00, 0x00, 0x0c, 0x07,
  0x00, 0x00, 0x0b, 0x02, 0x21, 0x00, 0x02, 0x00, 0x00, 0x00, 0x16, 0x00,
  0x00, 0x00, 0x07, 0x81, 0x23, 0x91, 0x41, 0xc8, 0x04, 0x49, 0x06, 0x10,
  0x32, 0x39, 0x92, 0x01, 0x84, 0x0c, 0x25, 0x05, 0x08, 0x19, 0x1e, 0x04,
  0x8b, 0x62, 0x80, 0x18, 0x45, 0x02, 0x42, 0x92, 0x0b, 0x42, 0xc4, 0x10,
  0x32, 0x14, 0x38, 0x08, 0x18, 0x4b, 0x0a, 0x32, 0x62, 0x88, 0x48, 0x70,
  0xc4, 0x21, 0x23, 0x44, 0x12, 0x87, 0x8c, 0x10, 0x41, 0x92, 0x02, 0x64,
  0xc8, 0x08, 0xb1, 0x14, 0x20, 0x43, 0x46, 0x88, 0x20, 0xc9, 0x01, 0x32,
  0x62, 0x84, 0x18, 0x2a, 0x28, 0x2a, 0x90, 0x31, 0x7c, 0xb0, 0x5c, 0x91,
  0x20, 0xc6, 0xc8, 0x00, 0x00, 0x00, 0x89, 0x20, 0x00, 0x00, 0x2a, 0x00,
  0x00, 0x00, 0x32, 0x22, 0x88, 0x09, 0x20, 0x62, 0x46, 0x00, 0x21, 0x2b,
  0x24, 0x98, 0x18, 0x21, 0x25, 0x24, 0x98, 0x18, 0x19, 0x27, 0x0c, 0x85,
  0xa4, 0x90, 0x60, 0x62, 0x64, 0x5c, 0x20, 0x24, 0x66, 0x82, 0x20, 0x0e,
  0x66, 0x00, 0x94, 0x08, 0x50, 0x88, 0x60, 0x10, 0x41, 0x18, 0x94, 0x04,
  0x50, 0x08, 0x62, 0x10, 0xa1, 0x18, 0x46, 0x00, 0x06, 0x11, 0x80, 0x60,
  0x8e, 0x00, 0x0c, 0x06, 0x11, 0x12, 0x61, 0x18, 0x61, 0x48, 0x4c, 0x72,
  0x20, 0x08, 0xa2, 0x28, 0xca, 0x92, 0x10, 0x33, 0x88, 0x10, 0x0c, 0x83,
  0x08, 0xc4, 0x60, 0x9a, 0x03, 0x41, 0x10, 0x04, 0x49, 0x14, 0x65, 0x49,
  0x9c, 0x87, 0x20, 0x23, 0x00, 0x00, 0x49, 0x86, 0x00, 0x00, 0x00, 0x20,
  0xca, 0x0c, 0x00, 0x00, 0x90, 0x35, 0x47, 0x00, 0x0a, 0x73, 0x04, 0x08,
  0x65, 0x66, 0x38, 0x30, 0x8d, 0x36, 0x33, 0x1c, 0x49, 0x42, 0xdd, 0x1c,
  0x41, 0x60, 0x8a, 0x43, 0xcb, 0xb0, 0x8f, 0xc0, 0x81, 0x00, 0x15, 0x48,
  0x94, 0x20, 0x21, 0x52, 0x09, 0x32, 0x32, 0x55, 0x00, 0x50, 0x02, 0x94,
  0x52, 0x25, 0x00, 0x68, 0x9d, 0x02, 0x20, 0x60, 0x10, 0x01, 0x18, 0x28,
  0x01, 0x00, 0x51, 0x18, 0x00, 0x00, 0x3f, 0x01, 0x00, 0x00, 0x1b, 0xe4,
  0x23, 0xf8, 0xff, 0xff, 0xff, 0xff, 0x01, 0x58, 0x03, 0xc0, 0x14, 0x00,
  0x89, 0x08, 0x07, 0x78, 0x80, 0x07, 0x79, 0x78, 0x07, 0x7c, 0x68, 0x03,
  0x73, 0xa8, 0x07, 0x77, 0x18, 0x87, 0x36, 0x30, 0x07, 0x78, 0x68, 0x83,
  0x76, 0x08, 0x07, 0x7a, 0x40, 0x07, 0x80, 0x1e, 0xe4, 0xa1, 0x1e, 0xca,
  0x01, 0x20, 0xcc, 0x41, 0x1e, 0xc2, 0xa1, 0x1d, 0xca, 0xa1, 0x0d, 0xe0,
  0xe1, 0x1d, 0xd2, 0xc1, 0x1d, 0xe8, 0xa1, 0x1c, 0xe4, 0x01, 0x08, 0x07,
  0x76, 0x60, 0x07, 0x80, 0x68, 0x87, 0x74, 0x70, 0x87, 0x36, 0x60, 0x87,
  0x72, 0x38, 0x87, 0x70, 0x60, 0x87, 0x36, 0xb0, 0x87, 0x72, 0x18, 0x07,
  0x7a, 0x78, 0x07, 0x79, 0x68, 0x83, 0x7b, 0x48, 0x07, 0x72, 0xa0, 0x07,
  0x74, 0x00, 0xf2, 0xc0, 0x0e, 0x80, 0xc1, 0x1d, 0xde, 0xa1, 0x0d, 0xc4,
  0xa1, 0x1e, 0xd2, 0x81, 0x1d, 0xe8, 0x21, 0x1d, 0xdc, 0x61, 0x1e, 0x00,
  0xc2, 0x1d, 0xde, 0xa1, 0x0d, 0xd2, 0xc1, 0x1d, 0xcc, 0x61, 0x1e, 0xda,
  0xc0, 0x1c, 0xe0, 0xa1, 0x0d, 0xda, 0x21, 0x1c, 0xe8, 0x01, 0x1d, 0x00,
  0x7a, 0x90, 0x87, 0x7a, 0x28, 0x07, 0x80, 0x70, 0x87, 0x77, 0x68, 0x03,
  0x77, 0x08, 0x07, 0x77, 0x98, 0x87, 0x36, 0x30, 0x07, 0x78, 0x68, 0x83,
  0x76, 0x08, 0x07, 0x7a, 0x40, 0x07, 0x80, 0x1e, 0xe4, 0xa1, 0x1e, 0xca,
  0x01, 0x20, 0xdc, 0xe1, 0x1d, 0xda, 0x60, 0x1e, 0xd2, 0xe1, 0x1c, 0xdc,
  0xa1, 0x1c, 0xc8, 0xa1, 0x0d, 0xf4, 0xa1, 0x1c, 0xe4, 0xe1, 0x1d, 0xe6,
  0xa1, 0x0d, 0xcc, 0x01, 0x1e, 0xda, 0xa0, 0x1d, 0xc2, 0x81, 0x1e, 0xd0,
  0x01, 0xa0, 0x07, 0x79, 0xa8, 0x87, 0x72, 0x00, 0x08, 0x77, 0x78, 0x87,
  0x36, 0xa0, 0x07, 0x79, 0x08, 0x07, 0x78, 0x80, 0x87, 0x74, 0x70, 0x87,
  0x73, 0x68, 0x83, 0x76, 0x08, 0x07, 0x7a, 0x40, 0x07, 0x80, 0x1e, 0xe4,
  0xa1, 0x1e, 0xca, 0x01, 0x20, 0xe6, 0x81, 0x1e, 0xc2, 0x61, 0x1c, 0xd6,
  0xa1, 0x0d, 0xe0, 0x41, 0x1e, 0xde, 0x81, 0x1e, 0xca, 0x61, 0x1c, 0xe8,
  0xe1, 0x1d, 0xe4, 0xa1, 0x0d, 0xc4, 0xa1, 0x1e, 0xcc, 0xc1, 0x1c, 0xca,
  0x41, 0x1e, 0xda, 0x60, 0x1e, 0xd2, 0x41, 0x1f, 0xca, 0x01, 0xc0, 0x03,
  0x80, 0xa8, 0x07, 0x77, 0x98, 0x87, 0x70, 0x30, 0x87, 0x72, 0x68, 0x03,
  0x73, 0x80, 0x87, 0x36, 0x68, 0x87, 0x70, 0xa0, 0x07, 0x74, 0x00, 0xe8,
  0x41, 0x1e, 0xea, 0xa1, 0x1c, 0x80, 0x0d, 0x9d, 0x10, 0x00, 0x0b, 0x40,
  0x0a, 0x40, 0x35, 0x84, 0x43, 0x3a, 0xc8, 0x43, 0x1b, 0x88, 0x43, 0x3d,
  0x98, 0x83, 0x39, 0x94, 0x83, 0x3c, 0xb4, 0x81, 0x3b, 0xbc, 0x43, 0x1b,
  0x84, 0x03, 0x3b, 0xa4, 0x43, 0x38, 0xcc, 0x03, 0xb0, 0xa1, 0x1b, 0x04,
  0x60, 0x01, 0x48, 0x01, 0xa8, 0x86, 0x70, 0x48, 0x07, 0x79, 0x68, 0x03,
  0x71, 0xa8, 0x07, 0x73, 0x30, 0x87, 0x72, 0x90, 0x87, 0x36, 0x70, 0x87,
  0x77, 0x68, 0x83, 0x70, 0x60, 0x87, 0x74, 0x08, 0x87, 0x79, 0x00, 0x36,
  0x74, 0xc4, 0x00, 0x2c, 0x00, 0x29, 0x00, 0x74, 0x30, 0x84, 0x43, 0x3a,
  0xc8, 0x43, 0x1b, 0x88, 0x43, 0x3d, 0x98, 0x83, 0x39, 0x94, 0x83, 0x3c,
  0xb4, 0x81, 0x3b, 0xbc, 0x43, 0x1b, 0x84, 0x03, 0x3b, 0xa4, 0x43, 0x38,
  0xcc, 0x03, 0xb0, 0xa1, 0x2b, 0x08, 0x60, 0x01, 0x48, 0x01, 0xa8, 0x86,
  0x70, 0x48, 0x07, 0x79, 0x68, 0x03, 0x71, 0xa8, 0x07, 0x73, 0x30, 0x87,
  0x72, 0x90, 0x87, 0x36, 0x70, 0x87, 0x77, 0x68, 0x83, 0x70, 0x60, 0x87,
  0x74, 0x08, 0x87, 0x79, 0x00, 0x36, 0x74, 0x46, 0x01, 0x2c, 0x00, 0x29,
  0x00, 0xd5, 0x10, 0x0e, 0xe9, 0x20, 0x0f, 0x6d, 0x20, 0x0e, 0xf5, 0x60,
  0x0e, 0xe6, 0x50, 0x0e, 0xf2, 0xd0, 0x06, 0xee, 0xf0, 0x0e, 0x6d, 0x10,
  0x0e, 0xec, 0x90, 0x0e, 0xe1, 0x30, 0x0f, 0xc0, 0x86, 0x31, 0x38, 0x0c,
  0x60, 0x01, 0x48, 0x01, 0xa8, 0x82, 0x80, 0x08, 0xd2, 0x80, 0x18, 0xc2,
  0x21, 0x1d, 0xe4, 0xa1, 0x0d, 0xc4, 0xa1, 0x1e, 0xcc, 0xc1, 0x1c, 0xca,
  0x41, 0x1e, 0xda, 0xc0, 0x1d, 0xde, 0xa1, 0x0d, 0xc2, 0x81, 0x1d, 0xd2,
  0x21, 0x1c, 0xe6, 0x01, 0xd8, 0x40, 0x20, 0x07, 0x40, 0x0a, 0x1b, 0x88,
  0x04, 0x01, 0x48, 0x61, 0x03, 0x7d, 0x28, 0xff, 0xff, 0xff, 0xff, 0x3f,
  0x00, 0x6b, 0x00, 0x10, 0x80, 0x29, 0x00, 0x12, 0x11, 0x0e, 0xf0, 0x00,
  0x0f, 0xf2, 0xf0, 0x0e, 0xf8, 0xd0, 0x06, 0xe6, 0x50, 0x0f, 0xee, 0x30,
  0x0e, 0x6d, 0x60, 0x0e, 0xf0, 0xd0, 0x06, 0xed, 0x10, 0x0e, 0xf4, 0x80,
  0x0e, 0x00, 0x3d, 0xc8, 0x43, 0x3d, 0x94, 0x03, 0x40, 0x98, 0x83, 0x3c,
  0x84, 0x43, 0x3b, 0x94, 0x43, 0x1b, 0xc0, 0xc3, 0x3b, 0xa4, 0x83, 0x3b,
  0xd0, 0x43, 0x39, 0xc8, 0x03, 0x10, 0x0e, 0xec, 0xc0, 0x0e, 0x00, 0xd1,
  0x0e, 0xe9, 0xe0, 0x0e, 0x6d, 0xc0, 0x0e, 0xe5, 0x70, 0x0e, 0xe1, 0xc0,
  0x0e, 0x6d, 0x60, 0x0f, 0xe5, 0x30, 0x0e, 0xf4, 0xf0, 0x0e, 0xf2, 0xd0,
  0x06, 0xf7, 0x90, 0x0e, 0xe4, 0x40, 0x0f, 0xe8, 0x00, 0xe4, 0x81, 0x1d,
  0x00, 0x83, 0x3b, 0xbc, 0x43, 0x1b, 0x88, 0x43, 0x3d, 0xa4, 0x03, 0x3b,
  0xd0, 0x43, 0x3a, 0xb8, 0xc3, 0x3c, 0x00, 0x84, 0x3b, 0xbc, 0x43, 0x1b,
  0xa4, 0x83, 0x3b, 0x98, 0xc3, 0x3c, 0xb4, 0x81, 0x39, 0xc0, 0x43, 0x1b,
  0xb4, 0x43, 0x38, 0xd0, 0x03, 0x3a, 0x00, 0xf4, 0x20, 0x0f, 0xf5, 0x50,
  0x0e, 0x00, 0xe1, 0x0e, 0xef, 0xd0, 0x06, 0xee, 0x10, 0x0e, 0xee, 0x30,
  0x0f, 0x6d, 0x60, 0x0e, 0xf0, 0xd0, 0x06, 0xed, 0x10, 0x0e, 0xf4, 0x80,
  0x0e, 0x00, 0x3d, 0xc8, 0x43, 0x3d, 0x94, 0x03, 0x40, 0xb8, 0xc3, 0x3b,
  0xb4, 0xc1, 0x3c, 0xa4, 0xc3, 0x39, 0xb8, 0x43, 0x39, 0x90, 0x43, 0x1b,
  0xe8, 0x43, 0x39, 0xc8, 0xc3, 0x3b, 0xcc, 0x43, 0x1b, 0x98, 0x03, 0x3c,
  0xb4, 0x41, 0x3b, 0x84, 0x03, 0x3d, 0xa0, 0x03, 0x40, 0x0f, 0xf2, 0x50,
  0x0f, 0xe5, 0x00, 0x10, 0xee, 0xf0, 0x0e, 0x6d, 0x40, 0x0f, 0xf2, 0x10,
  0x0e, 0xf0, 0x00, 0x0f, 0xe9, 0xe0, 0x0e, 0xe7, 0xd0, 0x06, 0xed, 0x10,
  0x0e, 0xf4, 0x80, 0x0e, 0x00, 0x3d, 0xc8, 0x43, 0x3d, 0x94, 0x03, 0x40,
  0xcc, 0x03, 0x3d, 0x84, 0xc3, 0x38, 0xac, 0x43, 0x1b, 0xc0, 0x83, 0x3c,
  0xbc, 0x03, 0x3d, 0x94, 0xc3, 0x38, 0xd0, 0xc3, 0x3b, 0xc8, 0x43, 0x1b,
  0x88, 0x43, 0x3d, 0x98, 0x83, 0x39, 0x94, 0x83, 0x3c, 0xb4, 0xc1, 0x3c,
  0xa4, 0x83, 0x3e, 0x94, 0x03, 0x80, 0x07, 0x00, 0x51, 0x0f, 0xee, 0x30,
  0x0f, 0xe1, 0x60, 0x0e, 0xe5, 0xd0, 0x06, 0xe6, 0x00, 0x0f, 0x6d, 0xd0,
  0x0e, 0xe1, 0x40, 0x0f, 0xe8, 0x00, 0xd0, 0x83, 0x3c, 0xd4, 0x43, 0x39,
  0x00, 0x1b, 0x90, 0x25, 0x00, 0x16, 0x80, 0x14, 0x80, 0x6a, 0x03, 0xc2,
  0x08, 0xc0, 0x02, 0x90, 0x02, 0x50, 0x6d, 0x40, 0x9a, 0x01, 0x58, 0x00,
  0x52, 0x00, 0xe8, 0x60, 0x83, 0xe1, 0x10, 0x00, 0x29, 0x00, 0xd5, 0x06,
  0xe3, 0x29, 0x00, 0x52, 0x00, 0xaa, 0x0d, 0x04, 0x64, 0x00, 0xa4, 0xb0,
  0x01, 0x89, 0x0e, 0x60, 0x01, 0x48, 0x01, 0xa8, 0x36, 0x20, 0x12, 0x02,
  0x2c, 0x00, 0x29, 0x00, 0xd5, 0x06, 0x62, 0x4a, 0x00, 0x52, 0xd8, 0x40,
  0x50, 0x0a, 0x40, 0x0a, 0x1b, 0x8c, 0x6a, 0x01, 0x16, 0x80, 0x14, 0x36,
  0x18, 0x16, 0x03, 0x2c, 0x00, 0x29, 0x6c, 0x70, 0xae, 0xff, 0xff, 0xff,
  0xff, 0x1f, 0x00, 0x53, 0x00, 0xfc, 0x00, 0xf8, 0x03, 0x40, 0x02, 0x28,
  0xa0, 0x0f, 0x36, 0x38, 0xd8, 0xff, 0xff, 0xff, 0xff, 0x0f, 0x40, 0x1b,
  0x00, 0xa7, 0x00, 0xf8, 0x01, 0xf0, 0x07, 0x80, 0x04, 0xf4, 0xc1, 0x06,
  0x22, 0x0b, 0x00, 0x3e, 0xd8, 0x40, 0x68, 0x02, 0xb0, 0x6c, 0x50, 0xb6,
  0xff, 0xff, 0xff, 0xff, 0x1f, 0x80, 0x35, 0x00, 0x4c, 0x01, 0x90, 0x80,
  0x3e, 0xd8, 0xc0, 0x70, 0xff, 0xff, 0xff, 0xff, 0x3f, 0x00, 0x6d, 0x00,
  0xf8, 0x01, 0x20, 0x01, 0x7d, 0x00, 0xd0, 0xc1, 0x06, 0xa3, 0x0b, 0x80,
  0x05, 0xa0, 0x83, 0x0d, 0x84, 0x47, 0x00, 0x7c, 0xb0, 0x61, 0xfa, 0xfe,
  0xff, 0xff, 0xff, 0x7f, 0x00, 0xd6, 0x00, 0x50, 0x06, 0x77, 0x78, 0x87,
  0x36, 0x10, 0x87, 0x7a, 0x48, 0x07, 0x76, 0xa0, 0x87, 0x74, 0x70, 0x87,
  0x79, 0x00, 0x36, 0x10, 0x60, 0x10, 0x00, 0xa4, 0xb0, 0x81, 0x08, 0x03,
  0x01, 0x20, 0x85, 0x0d, 0x84, 0x18, 0x0c, 0x00, 0x29, 0x6c, 0x20, 0xc6,
  0x80, 0x00, 0x48, 0x61, 0x03, 0x41, 0x06, 0x05, 0x40, 0x0a, 0x1b, 0x88,
  0x32, 0x58, 0x00, 0x52, 0xd8, 0x40, 0x98, 0x01, 0x03, 0x90, 0xc2, 0x06,
  0xe2, 0x0c, 0xfe, 0xff, 0xff, 0xff, 0x7f, 0x00, 0xa4, 0x0d, 0x04, 0x1a,
  0x08, 0xc0, 0x19, 0x6c, 0x60, 0xd2, 0x20, 0x00, 0x48, 0x01, 0x38, 0x83,
  0x20, 0x20, 0x82, 0x34, 0x00, 0x83, 0x0d, 0x8c, 0x1a, 0x04, 0x00, 0x29,
  0x00, 0x67, 0x10, 0x04, 0x44, 0x90, 0x06, 0xd0, 0x06, 0x64, 0x0d, 0xfe,
  0xff, 0xff, 0xff, 0x7f, 0x00, 0xd6, 0x00, 0x90, 0x80, 0x3e, 0xd8, 0x80,
  0xb0, 0xc1, 0xff, 0xff, 0xff, 0xff, 0x0f, 0x80, 0x04, 0x50, 0x40, 0x1f,
  0x00, 0x00, 0x49, 0x18, 0x00, 0x00, 0x12, 0x00, 0x00, 0x00, 0x13, 0x92,
  0x40, 0x18, 0x88, 0xc2, 0x38, 0x90, 0x64, 0x42, 0xa3, 0x2c, 0x4c, 0xe3,
  0x3c, 0x50, 0x24, 0x4d, 0x54, 0x65, 0x4d, 0x08, 0xae, 0x09, 0x03, 0x96,
  0x69, 0x13, 0x82, 0x6d, 0xc2, 0xc0, 0x75, 0xde, 0x84, 0xe6, 0x03, 0x83,
  0x30, 0x10, 0x83, 0x31, 0x20, 0x03, 0x08, 0x49, 0x26, 0xaa, 0x0c, 0xcc,
  0x60, 0x82, 0x70, 0x06, 0x68, 0x30, 0x21, 0x48, 0x83, 0x09, 0x81, 0x1a,
  0x4c, 0x08, 0xd6, 0x60, 0x42, 0xc0, 0x06, 0x00, 0x00, 0x00, 0x13, 0xb8,
  0x70, 0x48, 0x07, 0x79, 0xb0, 0x03, 0x3a, 0xf8, 0x05, 0x7b, 0x90, 0x83,
  0x3b, 0x68, 0x83, 0x70, 0x80, 0x07, 0x78, 0x60, 0x87, 0x72, 0x68, 0x83,
  0x76, 0x08, 0x87, 0x71, 0x78, 0x87, 0x79, 0xc0, 0x87, 0x38, 0xa8, 0x03,
  0x37, 0xb8, 0x03, 0x37, 0x80, 0x83, 0x0d, 0xb7, 0x51, 0x0e, 0x6d, 0x00,
  0x0f, 0x7a, 0x60, 0x07, 0x74, 0xa0, 0x07, 0x76, 0x40, 0x07, 0x7a, 0x60,
  0x07, 0x74, 0xd0, 0x06, 0xe9, 0x10, 0x07, 0x7a, 0x80, 0x07, 0x7a, 0x80,
  0x07, 0x6d, 0x90, 0x0e, 0x78, 0xa0, 0x07, 0x78, 0xa0, 0x07, 0x78, 0xd0,
  0x06, 0xe9, 0x10, 0x07, 0x76, 0xa0, 0x07, 0x71, 0x60, 0x07, 0x7a, 0x10,
  0x07, 0x76, 0xd0, 0x06, 0xe9, 0x30, 0x07, 0x72, 0xa0, 0x07, 0x73, 0x20,
  0x07, 0x7a, 0x30, 0x07, 0x72, 0xd0, 0x06, 0xe9, 0x60, 0x07, 0x74, 0xa0,
  0x07, 0x76, 0x40, 0x07, 0x7a, 0x60, 0x07, 0x74, 0xd0, 0x06, 0xe6, 0x30,
  0x07, 0x72, 0xa0, 0x07, 0x73, 0x20, 0x07, 0x7a, 0x30, 0x07, 0x72, 0xd0,
  0x06, 0xe6, 0x60, 0x07, 0x74, 0xa0, 0x07, 0x76, 0x40, 0x07, 0x7a, 0x60,
  0x07, 0x74, 0xd0, 0x06, 0xf6, 0x10, 0x07, 0x76, 0xa0, 0x07, 0x71, 0x60,
  0x07, 0x7a, 0x10, 0x07, 0x76, 0xd0, 0x06, 0xf6, 0x20, 0x07, 0x74, 0xa0,
  0x07, 0x73, 0x20, 0x07, 0x7a, 0x30, 0x07, 0x72, 0xd0, 0x06, 0xf6, 0x30,
  0x07, 0x72, 0xa0, 0x07, 0x73, 0x20, 0x07, 0x7a, 0x30, 0x07, 0x72, 0xd0,
  0x06, 0xf6, 0x40, 0x07, 0x78, 0xa0, 0x07, 0x76, 0x40, 0x07, 0x7a, 0x60,
  0x07, 0x74, 0xd0, 0x06, 0xf6, 0x60, 0x07, 0x74, 0xa0, 0x07, 0x76, 0x40,
  0x07, 0x7a, 0x60, 0x07, 0x74, 0xd0, 0x06, 0xf6, 0x90, 0x07, 0x76, 0xa0,
  0x07, 0x71, 0x20, 0x07, 0x78, 0xa0, 0x07, 0x71, 0x20, 0x07, 0x78, 0xd0,
  0x06, 0xf6, 0x10, 0x07, 0x72, 0x80, 0x07, 0x7a, 0x10, 0x07, 0x72, 0x80,
  0x07, 0x7a, 0x10, 0x07, 0x72, 0x80, 0x07, 0x6d, 0x60, 0x0f, 0x71, 0x90,
  0x07, 0x72, 0xa0, 0x07, 0x72, 0x50, 0x07, 0x76, 0xa0, 0x07, 0x72, 0x50,
  0x07, 0x76, 0xd0, 0x06, 0xf6, 0x20, 0x07, 0x75, 0x60, 0x07, 0x7a, 0x20,
  0x07, 0x75, 0x60, 0x07, 0x7a, 0x20, 0x07, 0x75, 0x60, 0x07, 0x6d, 0x60,
  0x0f, 0x75, 0x10, 0x07, 0x72, 0xa0, 0x07, 0x75, 0x10, 0x07, 0x72, 0xa0,
  0x07, 0x75, 0x10, 0x07, 0x72, 0xd0, 0x06, 0xf6, 0x10, 0x07, 0x70, 0x20,
  0x07, 0x74, 0xa0, 0x07, 0x71, 0x00, 0x07, 0x72, 0x40, 0x07, 0x7a, 0x10,
  0x07, 0x70, 0x20, 0x07, 0x74, 0xd0, 0x06, 0xee, 0x80, 0x07, 0x7a, 0x10,
  0x07, 0x76, 0xa0, 0x07, 0x73, 0x20, 0x07, 0x4a, 0x0f, 0x08, 0x11, 0x92,
  0x41, 0x86, 0x8c, 0x14, 0x11, 0x01, 0x34, 0x42, 0x18, 0x36, 0x69, 0x2a,
  0xc1, 0x69, 0xaa, 0xfb, 0x97, 0x76, 0x48, 0x40, 0x2b, 0x08, 0xce, 0x37,
  0x0c, 0x00, 0x00, 0x00, 0x00, 0x00, 0x00, 0x41, 0x2b, 0x00, 0x3b, 0xa4,
  0x56, 0x68, 0x85, 0xc2, 0x01, 0x83, 0x61, 0x00, 0x00, 0x00, 0x00, 0x00,
  0x00, 0x08, 0x5a, 0x01, 0x18, 0x52, 0xe9, 0x44, 0xc2, 0x00, 0x00, 0x10,
  0x00, 0x00, 0x00, 0x08, 0x00, 0x00, 0x00, 0x00, 0x00, 0xb4, 0x02, 0x30,
  0xa4, 0x1a, 0x0b, 0x98, 0x80, 0x10, 0x60, 0x10, 0x00, 0x00, 0x00, 0x02,
  0x00, 0x00, 0x00, 0x20, 0x00, 0x5a, 0x01, 0x18, 0x52, 0xcd, 0x09, 0x24,
  0x01, 0x01, 0x30, 0x00, 0x00, 0x00, 0x08, 0x00, 0x00, 0x00, 0x00, 0x00,
  0xb4, 0x02, 0x30, 0xa4, 0x1a, 0x15, 0x89, 0x02, 0x02, 0x60, 0x00, 0x00,
  0x00, 0x10, 0x00, 0x00, 0x00, 0x00, 0x00, 0x68, 0x05, 0x60, 0x48, 0x55,
  0x2b, 0x91, 0x05, 0x04, 0xc0, 0x00, 0x00, 0x00, 0x20, 0x00, 0x00, 0x00,
  0x00, 0x00, 0xd0, 0x0a, 0xc0, 0x90, 0xca, 0x5c, 0xac, 0x0d, 0x08, 0x00,
  0x02, 0x00, 0x00, 0x00, 0x00, 0x00, 0x00, 0x00, 0x00, 0xa0, 0x15, 0x80,
  0x21, 0x15, 0xbf, 0x2c, 0x14, 0x10, 0x00, 0x03, 0x00, 0x00, 0x80, 0x00,
  0x00, 0x00, 0x00, 0x00, 0x40, 0x2b, 0x00, 0x43, 0xaa, 0x93, 0xc1, 0x36,
  0x20, 0x00, 0x08, 0x00, 0x00, 0x00, 0x00, 0x00, 0x00, 0x00, 0x00, 0x80,
  0x56, 0x00, 0x86, 0x54, 0x3f, 0xe3, 0x74, 0x40, 0x00, 0x14, 0x00, 0x00,
  0x00, 0x02, 0x00, 0x00, 0x00, 0x00, 0x00, 0xad, 0x00, 0x0c, 0xa9, 0xda,
  0x86, 0x02, 0x03, 0x20, 0x00, 0x0c, 0x00, 0x00, 0x00, 0x00, 0x00, 0x00,
  0x00, 0x00, 0x80, 0x56, 0x00, 0x24, 0x36, 0x08, 0x14, 0x76, 0x38, 0x00,
  0x00, 0xc8, 0x02, 0x01, 0x00, 0x00, 0x0f, 0x00, 0x00, 0x00, 0x32, 0x1e,
  0x98, 0x18, 0x19, 0x11, 0x4c, 0x90, 0x8c, 0x09, 0x26, 0x47, 0xc6, 0x04,
  0x43, 0x4a, 0x8a, 0xa0, 0x04, 0x0a, 0xa1, 0x1c, 0xca, 0xa7, 0x00, 0x05,
  0x0a, 0xa2, 0x40, 0x46, 0x00, 0xca, 0xa0, 0x5c, 0x4a, 0xa7, 0x14, 0x8a,
  0xa7, 0x18, 0x08, 0x1b, 0x01, 0xa0, 0x6c, 0x04, 0xa0, 0x08, 0x48, 0x98,
  0x01, 0xa0, 0x62, 0x06, 0x80, 0xc6, 0xb1, 0x84, 0x0d, 0x00, 0xb1, 0x18,
  0x00, 0x00, 0xa5, 0x00, 0x00, 0x00, 0x33, 0x08, 0x80, 0x1c, 0xc4, 0xe1,
  0x1c, 0x66, 0x14, 0x01, 0x3d, 0x88, 0x43, 0x38, 0x84, 0xc3, 0x8c, 0x42,
  0x80, 0x07, 0x79, 0x78, 0x07, 0x73, 0x98, 0x71, 0x0c, 0xe6, 0x00, 0x0f,
  0xed, 0x10, 0x0e, 0xf4, 0x80, 0x0e, 0x33, 0x0c, 0x42, 0x1e, 0xc2, 0xc1,
  0x1d, 0xce, 0xa1, 0x1c, 0x66, 0x30, 0x05, 0x3d, 0x88, 0x43, 0x38, 0x84,
  0x83, 0x1b, 0xcc, 0x03, 0x3d, 0xc8, 0x43, 0x3d, 0x8c, 0x03, 0x3d, 0xcc,
  0x78, 0x8c, 0x74, 0x70, 0x07, 0x7b, 0x08, 0x07, 0x79, 0x48, 0x87, 0x70,
  0x70, 0x07, 0x7a, 0x70, 0x03, 0x76, 0x78, 0x87, 0x70, 0x20, 0x87, 0x19,
  0xcc, 0x11, 0x0e, 0xec, 0x90, 0x0e, 0xe1, 0x30, 0x0f, 0x6e, 0x30, 0x0f,
  0xe3, 0xf0, 0x0e, 0xf0, 0x50, 0x0e, 0x33, 0x10, 0xc4, 0x1d, 0xde, 0x21,
  0x1c, 0xd8, 0x21, 0x1d, 0xc2, 0x61, 0x1e, 0x66, 0x30, 0x89, 0x3b, 0xbc,
  0x83, 0x3b, 0xd0, 0x43, 0x39, 0xb4, 0x03, 0x3c, 0xbc, 0x83, 0x3c, 0x84,
  0x03, 0x3b, 0xcc, 0xf0, 0x14, 0x76, 0x60, 0x07, 0x7b, 0x68, 0x07, 0x37,
  0x68, 0x87, 0x72, 0x68, 0x07, 0x37, 0x80, 0x87, 0x70, 0x90, 0x87, 0x70,
  0x60, 0x07, 0x76, 0x28, 0x07, 0x76, 0xf8, 0x05, 0x76, 0x78, 0x87, 0x77,
  0x80, 0x87, 0x5f, 0x08, 0x87, 0x71, 0x18, 0x87, 0x72, 0x98, 0x87, 0x79,
  0x98, 0x81, 0x2c, 0xee, 0xf0, 0x0e, 0xee, 0xe0, 0x0e, 0xf5, 0xc0, 0x0e,
  0xec, 0x30, 0x03, 0x62, 0xc8, 0xa1, 0x1c, 0xe4, 0xa1, 0x1c, 0xcc, 0xa1,
  0x1c, 0xe4, 0xa1, 0x1c, 0xdc, 0x61, 0x1c, 0xca, 0x21, 0x1c, 0xc4, 0x81,
  0x1d, 0xca, 0x61, 0x06, 0xd6, 0x90, 0x43, 0x39, 0xc8, 0x43, 0x39, 0x98,
  0x43, 0x39, 0xc8, 0x43, 0x39, 0xb8, 0xc3, 0x38, 0x94, 0x43, 0x38, 0x88,
  0x03, 0x3b, 0x94, 0xc3, 0x2f, 0xbc, 0x83, 0x3c, 0xfc, 0x82, 0x3b, 0xd4,
  0x03, 0x3b, 0xb0, 0xc3, 0x0c, 0xc7, 0x69, 0x87, 0x70, 0x58, 0x87, 0x72,
  0x70, 0x83, 0x74, 0x68, 0x07, 0x78, 0x60, 0x87, 0x74, 0x18, 0x87, 0x74,
  0xa0, 0x87, 0x19, 0xce, 0x53, 0x0f, 0xee, 0x00, 0x0f, 0xf2, 0x50, 0x0e,
  0xe4, 0x90, 0x0e, 0xe3, 0x40, 0x0f, 0xe1, 0x20, 0x0e, 0xec, 0x50, 0x0e,
  0x33, 0x20, 0x28, 0x1d, 0xdc, 0xc1, 0x1e, 0xc2, 0x41, 0x1e, 0xd2, 0x21,
  0x1c, 0xdc, 0x81, 0x1e, 0xdc, 0xe0, 0x1c, 0xe4, 0xe1, 0x1d, 0xea, 0x01,
  0x1e, 0x66, 0x18, 0x51, 0x38, 0xb0, 0x43, 0x3a, 0x9c, 0x83, 0x3b, 0xcc,
  0x50, 0x24, 0x76, 0x60, 0x07, 0x7b, 0x68, 0x07, 0x37, 0x60, 0x87, 0x77,
  0x78, 0x07, 0x78, 0x98, 0x51, 0x4c, 0xf4, 0x90, 0x0f, 0xf0, 0x50, 0x0e,
  0x33, 0x1e, 0x6a, 0x1e, 0xca, 0x61, 0x1c, 0xe8, 0x21, 0x1d, 0xde, 0xc1,
  0x1d, 0x7e, 0x01, 0x1e, 0xe4, 0xa1, 0x1c, 0xcc, 0x21, 0x1d, 0xf0, 0x61,
  0x06, 0x54, 0x85, 0x83, 0x38, 0xcc, 0xc3, 0x3b, 0xb0, 0x43, 0x3d, 0xd0,
  0x43, 0x39, 0xfc, 0xc2, 0x3c, 0xe4, 0x43, 0x3b, 0x88, 0xc3, 0x3b, 0xb0,
  0xc3, 0x8c, 0xc5, 0x0a, 0x87, 0x79, 0x98, 0x87, 0x77, 0x18, 0x87, 0x74,
  0x08, 0x07, 0x7a, 0x28, 0x07, 0x72, 0x98, 0x81, 0x5c, 0xe3, 0x10, 0x0e,
  0xec, 0xc0, 0x0e, 0xe5, 0x50, 0x0e, 0xf3, 0x30, 0x23, 0xc1, 0xd2, 0x41,
  0x1e, 0xe4, 0xe1, 0x17, 0xd8, 0xe1, 0x1d, 0xde, 0x01, 0x1e, 0x66, 0x48,
  0x19, 0x3b, 0xb0, 0x83, 0x3d, 0xb4, 0x83, 0x1b, 0x84, 0xc3, 0x38, 0x8c,
  0x43, 0x39, 0xcc, 0xc3, 0x3c, 0xb8, 0xc1, 0x39, 0xc8, 0xc3, 0x3b, 0xd4,
  0x03, 0x3c, 0xcc, 0x48, 0xb4, 0x71, 0x08, 0x07, 0x76, 0x60, 0x07, 0x71,
  0x08, 0x87, 0x71, 0x58, 0x87, 0x19, 0xdb, 0xc6, 0x0e, 0xec, 0x60, 0x0f,
  0xed, 0xe0, 0x06, 0xf0, 0x20, 0x0f, 0xe5, 0x30, 0x0f, 0xe5, 0x20, 0x0f,
  0xf6, 0x50, 0x0e, 0x6e, 0x10, 0x0e, 0xe3, 0x30, 0x0e, 0xe5, 0x30, 0x0f,
  0xf3, 0xe0, 0x06, 0xe9, 0xe0, 0x0e, 0xe4, 0x50, 0x0e, 0xf8, 0x30, 0x23,
  0xe2, 0xec, 0x61, 0x1c, 0xc2, 0x81, 0x1d, 0xd8, 0xe1, 0x17, 0xec, 0x21,
  0x1d, 0xe6, 0x21, 0x1d, 0xc4, 0x21, 0x1d, 0xd8, 0x21, 0x1d, 0xe8, 0x21,
  0x1f, 0x66, 0x20, 0x9d, 0x3b, 0xbc, 0x43, 0x3d, 0xb8, 0x03, 0x39, 0x94,
  0x83, 0x39, 0xcc, 0x58, 0xbc, 0x70, 0x70, 0x07, 0x77, 0x78, 0x07, 0x7a,
  0x08, 0x07, 0x7a, 0x48, 0x87, 0x77, 0x70, 0x87, 0x19, 0xce, 0x87, 0x0e,
  0xe5, 0x10, 0x0e, 0xf0, 0x10, 0x0e, 0xec, 0xc0, 0x0e, 0xef, 0x30, 0x0e,
  0xf3, 0x90, 0x0e, 0xf4, 0x50, 0x0e, 0x33, 0x28, 0x30, 0x08, 0x87, 0x74,
  0x90, 0x07, 0x37, 0x30, 0x87, 0x7a, 0x70, 0x87, 0x71, 0xa0, 0x87, 0x74,
  0x78, 0x07, 0x77, 0xf8, 0x85, 0x73, 0x90, 0x87, 0x77, 0xa8, 0x07, 0x78,
  0x98, 0x07, 0x00, 0x00, 0x00, 0x00, 0x79, 0x20, 0x00, 0x00, 0x2a, 0x01,
  0x00, 0x00, 0x72, 0x1e, 0x48, 0x20, 0x43, 0x88, 0x0c, 0x19, 0x09, 0x72,
  0x32, 0x48, 0x20, 0x23, 0x81, 0x8c, 0x91, 0x91, 0xd1, 0x44, 0xa0, 0x10,
  0x28, 0x64, 0x3c, 0x31, 0x32, 0x42, 0x8e, 0x90, 0x21, 0xa3, 0x88, 0x06,
  0x64, 0x80, 0x4f, 0x00, 0x00, 0x00, 0x8b, 0xd2, 0x58, 0xd8, 0x06, 0x6d,
  0xd0, 0x1c, 0x14, 0x1b, 0x47, 0x06, 0x8a, 0x84, 0x44, 0xd1, 0x15, 0x15,
  0xcc, 0x30, 0x38, 0x03, 0x21, 0x08, 0xcf, 0x00, 0x06, 0xc5, 0xf0, 0x0d,
  0xc3, 0xf3, 0x00, 0x00, 0x00, 0x00, 0x53, 0x44, 0x4b, 0x20, 0x56, 0x65,
  0x72, 0x73, 0x69, 0x6f, 0x6e, 0x77, 0x63, 0x68, 0x61, 0x72, 0x5f, 0x73,
  0x69, 0x7a, 0x65, 0x66, 0x72, 0x61, 0x6d, 0x65, 0x2d, 0x70, 0x6f, 0x69,
  0x6e, 0x74, 0x65, 0x72, 0x61, 0x69, 0x72, 0x2e, 0x6d, 0x61, 0x78, 0x5f,
  0x64, 0x65, 0x76, 0x69, 0x63, 0x65, 0x5f, 0x62, 0x75, 0x66, 0x66, 0x65,
  0x72, 0x73, 0x61, 0x69, 0x72, 0x2e, 0x6d, 0x61, 0x78, 0x5f, 0x63, 0x6f,
  0x6e, 0x73, 0x74, 0x61, 0x6e, 0x74, 0x5f, 0x62, 0x75, 0x66, 0x66, 0x65,
  0x72, 0x73, 0x61, 0x69, 0x72, 0x2e, 0x6d, 0x61, 0x78, 0x5f, 0x74, 0x68,
  0x72, 0x65, 0x61, 0x64, 0x67, 0x72, 0x6f, 0x75, 0x70, 0x5f, 0x62, 0x75,
  0x66, 0x66, 0x65, 0x72, 0x73, 0x61, 0x69, 0x72, 0x2e, 0x6d, 0x61, 0x78,
  0x5f, 0x74, 0x65, 0x78, 0x74, 0x75, 0x72, 0x65, 0x73, 0x61, 0x69, 0x72,
  0x2e, 0x6d, 0x61, 0x78, 0x5f, 0x72, 0x65, 0x61, 0x64, 0x5f, 0x77, 0x72,
  0x69, 0x74, 0x65, 0x5f, 0x74, 0x65, 0x78, 0x74, 0x75, 0x72, 0x65, 0x73,
  0x61, 0x69, 0x72, 0x2e, 0x6d, 0x61, 0x78, 0x5f, 0x73, 0x61, 0x6d, 0x70,
  0x6c, 0x65, 0x72, 0x73, 0x41, 0x70, 0x70, 0x6c, 0x65, 0x20, 0x6d, 0x65,
  0x74, 0x61, 0x6c, 0x20, 0x76, 0x65, 0x72, 0x73, 0x69, 0x6f, 0x6e, 0x20,
  0x33, 0x32, 0x30, 0x32, 0x33, 0x2e, 0x39, 0x31, 0x37, 0x20, 0x28, 0x6d,
  0x65, 0x74, 0x61, 0x6c, 0x66, 0x65, 0x2d, 0x33, 0x32, 0x30, 0x32, 0x33,
  0x2e, 0x39, 0x31, 0x37, 0x2e, 0x32, 0x29, 0x4d, 0x65, 0x74, 0x61, 0x6c,
  0x61, 0x69, 0x72, 0x2e, 0x63, 0x6f, 0x6d, 0x70, 0x69, 0x6c, 0x65, 0x2e,
  0x64, 0x65, 0x6e, 0x6f, 0x72, 0x6d, 0x73, 0x5f, 0x64, 0x69, 0x73, 0x61,
  0x62, 0x6c, 0x65, 0x61, 0x69, 0x72, 0x2e, 0x63, 0x6f, 0x6d, 0x70, 0x69,
  0x6c, 0x65, 0x2e, 0x66, 0x61, 0x73, 0x74, 0x5f, 0x6d, 0x61, 0x74, 0x68,
  0x5f, 0x65, 0x6e, 0x61, 0x62, 0x6c, 0x65, 0x61, 0x69, 0x72, 0x2e, 0x63,
  0x6f, 0x6d, 0x70, 0x69, 0x6c, 0x65, 0x2e, 0x66, 0x72, 0x61, 0x6d, 0x65,
  0x62, 0x75, 0x66, 0x66, 0x65, 0x72, 0x5f, 0x66, 0x65, 0x74, 0x63, 0x68,
  0x5f, 0x65, 0x6e, 0x61, 0x62, 0x6c, 0x65, 0x61, 0x69, 0x72, 0x2e, 0x62,
  0x75, 0x66, 0x66, 0x65, 0x72, 0x61, 0x69, 0x72, 0x2e, 0x6c, 0x6f, 0x63,
  0x61, 0x74, 0x69, 0x6f, 0x6e, 0x5f, 0x69, 0x6e, 0x64, 0x65, 0x78, 0x61,
  0x69, 0x72, 0x2e, 0x72, 0x65, 0x61, 0x64, 0x61, 0x69, 0x72, 0x2e, 0x61,
  0x64, 0x64, 0x72, 0x65, 0x73, 0x73, 0x5f, 0x73, 0x70, 0x61, 0x63, 0x65,
  0x61, 0x69, 0x72, 0x2e, 0x61, 0x72, 0x67, 0x5f, 0x74, 0x79, 0x70, 0x65,
  0x5f, 0x73, 0x69, 0x7a, 0x65, 0x61, 0x69, 0x72, 0x2e, 0x61, 0x72, 0x67,
  0x5f, 0x74, 0x79, 0x70, 0x65, 0x5f, 0x61, 0x6c, 0x69, 0x67, 0x6e, 0x5f,
  0x73, 0x69, 0x7a, 0x65, 0x61, 0x69, 0x72, 0x2e, 0x61, 0x72, 0x67, 0x5f,
  0x74, 0x79, 0x70, 0x65, 0x5f, 0x6e, 0x61, 0x6d, 0x65, 0x66, 0x6c, 0x6f,
  0x61, 0x74, 0x61, 0x69, 0x72, 0x2e, 0x61, 0x72, 0x67, 0x5f, 0x6e, 0x61,
  0x6d, 0x65, 0x73, 0x72, 0x63, 0x77, 0x74, 0x73, 0x61, 0x69, 0x72, 0x2e,
  0x72, 0x65, 0x61, 0x64, 0x5f, 0x77, 0x72, 0x69, 0x74, 0x65, 0x64, 0x73,
  0x74, 0x75, 0x69, 0x6e, 0x74, 0x6b, 0x70, 0x63, 0x70, 0x61, 0x69, 0x72,
  0x2e, 0x62, 0x75, 0x66, 0x66, 0x65, 0x72, 0x5f, 0x73, 0x69, 0x7a, 0x65,
  0x65, 0x70, 0x69, 0x61, 0x69, 0x72, 0x2e, 0x74, 0x68, 0x72, 0x65, 0x61,
  0x64, 0x67, 0x72, 0x6f, 0x75, 0x70, 0x5f, 0x70, 0x6f, 0x73, 0x69, 0x74,
  0x69, 0x6f, 0x6e, 0x5f, 0x69, 0x6e, 0x5f, 0x67, 0x72, 0x69, 0x64, 0x75,
  0x69, 0x6e, 0x74, 0x33, 0x74, 0x67, 0x70, 0x61, 0x69, 0x72, 0x2e, 0x74,
  0x68, 0x72, 0x65, 0x61, 0x64, 0x5f, 0x69, 0x6e, 0x64, 0x65, 0x78, 0x5f,
  0x69, 0x6e, 0x5f, 0x74, 0x68, 0x72, 0x65, 0x61, 0x64, 0x67, 0x72, 0x6f,
  0x75, 0x70, 0x6c, 0x69, 0x64, 0x69, 0x6e, 0x74, 0x6f, 0x6d, 0x6e, 0x69,
  0x70, 0x6f, 0x74, 0x65, 0x6e, 0x74, 0x20, 0x63, 0x68, 0x61, 0x72, 0x53,
  0x69, 0x6d, 0x70, 0x6c, 0x65, 0x20, 0x43, 0x2b, 0x2b, 0x20, 0x54, 0x42,
  0x41, 0x41, 0x66, 0x9f, 0x00, 0x00, 0x00, 0x00, 0x00, 0x00, 0x30, 0x82,
  0x90, 0x30, 0x23, 0x08, 0x63, 0x00, 0x06, 0x23, 0x08, 0x49, 0x33, 0x82,
  0x90, 0x38, 0x23, 0x08, 0xc9, 0x33, 0x82, 0x90, 0x40, 0x23, 0x08, 0x49,
  0x34, 0x82, 0x90, 0x48, 0x23, 0x08, 0xc9, 0x34, 0x82, 0x90, 0x50, 0x23,
  0x08, 0x49, 0x35, 0x82, 0xd0, 0x08, 0x23, 0x08, 0x89, 0x35, 0x82, 0x90,
  0x5c, 0x23, 0x08, 0x09, 0x36, 0x82, 0x90, 0x64, 0x23, 0x08, 0x89, 0x36,
  0x82, 0x80, 0x6d, 0x33, 0x0c, 0x69, 0x10, 0xa8, 0xc1, 0x0c, 0xc3, 0x1a,
  0x08, 0x6c, 0x30, 0xc3, 0xd0, 0x06, 0x43, 0x1a, 0xcc, 0x30, 0xb4, 0x01,
  0xe1, 0x06, 0x33, 0x0c, 0x6d, 0x50, 0xb8, 0xc1, 0x0c, 0x43, 0x1b, 0x18,
  0x6e, 0x30, 0xc3, 0xd0, 0x06, 0xc7, 0x1b, 0xcc, 0x30, 0xb4, 0x01, 0x02,
  0x07, 0x33, 0x0c, 0x6d, 0x90, 0xc4, 0xc1, 0x0c, 0x81, 0x32, 0xc3, 0x90,
  0x06, 0x6d, 0x20, 0x07, 0x33, 0x10, 0xcb, 0x1c, 0xa4, 0x81, 0x1c, 0xcc,
  0x10, 0x30, 0x33, 0x04, 0xcd, 0x0c, 0x81, 0x33, 0x03, 0x30, 0x03, 0x24,
  0x07, 0x0f, 0x24, 0x07, 0x6b, 0x10, 0x49, 0x6b, 0x30, 0xb1, 0x01, 0xc5,
  0x06, 0x95, 0x75, 0x61, 0x33, 0x40, 0x6b, 0xf0, 0x40, 0x6b, 0xb0, 0x06,
  0x91, 0xb4, 0x06, 0x13, 0x1b, 0x50, 0x6c, 0x50, 0x59, 0x57, 0x36, 0x03,
  0x94, 0x06, 0x0f, 0x94, 0x06, 0x6b, 0xa0, 0x49, 0x6b, 0x30, 0xb1, 0x01,
  0xc5, 0x06, 0x95, 0x75, 0x6d, 0x33, 0x40, 0x73, 0xf0, 0x40, 0x75, 0xb0,
  0x06, 0x91, 0x94, 0x06, 0x13, 0x1b, 0x50, 0x6c, 0x50, 0x71, 0x57, 0x37,
  0x03, 0xc4, 0x06, 0x0f, 0x64, 0x07, 0x6b, 0x10, 0x49, 0x69, 0x30, 0xb1,
  0x01, 0xc5, 0x06, 0x15, 0x77, 0x79, 0x33, 0x48, 0x77, 0xf0, 0x7c, 0x6c,
  0x00, 0xe1, 0xc1, 0x1a, 0x44, 0x52, 0x1a, 0x4c, 0x6c, 0x40, 0xb1, 0x41,
  0xc5, 0x5d, 0x60, 0x30, 0x83, 0x91, 0x07, 0x61, 0x50, 0x89, 0xc1, 0x35,
  0x06, 0x33, 0x18, 0x6d, 0x40, 0x06, 0x15, 0x77, 0x95, 0xc1, 0x0c, 0xc8,
  0x2a, 0xb0, 0x42, 0x2b, 0xb8, 0xc2, 0x2b, 0xc0, 0x42, 0x2c, 0xc8, 0xc2,
  0x0c, 0x03, 0x1d, 0xa8, 0xc2, 0x2c, 0xcc, 0x10, 0xa0, 0xc1, 0x0c, 0xc3,
  0x19, 0xd4, 0x82, 0x1e, 0xcc, 0x30, 0x98, 0x81, 0x2d, 0xe8, 0xc1, 0x0c,
  0xc3, 0x2d, 0xdc, 0x82, 0x1e, 0x1c, 0x1c, 0x00, 0x1c, 0x1a, 0x70, 0x1c,
  0xc7, 0x71, 0x1c, 0xc7, 0x71, 0x1c, 0xc7, 0x71, 0x1c, 0xc7, 0xb9, 0x81,
  0x1b, 0xb8, 0x81, 0x1b, 0xb8, 0x81, 0x1b, 0xb8, 0x81, 0x1b, 0xb8, 0x81,
  0x45, 0x07, 0x7a, 0x60, 0x59, 0x16, 0x44, 0x13, 0x34, 0x41, 0x13, 0x34,
  0x41, 0x13, 0x6c, 0xc1, 0x0a, 0xa6, 0x00, 0x0f, 0x74, 0xc0, 0xd1, 0x01,
  0x1d, 0xc8, 0x48, 0x60, 0x82, 0x32, 0x62, 0x63, 0xb3, 0x6b, 0x73, 0x69,
  0x7b, 0x23, 0xab, 0x63, 0x2b, 0x73, 0x31, 0x63, 0x0b, 0x3b, 0x9b, 0x1b,
  0x25, 0xd1, 0x83, 0x3d, 0xe0, 0x83, 0x3e, 0xf0, 0x83, 0x3f, 0x00, 0x85,
  0x50, 0x10, 0x85, 0x54, 0xd8, 0xd8, 0xec, 0xda, 0x5c, 0xd2, 0xc8, 0xca,
  0xdc, 0xe8, 0x46, 0x09, 0x46, 0x21, 0x97, 0xb0, 0x34, 0x39, 0x17, 0xbb,
  0x32, 0xb9, 0xb9, 0xb4, 0x37, 0xb7, 0x51, 0x02, 0x52, 0x48, 0x2a, 0x2c,
  0x4d, 0xce, 0x85, 0x2d, 0xcc, 0xed, 0xac, 0x2e, 0xec, 0xac, 0xec, 0xcb,
  0xae, 0x4c, 0x6e, 0x2e, 0xed, 0xcd, 0x6d, 0x94, 0xa0, 0x14, 0x72, 0x0a,
  0x4b, 0x93, 0x73, 0x19, 0x7b, 0x6b, 0x83, 0x4b, 0x63, 0x2b, 0xfb, 0x7a,
  0x83, 0xa3, 0x4b, 0x7b, 0x73, 0x9b, 0x1b, 0x65, 0x30, 0x85, 0x53, 0x40,
  0x85, 0x54, 0xc2, 0xd2, 0xe4, 0x5c, 0xd6, 0xca, 0xe4, 0xdc, 0xca, 0xd8,
  0x46, 0x09, 0x66, 0x01, 0x00, 0x00, 0xa9, 0x18, 0x00, 0x00, 0x25, 0x00,
  0x00, 0x00, 0x0b, 0x0a, 0x72, 0x28, 0x87, 0x77, 0x80, 0x07, 0x7a, 0x58,
  0x70, 0x98, 0x43, 0x3d, 0xb8, 0xc3, 0x38, 0xb0, 0x43, 0x39, 0xd0, 0xc3,
  0x82, 0xe6, 0x1c, 0xc6, 0xa1, 0x0d, 0xe8, 0x41, 0x1e, 0xc2, 0xc1, 0x1d,
  0xe6, 0x21, 0x1d, 0xe8, 0x21, 0x1d, 0xde, 0xc1, 0x1d, 0x16, 0x34, 0xe3,
  0x60, 0x0e, 0xe7, 0x50, 0x0f, 0xe1, 0x20, 0x0f, 0xe4, 0x40, 0x0f, 0xe1,
  0x20, 0x0f, 0xe7, 0x50, 0x0e, 0xf4, 0xb0, 0x80, 0x81, 0x07, 0x79, 0x28,
  0x87, 0x70, 0x60, 0x07, 0x76, 0x78, 0x87, 0x71, 0x08, 0x07, 0x7a, 0x28,
  0x07, 0x72, 0x58, 0x70, 0x9c, 0xc3, 0x38, 0xb4, 0x01, 0x3b, 0xa4, 0x83,
  0x3d, 0x94, 0xc3, 0x02, 0x6b, 0x1c, 0xd8, 0x21, 0x1c, 0xdc, 0xe1, 0x1c,
  0xdc, 0x20, 0x1c, 0xe4, 0x61, 0x1c, 0xdc, 0x20, 0x1c, 0xe8, 0x81, 0x1e,
  0xc2, 0x61, 0x1c, 0xd0, 0xa1, 0x1c, 0xc8, 0x61, 0x1c, 0xc2, 0x81, 0x1d,
  0xd8, 0x61, 0xc1, 0x01, 0x0f, 0xf4, 0x20, 0x0f, 0xe1, 0x50, 0x0f, 0xf4,
  0x80, 0x0e, 0x00, 0x00, 0x00, 0x00, 0xd1, 0x10, 0x00, 0x00, 0x06, 0x00,
  0x00, 0x00, 0x07, 0xcc, 0x3c, 0xa4, 0x83, 0x3b, 0x9c, 0x03, 0x3b, 0x94,
  0x03, 0x3d, 0xa0, 0x83, 0x3c, 0x94, 0x43, 0x38, 0x90, 0xc3, 0x01, 0x00,
  0x00, 0x00, 0x61, 0x20, 0x00, 0x00, 0x52, 0x00, 0x00, 0x00, 0x13, 0x04,
  0x41, 0x2c, 0x10, 0x00, 0x00, 0x00, 0x06, 0x00, 0x00, 0x00, 0x84, 0x8c,
  0x00, 0x90, 0x33, 0xd4, 0x21, 0x0c, 0x00, 0xb6, 0x61, 0x1b, 0x3d, 0x43,
  0x1d, 0x85, 0x11, 0x60, 0x1b, 0xb6, 0x01, 0x00, 0x00, 0x00, 0xf1, 0x30,
  0x00, 0x00, 0x3c, 0x00, 0x00, 0x00, 0x22, 0x47, 0xc8, 0x90, 0x51, 0x1e,
  0xc8, 0x59, 0x00, 0x00, 0x00, 0x00, 0x9b, 0x65, 0x59, 0x96, 0x65, 0x01,
  0x00, 0x00, 0x61, 0x69, 0x72, 0x2d, 0x61, 0x6c, 0x69, 0x61, 0x73, 0x2d,
  0x73, 0x63, 0x6f, 0x70, 0x65, 0x73, 0x28, 0x6e, 0x76, 0x63, 0x6f, 0x6e,
  0x76, 0x33, 0x5f, 0x73, 0x29, 0x61, 0x69, 0x72, 0x2d, 0x61, 0x6c, 0x69,
  0x61, 0x73, 0x2d, 0x73, 0x63, 0x6f, 0x70, 0x65, 0x2d, 0x61, 0x72, 0x67,
  0x28, 0x35, 0x29, 0x61, 0x69, 0x72, 0x2d, 0x61, 0x6c, 0x69, 0x61, 0x73,
  0x2d, 0x73, 0x63, 0x6f, 0x70, 0x65, 0x2d, 0x61, 0x72, 0x67, 0x28, 0x34,
  0x29, 0x61, 0x69, 0x72, 0x2d, 0x61, 0x6c, 0x69, 0x61, 0x73, 0x2d, 0x73,
  0x63, 0x6f, 0x70, 0x65, 0x2d, 0x61, 0x72, 0x67, 0x28, 0x33, 0x29, 0x61,
  0x69, 0x72, 0x2d, 0x61, 0x6c, 0x69, 0x61, 0x73, 0x2d, 0x73, 0x63, 0x6f,
  0x70, 0x65, 0x2d, 0x61, 0x72, 0x67, 0x28, 0x32, 0x29, 0x61, 0x69, 0x72,
  0x2d, 0x61, 0x6c, 0x69, 0x61, 0x73, 0x2d, 0x73, 0x63, 0x6f, 0x70, 0x65,
  0x2d, 0x61, 0x72, 0x67, 0x28, 0x31, 0x29, 0x61, 0x69, 0x72, 0x2d, 0x61,
  0x6c, 0x69, 0x61, 0x73, 0x2d, 0x73, 0x63, 0x6f, 0x70, 0x65, 0x2d, 0x61,
  0x72, 0x67, 0x28, 0x30, 0x29, 0x00, 0x2b, 0x04, 0x70, 0xc8, 0x85, 0x15,
  0x43, 0x38, 0x80, 0x83, 0x2e, 0xac, 0x18, 0xc4, 0x01, 0x1c, 0x76, 0x61,
  0xc5, 0x30, 0x0e, 0xe0, 0xc0, 0x0b, 0x2b, 0x06, 0x72, 0x00, 0x87, 0x5e,
  0x58, 0x31, 0x94, 0x03, 0x38, 0xf8, 0xc2, 0x8a, 0xc1, 0x1c, 0xc0, 0xe1,
  0x17, 0x36, 0x04, 0xe1, 0xb0, 0xa1, 0x30, 0x87, 0x72, 0x20, 0x87, 0x71,
  0x10, 0x07, 0x00, 0x00, 0x00, 0x00, 0x64, 0x24, 0x63, 0xc4, 0x00, 0x3a,
  0x62, 0x10, 0x0c, 0x20, 0x35, 0x60, 0x16, 0x85, 0x20, 0x82, 0x04, 0x31,
  0x8a, 0x41, 0xd0, 0x80, 0x18, 0x00, 0x03, 0x00, 0x00, 0x00, 0x5b, 0x0e,
  0x20, 0xb8, 0x85, 0xc3, 0x1c, 0x90, 0x73, 0x00, 0x00, 0x00, 0x00, 0x00,
  0x00, 0x00, 0x61, 0x20, 0x00, 0x00, 0x66, 0x02, 0x00, 0x00, 0x13, 0x04,
  0x75, 0x10, 0x0b, 0x04, 0x00, 0x00, 0x14, 0x00, 0x00, 0x00, 0x94, 0x94,
  0x47, 0x0d, 0x14, 0x54, 0xe1, 0x15, 0x68, 0x40, 0x49, 0x14, 0x45, 0x59,
  0x10, 0x56, 0x20, 0x05, 0x54, 0x02, 0x85, 0x50, 0x42, 0x45, 0x54, 0x46,
  0xa5, 0x54, 0x4c, 0xe5, 0x54, 0x50, 0x25, 0x55, 0x58, 0xa5, 0x55, 0x5c,
  0xe5, 0x55, 0x60, 0x25, 0x56, 0x10, 0x25, 0x51, 0x14, 0x65, 0x51, 0x38,
  0xa5, 0x53, 0x3c, 0xe5, 0x43, 0xdf, 0x08, 0x40, 0x0d, 0x10, 0x30, 0x02,
  0x30, 0x46, 0x00, 0x82, 0x20, 0x88, 0x7f, 0x63, 0x04, 0x20, 0x08, 0x82,
  0x2c, 0x18, 0x10, 0x32, 0x02, 0x00, 0xf1, 0x30, 0x00, 0x00, 0x1f, 0x00,
  0x00, 0x00, 0x22, 0x47, 0xc8, 0x90, 0x51, 0x0a, 0x84, 0x07, 0x84, 0x05,
  0x00, 0x00, 0x62, 0x6f, 0x6f, 0x6c, 0x6c, 0x6c, 0x76, 0x6d, 0x2e, 0x6c,
  0x6f, 0x6f, 0x70, 0x2e, 0x6d, 0x75, 0x73, 0x74, 0x70, 0x72, 0x6f, 0x67,
  0x72, 0x65, 0x73, 0x73, 0x00, 0x00, 0x13, 0x84, 0x8c, 0x9b, 0x20, 0x64,
  0xdd, 0x0a, 0xa1, 0x17, 0xd0, 0x61, 0x85, 0xe0, 0x0b, 0xe8, 0xb0, 0x42,
  0xf8, 0x05, 0x74, 0x58, 0x21, 0x80, 0x03, 0x3a, 0xac, 0x10, 0xc2, 0x01,
  0x1d, 0x56, 0x08, 0xe2, 0x80, 0x0e, 0x2b, 0x84, 0x71, 0x40, 0x87, 0x15,
  0x02, 0x39, 0xa0, 0xc3, 0x0a, 0xa1, 0x1c, 0xd0, 0x61, 0xc3, 0x90, 0x0b,
  0xb6, 0xa0, 0x07, 0x1b, 0x06, 0x73, 0x30, 0x07, 0x3d, 0xd8, 0x10, 0xe8,
  0xc2, 0x06, 0x61, 0x17, 0x78, 0x61, 0xc3, 0x60, 0xd9, 0x82, 0x1e, 0x6c,
  0x18, 0xd4, 0x41, 0x1d, 0xf4, 0x00, 0x33, 0x11, 0x64, 0x90, 0x34, 0xa3,
  0x30, 0x13, 0x41, 0x06, 0x49, 0x33, 0x0a, 0x33, 0x11, 0x64, 0x90, 0x34,
  0xa3, 0x30, 0x13, 0x61, 0x06, 0x49, 0x13, 0x0a, 0x33, 0x11, 0x69, 0x90,
  0x34, 0xa3, 0x30, 0x13, 0xb1, 0x06, 0x49, 0x33, 0x0a, 0x33, 0x11, 0x6b,
  0x90, 0x34, 0xa3, 0xd0, 0x13, 0x81, 0x0e, 0xcc, 0x80, 0x82, 0x64, 0xf4,
  0x44, 0xb0, 0x83, 0x32, 0xa0, 0x20, 0x19, 0x3d, 0x11, 0xf0, 0xc0, 0x0c,
  0x28, 0x48, 0x46, 0x4f, 0x04, 0x3d, 0x38, 0x03, 0x0a, 0x92, 0xd1, 0x13,
  0x81, 0x0f, 0xd0, 0x80, 0x82, 0x64, 0xf4, 0x44, 0xf0, 0x83, 0x34, 0xa0,
  0x20, 0x19, 0x3d, 0x11, 0x40, 0x41, 0x0d, 0x28, 0x48, 0x46, 0x4f, 0x04,
  0x51, 0x58, 0x03, 0x0a, 0x92, 0xd1, 0x13, 0x81, 0x14, 0xd8, 0x80, 0x82,
  0x64, 0xf4, 0x44, 0x30, 0x85, 0x36, 0xa0, 0x20, 0x19, 0x3d, 0x11, 0x50,
  0xc1, 0x0d, 0x28, 0x48, 0x46, 0x4f, 0x04, 0x55, 0x78, 0x03, 0x0a, 0x92,
  0xd1, 0x13, 0x81, 0x15, 0xe0, 0x80, 0x82, 0x64, 0xf4, 0x44, 0x70, 0x85,
  0x38, 0xa0, 0x20, 0x19, 0x3d, 0x11, 0x60, 0x41, 0x0e, 0x28, 0x48, 0x46,
  0x4f, 0x84, 0x59, 0x98, 0x03, 0x0a, 0x92, 0xd1, 0x13, 0xa1, 0x16, 0xe8,
  0x80, 0x82, 0x64, 0xf4, 0x44, 0xb8, 0x85, 0x3a, 0xa0, 0x20, 0x19, 0x3d,
  0x11, 0x72, 0xc1, 0x0e, 0x28, 0x48, 0x46, 0x4f, 0x84, 0x5d, 0xb8, 0x03,
  0x0a, 0x92, 0xd1, 0x13, 0xa1, 0x17, 0xf0, 0x80, 0x82, 0x64, 0xf4, 0x44,
  0xf8, 0x85, 0x3c, 0xa0, 0x20, 0x19, 0x3d, 0x11, 0xc2, 0x41, 0x0f, 0x28,
  0x48, 0xc6, 0x70, 0x43, 0x39, 0xd8, 0x41, 0x18, 0x0c, 0x37, 0x9c, 0xc3,
  0x1d, 0x80, 0xc1, 0x74, 0x43, 0x2f, 0xf0, 0x42, 0x30, 0xdd, 0xc0, 0x0b,
  0xc1, 0x80, 0x01, 0x3f, 0xc0, 0x40, 0x06, 0x58, 0xf4, 0x44, 0x48, 0x87,
  0x80, 0x82, 0x64, 0x60, 0x01, 0x0e, 0x30, 0x90, 0x01, 0x16, 0x3d, 0x11,
  0xda, 0x21, 0xa0, 0x20, 0x19, 0x98, 0x8c, 0x03, 0x0c, 0x64, 0x80, 0x45,
  0x4f, 0x84, 0x78, 0x08, 0x28, 0x48, 0x06, 0x36, 0xe6, 0x00, 0x03, 0x19,
  0x60, 0xd1, 0x13, 0xa1, 0x1e, 0x02, 0x0a, 0x92, 0x71, 0x73, 0x90, 0x07,
  0x72, 0x81, 0x1c, 0xc8, 0x18, 0xc2, 0x3d, 0x94, 0xc4, 0x05, 0x27, 0x71,
  0x63, 0x08, 0xf9, 0xb0, 0x0e, 0x67, 0x0a, 0xf6, 0xa0, 0xc3, 0x0d, 0x01,
  0x4c, 0x80, 0xc1, 0xed, 0xc3, 0x4d, 0x60, 0xc6, 0x82, 0xb6, 0x23, 0x06,
  0x06, 0x02, 0x82, 0x60, 0xb0, 0xf9, 0x84, 0x3c, 0x04, 0x19, 0x0b, 0xda,
  0x8e, 0x18, 0x18, 0x08, 0x08, 0x82, 0xc1, 0xf6, 0x13, 0xf3, 0x10, 0x64,
  0x2c, 0x68, 0x3b, 0x62, 0x60, 0x20, 0x20, 0x08, 0x06, 0x1b, 0x58, 0xd0,
  0x43, 0xd0, 0xcd, 0x21, 0x16, 0x5c, 0xc2, 0x25, 0x46, 0x0c, 0x0c, 0x04,
  0x04, 0xc1, 0x60, 0x0b, 0x0b, 0x79, 0x08, 0x2e, 0x29, 0x60, 0x96, 0x80,
  0x38, 0x55, 0x70, 0x05, 0xb9, 0x20, 0x15, 0xe4, 0x96, 0x9a, 0xb8, 0x23,
  0x89, 0x90, 0x50, 0x0c, 0xc4, 0xe2, 0x06, 0xf2, 0x16, 0xb4, 0x1d, 0x31,
  0x30, 0x10, 0x10, 0x04, 0x83, 0x0d, 0x2d, 0xf6, 0x21, 0x18, 0x31, 0x40,
  0x12, 0x10, 0x04, 0x03, 0x30, 0x30, 0x8b, 0xa0, 0x26, 0xf6, 0x41, 0x1c,
  0x86, 0x1b, 0x8a, 0x9e, 0x00, 0x83, 0x59, 0x06, 0x61, 0x08, 0xb0, 0x31,
  0x8b, 0x1b, 0x38, 0xc2, 0xd8, 0x59, 0x82, 0x22, 0x0d, 0x2c, 0x72, 0x17,
  0xb4, 0xbd, 0x23, 0xd9, 0x94, 0xb0, 0xc8, 0x5e, 0xd0, 0x16, 0xa9, 0xb6,
  0xb8, 0x81, 0xbe, 0x0e, 0xe0, 0xf0, 0x13, 0x3f, 0x91, 0x0c, 0x16, 0x9d,
  0x18, 0x60, 0xa2, 0x08, 0xfa, 0x3a, 0x8c, 0x83, 0x58, 0x98, 0xc4, 0x3d,
  0x71, 0xb1, 0x19, 0x60, 0xd1, 0x89, 0x81, 0x26, 0x92, 0x20, 0x25, 0x2c,
  0x6e, 0xaa, 0x8b, 0xcd, 0x00, 0x8b, 0x59, 0x02, 0x63, 0xa0, 0x22, 0x01,
  0x17, 0xa0, 0x0c, 0x08, 0x0c, 0xee, 0xe2, 0x06, 0x8e, 0x0b, 0x60, 0xb8,
  0x21, 0x40, 0x03, 0x32, 0x48, 0x02, 0x8b, 0x6e, 0x0e, 0xf1, 0xe0, 0x16,
  0x41, 0x0e, 0x59, 0x0c, 0x1b, 0x10, 0x42, 0x10, 0x00, 0x57, 0x80, 0x43,
  0x9d, 0x11, 0x0e, 0x73, 0x01, 0x38, 0xd4, 0x09, 0xe1, 0x30, 0x9d, 0x1c,
  0xf4, 0x81, 0x2e, 0x8e, 0x61, 0x03, 0x22, 0x10, 0x06, 0xe0, 0x8a, 0x5e,
  0x10, 0x0c, 0xc4, 0x01, 0x04, 0x3a, 0x39, 0xf0, 0xc3, 0x5d, 0x28, 0xc3,
  0x06, 0x44, 0x20, 0x0c, 0xc0, 0x19, 0xbe, 0x20, 0x18, 0x8c, 0x03, 0x08,
  0x74, 0x72, 0xf0, 0x07, 0xbd, 0x68, 0x86, 0x0d, 0x88, 0x40, 0x18, 0x00,
  0x94, 0x52, 0x03, 0x06, 0x86, 0x1b, 0x82, 0xd4, 0x00, 0x83, 0x59, 0x86,
  0x80, 0x08, 0x06, 0x2a, 0x12, 0x55, 0x10, 0x48, 0x61, 0x1b, 0xa8, 0x48,
  0x5c, 0x41, 0x00, 0x85, 0xed, 0x82, 0x3c, 0x80, 0xe1, 0x86, 0xba, 0x68,
  0x0d, 0x30, 0x98, 0x25, 0x10, 0x83, 0x81, 0x8a, 0x04, 0x66, 0x86, 0xb6,
  0xd8, 0x66, 0x19, 0x0e, 0x24, 0x0f, 0x2e, 0x00, 0x89, 0x3a, 0x21, 0x24,
  0xe6, 0x02, 0x7f, 0xa8, 0x13, 0xfe, 0x61, 0x66, 0x09, 0x90, 0x81, 0x8a,
  0x44, 0x38, 0x74, 0xc6, 0x18, 0xa8, 0x48, 0x8c, 0x83, 0x67, 0x8c, 0x81,
  0x8a, 0x84, 0x39, 0x7c, 0xc6, 0x38, 0xc4, 0x0e, 0x76, 0xb8, 0x21, 0xc8,
  0x03, 0x32, 0x98, 0x65, 0x48, 0x98, 0x60, 0x96, 0x41, 0x59, 0x44, 0xe1,
  0x06, 0x3c, 0x80, 0x59, 0x02, 0xe6, 0x06, 0x95, 0xa8, 0x23, 0x56, 0x62,
  0x2e, 0x40, 0x89, 0x3a, 0x21, 0x25, 0x66, 0x96, 0x80, 0x19, 0xe8, 0x48,
  0x28, 0x45, 0x58, 0xdc, 0x06, 0x19, 0xe8, 0x48, 0x28, 0xc5, 0x58, 0xe0,
  0x06, 0x19, 0xe8, 0x48, 0x1c, 0x85, 0x59, 0xe4, 0x06, 0x39, 0xe1, 0x1e,
  0xe4, 0x08, 0x7b, 0x90, 0x1b, 0xea, 0x41, 0x66, 0x09, 0x9c, 0xab, 0x58,
  0x01, 0x46, 0x0c, 0x0c, 0x04, 0x04, 0xc1, 0x60, 0x4b, 0x8f, 0xbe, 0xe8,
  0x83, 0x11, 0x03, 0x44, 0x01, 0x41, 0x30, 0x00, 0x83, 0xf3, 0xe8, 0x03,
  0xdb, 0xe8, 0x8b, 0xb1, 0x18, 0x6e, 0x08, 0x4c, 0x81, 0x0c, 0x66, 0x19,
  0x26, 0x2d, 0x18, 0xa8, 0x48, 0xfc, 0x86, 0x29, 0x05, 0x69, 0x96, 0xe1,
  0x91, 0x9e, 0x0c, 0xb0, 0xe8, 0xe6, 0xd0, 0x13, 0xba, 0x11, 0x50, 0x90,
  0x85, 0xe1, 0x86, 0x60, 0x37, 0xc0, 0x60, 0x96, 0x41, 0x82, 0x82, 0x4e,
  0x0e, 0x62, 0xd1, 0x1b, 0x04, 0x05, 0xc9, 0xc0, 0x80, 0x01, 0x81, 0x4e,
  0x0e, 0x64, 0x01, 0x1e, 0x07, 0x05, 0xc9, 0xc0, 0xc0, 0x01, 0x81, 0xe1,
  0x06, 0x02, 0x36, 0xcc, 0x60, 0xb8, 0x41, 0x88, 0x0d, 0x33, 0x98, 0x6e,
  0x08, 0xe2, 0x42, 0x18, 0x6e, 0x38, 0x74, 0x82, 0x0c, 0xa6, 0x1b, 0x82,
  0xb9, 0x10, 0x86, 0x1b, 0x0c, 0x9d, 0x20, 0x83, 0xe9, 0x86, 0xa0, 0x2e,
  0x84, 0x59, 0x86, 0x48, 0x0a, 0x6e, 0x41, 0x09, 0xb9, 0xc0, 0x82, 0x53,
  0x50, 0x42, 0x4e, 0x08, 0xa0, 0x93, 0x03, 0x5d, 0xb8, 0x47, 0x45, 0x41,
  0x32, 0x2e, 0x50, 0x09, 0x39, 0x22, 0x80, 0x0c, 0xb0, 0xe8, 0x80, 0xd0,
  0x1e, 0x01, 0x05, 0xc0, 0x98, 0x25, 0x90, 0x06, 0x4a, 0x00, 0x7f, 0x79,
  0xfc, 0xc5, 0x11, 0x22, 0x7f, 0x81, 0xd0, 0x1b, 0x91, 0x1b, 0xc0, 0xa0,
  0x1d, 0x60, 0x20, 0x03, 0x2c, 0x7a, 0x30, 0xa4, 0x07, 0x38, 0x04, 0xc3,
  0x06, 0x44, 0x50, 0x0c, 0x00, 0x8a, 0x01, 0x8a, 0xc0, 0xc0, 0x70, 0x43,
  0x80, 0x22, 0x60, 0x30, 0xcb, 0xd0, 0x38, 0xc1, 0x2c, 0x03, 0x55, 0xcd,
  0xc3, 0xd1, 0x81, 0x3c, 0xc0, 0x2c, 0x81, 0x75, 0x67, 0xb0, 0x17, 0x75,
  0x68, 0xc0, 0x17, 0x73, 0x41, 0x5e, 0xd4, 0x09, 0x7a, 0x31, 0xb3, 0x04,
  0xd6, 0x40, 0x45, 0xa2, 0x50, 0x48, 0x35, 0x50, 0x91, 0xd8, 0x03, 0x65,
  0x54, 0x03, 0x15, 0x89, 0x3e, 0x50, 0x46, 0x75, 0x83, 0x4e, 0xc8, 0x0d,
  0x39, 0x21, 0x17, 0x08, 0x70, 0x44, 0x4e, 0xc8, 0x09, 0x01, 0xcc, 0x12,
  0x5c, 0x03, 0x15, 0x1f, 0xda, 0x58, 0x6a, 0x93, 0x0d, 0x54, 0x24, 0x62,
  0x64, 0xc1, 0x51, 0x76, 0x01, 0x3c, 0xec, 0x70, 0x43, 0x80, 0x1a, 0x64,
  0x30, 0xcb, 0x80, 0x65, 0xc1, 0x09, 0x65, 0x21, 0x67, 0x04, 0x90, 0x01,
  0x16, 0x1d, 0x10, 0x52, 0x24, 0xa0, 0x00, 0x18, 0xb3, 0x04, 0xd9, 0x40,
  0x06, 0x20, 0x60, 0x78, 0x73, 0xf9, 0x47, 0x26, 0x58, 0xf4, 0x75, 0xa8,
  0x0d, 0x1a, 0x09, 0x86, 0x0d, 0x88, 0x60, 0x18, 0x80, 0x59, 0x86, 0x4b,
  0x63, 0xc8, 0x1e, 0x80, 0x31, 0x6c, 0x40, 0xd4, 0x43, 0x30, 0x00, 0x44,
  0x0f, 0xc0, 0x18, 0x36, 0x20, 0xe4, 0x21, 0x18, 0x80, 0x11, 0x03, 0x03,
  0x01, 0x41, 0x30, 0xd8, 0xd6, 0xa4, 0x3f, 0xfa, 0x61, 0xc4, 0xc0, 0x58,
  0x42, 0x10, 0x0c, 0x3a, 0x34, 0x31, 0x93, 0x32, 0x99, 0x25, 0xe0, 0x46,
  0x0c, 0x8c, 0x25, 0x04, 0xc1, 0xa0, 0x43, 0x13, 0x33, 0x29, 0x93, 0xb3,
  0x85, 0x1f, 0x81, 0xe1, 0x86, 0xe0, 0x24, 0xc8, 0x60, 0x96, 0xc1, 0x28,
  0x82, 0x81, 0x8a, 0x04, 0x94, 0xb4, 0x3b, 0x00, 0x83, 0x11, 0x03, 0x03,
  0x01, 0x41, 0x30, 0xd8, 0xd8, 0x04, 0x44, 0xfa, 0x21, 0x03, 0x2c, 0x66,
  0x09, 0xba, 0x81, 0x8a, 0x84, 0x94, 0xb8, 0xa7, 0xc3, 0xc0, 0x1f, 0x60,
  0x20, 0x03, 0x2c, 0x7a, 0x30, 0xb8, 0x08, 0x11, 0x50, 0x00, 0x8c, 0x2c,
  0xb0, 0xe8, 0xeb, 0x10, 0x1e, 0x61, 0x12, 0x0c, 0x1b, 0x10, 0xc1, 0x30,
  0x00, 0x78, 0xc0, 0x09, 0x0c, 0x0c, 0x37, 0x04, 0x70, 0x02, 0x06, 0xb3,
  0x0c, 0x5e, 0x17, 0x74, 0x62, 0x98, 0x11, 0xc5, 0x1f, 0x28, 0x00, 0x46,
  0x27, 0x86, 0x1a, 0x61, 0xfc, 0x81, 0x02, 0x60, 0xcc, 0x12, 0x7c, 0x03,
  0x15, 0x49, 0xf5, 0xf9, 0x92, 0x97, 0x01, 0x16, 0x7d, 0x1d, 0xd4, 0x43,
  0x4d, 0x02, 0x0a, 0x80, 0xd1, 0x53, 0xc2, 0x3d, 0xd8, 0x64, 0x60, 0x13,
  0x0a, 0x80, 0x31, 0x62, 0x80, 0x30, 0x21, 0x08, 0x16, 0xfe, 0x41, 0x85,
  0xca, 0x90, 0x04, 0xc3, 0x06, 0xc4, 0x10, 0x0c, 0x40, 0x4f, 0x89, 0xf8,
  0x78, 0x13, 0x63, 0x46, 0x28, 0x00, 0xc6, 0x88, 0x01, 0xc2, 0x84, 0x20,
  0x58, 0xf8, 0x07, 0x45, 0x2a, 0x86, 0x12, 0x0c, 0x1b, 0x10, 0x43, 0x30,
  0x00, 0xa8, 0x80, 0x0a, 0x0c, 0x0c, 0x37, 0x04, 0xa0, 0x02, 0x06, 0xb3,
  0x0c, 0x60, 0xf0, 0x05, 0x23, 0x06, 0x06, 0x02, 0x82, 0x60, 0xb0, 0xa1,
  0x8a, 0x8e, 0xdc, 0x04, 0x6e, 0xa2, 0x02, 0x03, 0xc3, 0x0d, 0x41, 0x9f,
  0x80, 0xc1, 0x2c, 0xc3, 0xc6, 0x05, 0x23, 0x06, 0x06, 0x02, 0x82, 0x60,
  0xb0, 0xa9, 0xca, 0x8e, 0x84, 0xc5, 0x88, 0x81, 0x81, 0x80, 0x20, 0x18,
  0x6c, 0xaa, 0x92, 0x23, 0x68, 0x31, 0x62, 0x60, 0x20, 0x20, 0x08, 0x06,
  0x9b, 0xaa, 0xf0, 0x48, 0x5a, 0x8c, 0x18, 0x18, 0x08, 0x08, 0x82, 0xc1,
  0xa6, 0x2a, 0x3c, 0xa2, 0x16, 0x23, 0x06, 0x06, 0x02, 0x82, 0x60, 0xb0,
  0xa9, 0x0a, 0x8f, 0xac, 0x85, 0x0e, 0x54, 0x24, 0xfa, 0x54, 0xf4, 0x02,
  0x1d, 0x20, 0x3e, 0x04, 0x30, 0x30, 0xdc, 0x10, 0xd0, 0x05, 0x19, 0xcc,
  0x32, 0x8c, 0x01, 0x1d, 0x04, 0x27, 0xa4, 0x47, 0xdd, 0xa0, 0x1e, 0x73,
  0x41, 0x7a, 0xd4, 0x09, 0xea, 0x31, 0x47, 0x8c, 0x86, 0xdc, 0x00, 0x1a,
  0x72, 0x81, 0x00, 0x47, 0xf8, 0x85, 0x9c, 0x10, 0x40, 0x32, 0x58, 0xcc,
  0x12, 0x90, 0xc1, 0x40, 0xc5, 0xc7, 0x43, 0x63, 0xe0, 0x43, 0x73, 0x30,
  0x50, 0x91, 0xd8, 0xd4, 0x18, 0x90, 0xd5, 0x1c, 0x60, 0x80, 0x12, 0x30,
  0x30, 0xdc, 0x10, 0x88, 0x08, 0x19, 0xcc, 0x32, 0x94, 0xc1, 0x1c, 0x04,
  0x39, 0x60, 0xd1, 0x53, 0x42, 0x45, 0x50, 0xc5, 0x08, 0x28, 0x00, 0xc6,
  0x2c, 0x83, 0x19, 0xa8, 0x81, 0x4a, 0x0c, 0x47, 0x04, 0x34, 0x22, 0xf8,
  0xc7, 0x2c, 0x03, 0x1c, 0x9c, 0x41, 0x30, 0xcb, 0x90, 0x06, 0x68, 0xb0,
  0x1b, 0x69, 0x60, 0xd1, 0x01, 0x61, 0x54, 0x02, 0x0a, 0x80, 0x31, 0x4b,
  0x90, 0x06, 0x03, 0x19, 0x80, 0x80, 0x06, 0x70, 0x74, 0x06, 0xfe, 0x81,
  0x81, 0x21, 0xfe, 0xb3, 0x04, 0x70, 0x30, 0xcb, 0xc0, 0x06, 0x6b, 0x00,
  0x1e, 0xb9, 0x60, 0xd1, 0x01, 0x01, 0x55, 0x02, 0x0a, 0x80, 0x31, 0x4b,
  0xc0, 0x06, 0x03, 0x19, 0x80, 0xb0, 0x06, 0x7a, 0xa4, 0x06, 0xfe, 0x81,
  0xc1, 0x02, 0xfe, 0xc3, 0x24, 0x89, 0xaa, 0xc0, 0x41, 0xd3, 0x06, 0x8c,
  0x1b, 0x54, 0x6f, 0x30, 0x62, 0x70, 0x30, 0x21, 0x08, 0x16, 0xfe, 0x61,
  0xa9, 0x4b, 0xf0, 0x23, 0xb3, 0x04, 0x70, 0x30, 0x62, 0x80, 0x30, 0x21,
  0x08, 0x16, 0xfe, 0x41, 0xb1, 0x8b, 0x00, 0x26, 0x3e, 0x32, 0x4b, 0x00,
  0x07, 0x36, 0x80, 0xff, 0x88, 0x81, 0xc1, 0x84, 0x20, 0x58, 0xf8, 0x87,
  0xf4, 0x2e, 0x01, 0x06, 0x62, 0x02, 0xfe, 0x38, 0x26, 0x01, 0xf9, 0xcf,
  0x12, 0xc0, 0xc1, 0x40, 0x0d, 0xc0, 0xb4, 0x81, 0xe2, 0x06, 0xc2, 0x1b,
  0x60, 0x69, 0x40, 0x06, 0x66, 0xe0, 0xb0, 0xc1, 0x5d, 0xe6, 0x21, 0x17,
  0x70, 0x90, 0x01, 0x16, 0xb3, 0x0c, 0x71, 0x20, 0x07, 0xf0, 0xd1, 0x01,
  0xa1, 0x56, 0x02, 0x0a, 0x80, 0x81, 0x81, 0x01, 0xfe, 0xb3, 0x04, 0x72,
  0x30, 0x50, 0x01, 0x08, 0x71, 0xe0, 0xc0, 0x41, 0x07, 0x84, 0x5d, 0x29,
  0x86, 0x0d, 0x88, 0x40, 0x18, 0x80, 0x59, 0x82, 0x39, 0x98, 0x65, 0x20,
  0x03, 0x3a, 0x08, 0x03, 0x74, 0x03, 0x79, 0x81, 0x81, 0xe1, 0x86, 0x40,
  0x5e, 0xc0, 0x60, 0x96, 0x21, 0x0c, 0xc4, 0x20, 0x08, 0x88, 0x01, 0x00,
  0x00, 0x00, 0x5c, 0x00, 0x00, 0x00, 0x5b, 0x06, 0x24, 0xb8, 0x85, 0x2d,
  0x83, 0x12, 0xdc, 0xc2, 0x96, 0x81, 0x09, 0x6e, 0x61, 0xcb, 0xe0, 0x04,
  0xb7, 0xb0, 0x65, 0x80, 0x82, 0x5b, 0xd8, 0x32, 0x48, 0xc1, 0x2d, 0x6c,
  0x19, 0xa8, 0xe0, 0x16, 0xb6, 0x0c, 0x56, 0x70, 0x0b, 0x5b, 0x06, 0x2c,
  0xb8, 0x85, 0x2d, 0x83, 0x16, 0xdc, 0xc2, 0x96, 0x81, 0x0b, 0x6e, 0x61,
  0xcb, 0xe0, 0x05, 0xb7, 0xb0, 0x65, 0x00, 0x83, 0xe0, 0x16, 0xb6, 0x0c,
  0x62, 0x10, 0xdc, 0xc2, 0x96, 0x81, 0x0c, 0x82, 0x5b, 0xd8, 0x32, 0x98,
  0x41, 0x70, 0x0b, 0x5b, 0x06, 0x34, 0x08, 0x6e, 0x61, 0xcb, 0xa0, 0x06,
  0xc1, 0x2d, 0x6c, 0x19, 0xd8, 0x20, 0xb8, 0x85, 0x2d, 0x83, 0x1b, 0x04,
  0xb7, 0xb0, 0x65, 0x80, 0x83, 0xe0, 0x16, 0xb6, 0x0c, 0x72, 0x10, 0xdc,
  0xc2, 0x96, 0x81, 0x0e, 0x82, 0x5b, 0xd8, 0x32, 0xf0, 0x41, 0x70, 0x0b,
  0x5b, 0x06, 0x50, 0x08, 0x6e, 0x61, 0xcb, 0x40, 0x0a, 0xc1, 0x2d, 0x6c,
  0x19, 0x50, 0x21, 0xb8, 0x85, 0x2d, 0x03, 0x48, 0x04, 0xe6, 0xb0, 0x65,
  0x30, 0x89, 0xe0, 0x16, 0xb6, 0x0c, 0x2a, 0x11, 0xdc, 0xc2, 0x96, 0xc1,
  0x25, 0x82, 0x5b, 0xd8, 0x32, 0xc4, 0x84, 0xc4, 0x0b, 0x5b, 0x0a, 0xbe,
  0x08, 0xcc, 0x81, 0x40, 0x87, 0x2d, 0x03, 0x68, 0x04, 0xb7, 0xb0, 0x65,
  0x18, 0x8d, 0xe0, 0x16, 0xb6, 0x0c, 0xb2, 0x11, 0xdc, 0xc2, 0x96, 0xe1,
  0x36, 0x02, 0x75, 0xd8, 0x32, 0xf8, 0x46, 0xa0, 0x0e, 0x5b, 0x86, 0xf0,
  0x90, 0x7a, 0x61, 0xcb, 0xc0, 0x1f, 0x81, 0x3a, 0x6c, 0x19, 0x42, 0x24,
  0x50, 0x87, 0x2d, 0x83, 0x88, 0x48, 0xbe, 0xb0, 0x65, 0x18, 0x91, 0x40,
  0x1d, 0xb6, 0x0c, 0x24, 0x12, 0xa8, 0xc3, 0x96, 0xa1, 0x44, 0x02, 0x75,
  0xd8, 0x32, 0x98, 0x48, 0xa0, 0x0e, 0x5b, 0x86, 0x16, 0x91, 0x7e, 0x61,
  0xcb, 0x60, 0x23, 0x81, 0x3a, 0x6c, 0x19, 0x72, 0x24, 0x50, 0x87, 0x2d,
  0x03, 0x8f, 0x48, 0xe0, 0xb0, 0x65, 0xf0, 0x91, 0x40, 0x1d, 0xb6, 0x0c,
  0x60, 0x12, 0xa8, 0xc3, 0x96, 0xa1, 0x4c, 0x02, 0x75, 0xd8, 0x32, 0x9c,
  0x49, 0xa0, 0x0e, 0x5b, 0x86, 0x34, 0x09, 0xd4, 0x61, 0xcb, 0xb0, 0x26,
  0x81, 0x3a, 0x6c, 0x19, 0xda, 0x24, 0x50, 0x87, 0x2d, 0x03, 0x9c, 0x48,
  0xe1, 0xb0, 0x65, 0xa0, 0x13, 0x49, 0x1c, 0xb6, 0x0c, 0xb1, 0x12, 0xa8,
  0xc3, 0x96, 0x01, 0x57, 0x02, 0x75, 0xd8, 0x32, 0x80, 0x4b, 0xa0, 0x0e,
  0x5b, 0x06, 0x7a, 0x09, 0xd4, 0x61, 0xcb, 0x90, 0x2f, 0x81, 0x3a, 0x6c,
  0x19, 0xf6, 0x45, 0x1a, 0x87, 0x2d, 0x83, 0xbf, 0x48, 0xe4, 0x00, 0x00,
  0x00, 0x00, 0x00, 0x00, 0x00, 0x00, 0x71, 0x20, 0x00, 0x00, 0x03, 0x00,
  0x00, 0x00, 0x32, 0x0e, 0x10, 0x22, 0x84, 0x02, 0xd2, 0x08, 0x38, 0x60,
  0x9a, 0x00, 0x00, 0x00, 0x00, 0x00, 0x65, 0x0c, 0x00, 0x00, 0x61, 0x00,
  0x00, 0x00, 0x12, 0x03, 0x94, 0xf8, 0x02, 0x00, 0x00, 0x00, 0x03, 0x00,
  0x00, 0x00, 0xc1, 0x01, 0x00, 0x00, 0x0b, 0x00, 0x00, 0x00, 0x4c, 0x00,
  0x00, 0x00, 0x01, 0x00, 0x00, 0x00, 0x58, 0x00, 0x00, 0x00, 0x00, 0x00,
  0x00, 0x00, 0x58, 0x00, 0x00, 0x00, 0x0c, 0x00, 0x00, 0x00, 0x78, 0x01,
  0x00, 0x00, 0x00, 0x00, 0x00, 0x00, 0xcc, 0x01, 0x00, 0x00, 0x1c, 0x00,
  0x00, 0x00, 0x9a, 0x00, 0x00, 0x00, 0x09, 0x00, 0x00, 0x00, 0x4d, 0x00,
  0x00, 0x00, 0x00, 0x00, 0x00, 0x00, 0x78, 0x01, 0x00, 0x00, 0x00, 0x00,
  0x00, 0x00, 0x00, 0x00, 0x00, 0x00, 0x0c, 0x00, 0x00, 0x00, 0x00, 0x00,
  0x00, 0x00, 0x9a, 0x00, 0x00, 0x00, 0x09, 0x00, 0x00, 0x00, 0x9a, 0x00,
  0x00, 0x00, 0x09, 0x00, 0x00, 0x00, 0xff, 0xff, 0xff, 0xff, 0x00, 0x24,
  0x00, 0x00, 0xa3, 0x00, 0x00, 0x00, 0x90, 0x00, 0x00, 0x00, 0xa3, 0x00,
  0x00, 0x00, 0x90, 0x00, 0x00, 0x00, 0xff, 0xff, 0xff, 0xff, 0x00, 0x30,
  0x00, 0x00, 0x33, 0x01, 0x00, 0x00, 0x10, 0x00, 0x00, 0x00, 0x33, 0x01,
  0x00, 0x00, 0x10, 0x00, 0x00, 0x00, 0xff, 0xff, 0xff, 0xff, 0x08, 0x24,
  0x00, 0x00, 0x43, 0x01, 0x00, 0x00, 0x12, 0x00, 0x00, 0x00, 0x43, 0x01,
  0x00, 0x00, 0x12, 0x00, 0x00, 0x00, 0xff, 0xff, 0xff, 0xff, 0x08, 0x24,
  0x00, 0x00, 0x55, 0x01, 0x00, 0x00, 0x11, 0x00, 0x00, 0x00, 0x55, 0x01,
  0x00, 0x00, 0x11, 0x00, 0x00, 0x00, 0xff, 0xff, 0xff, 0xff, 0x08, 0x24,
  0x00, 0x00, 0x66, 0x01, 0x00, 0x00, 0x16, 0x00, 0x00, 0x00, 0x66, 0x01,
  0x00, 0x00, 0x16, 0x00, 0x00, 0x00, 0xff, 0xff, 0xff, 0xff, 0x08, 0x2c,
  0x00, 0x00, 0x7c, 0x01, 0x00, 0x00, 0x0b, 0x00, 0x00, 0x00, 0x7c, 0x01,
  0x00, 0x00, 0x0b, 0x00, 0x00, 0x00, 0xff, 0xff, 0xff, 0xff, 0x08, 0x24,
  0x00, 0x00, 0x87, 0x01, 0x00, 0x00, 0x18, 0x00, 0x00, 0x00, 0x87, 0x01,
  0x00, 0x00, 0x18, 0x00, 0x00, 0x00, 0xff, 0xff, 0xff, 0xff, 0x08, 0x2c,
  0x00, 0x00, 0x9f, 0x01, 0x00, 0x00, 0x0e, 0x00, 0x00, 0x00, 0x9f, 0x01,
  0x00, 0x00, 0x0e, 0x00, 0x00, 0x00, 0xff, 0xff, 0xff, 0xff, 0x08, 0x24,
  0x00, 0x00, 0xad, 0x01, 0x00, 0x00, 0x14, 0x00, 0x00, 0x00, 0xad, 0x01,
  0x00, 0x00, 0x14, 0x00, 0x00, 0x00, 0xff, 0xff, 0xff, 0xff, 0x08, 0x2c,
  0x00, 0x00, 0x00, 0x00, 0x00, 0x00, 0x4d, 0x00, 0x00, 0x00, 0x00, 0x00,
  0x00, 0x00, 0x4d, 0x00, 0x00, 0x00, 0xff, 0xff, 0xff, 0xff, 0x00, 0x00,
  0x00, 0x00, 0x4d, 0x00, 0x00, 0x00, 0x4d, 0x00, 0x00, 0x00, 0x4d, 0x00,
  0x00, 0x00, 0x4d, 0x00, 0x00, 0x00, 0xff, 0xff, 0xff, 0xff, 0x00, 0x00,
  0x00, 0x00, 0x00, 0x00, 0x00, 0x00, 0x5d, 0x0c, 0x00, 0x00, 0x7d, 0x00,
  0x00, 0x00, 0x12, 0x03, 0x94, 0xe8, 0x03, 0x00, 0x00, 0x00, 0x5f, 0x5a,
  0x5a, 0x39, 0x6e, 0x76, 0x63, 0x6f, 0x6e, 0x76, 0x33, 0x5f, 0x73, 0x50,
  0x55, 0x39, 0x4d, 0x54, 0x4c, 0x64, 0x65, 0x76, 0x69, 0x63, 0x65, 0x4b,
  0x66, 0x53, 0x30, 0x5f, 0x50, 0x55, 0x39, 0x4d, 0x54, 0x4c, 0x64, 0x65,
  0x76, 0x69, 0x63, 0x65, 0x66, 0x50, 0x55, 0x31, 0x31, 0x4d, 0x54, 0x4c,
  0x63, 0x6f, 0x6e, 0x73, 0x74, 0x61, 0x6e, 0x74, 0x4b, 0x6a, 0x53, 0x34,
  0x5f, 0x52, 0x53, 0x33, 0x5f, 0x44, 0x76, 0x33, 0x5f, 0x6a, 0x6a, 0x45,
  0x32, 0x41, 0x73, 0x5f, 0x5a, 0x5a, 0x39, 0x6e, 0x76, 0x63, 0x6f, 0x6e,
  0x76, 0x33, 0x5f, 0x73, 0x50, 0x55, 0x39, 0x4d, 0x54, 0x4c, 0x64, 0x65,
  0x76, 0x69, 0x63, 0x65, 0x4b, 0x66, 0x53, 0x30, 0x5f, 0x50, 0x55, 0x39,
  0x4d, 0x54, 0x4c, 0x64, 0x65, 0x76, 0x69, 0x63, 0x65, 0x66, 0x50, 0x55,
  0x31, 0x31, 0x4d, 0x54, 0x4c, 0x63, 0x6f, 0x6e, 0x73, 0x74, 0x61, 0x6e,
  0x74, 0x4b, 0x6a, 0x53, 0x34, 0x5f, 0x52, 0x53, 0x33, 0x5f, 0x44, 0x76,
  0x33, 0x5f, 0x6a, 0x6a, 0x45, 0x32, 0x42, 0x73, 0x6e, 0x76, 0x63, 0x6f,
  0x6e, 0x76, 0x33, 0x5f, 0x73, 0x5f, 0x5a, 0x4c, 0x31, 0x31, 0x6e, 0x76,
  0x63, 0x6f, 0x6e, 0x76, 0x5f, 0x62, 0x6f, 0x64, 0x79, 0x49, 0x4c, 0x6a,
  0x36, 0x34, 0x45, 0x4c, 0x6a, 0x33, 0x32, 0x45, 0x4c, 0x6a, 0x34, 0x45,
  0x4c, 0x6a, 0x32, 0x45, 0x45, 0x76, 0x50, 0x55, 0x39, 0x4d, 0x54, 0x4c,
  0x64, 0x65, 0x76, 0x69, 0x63, 0x65, 0x4b, 0x66, 0x53, 0x31, 0x5f, 0x50,
  0x55, 0x39, 0x4d, 0x54, 0x4c, 0x64, 0x65, 0x76, 0x69, 0x63, 0x65, 0x66,
  0x53, 0x31, 0x5f, 0x53, 0x31, 0x5f, 0x6a, 0x50, 0x55, 0x31, 0x31, 0x4d,
  0x54, 0x4c, 0x63, 0x6f, 0x6e, 0x73, 0x74, 0x61, 0x6e, 0x74, 0x4b, 0x6a,
  0x53, 0x35, 0x5f, 0x44, 0x76, 0x33, 0x5f, 0x6a, 0x6a, 0x50, 0x41, 0x70,
  0x6c, 0x54, 0x5f, 0x4c, 0x69, 0x34, 0x45, 0x5f, 0x55, 0x31, 0x34, 0x4d,
  0x54, 0x4c, 0x74, 0x68, 0x72, 0x65, 0x61, 0x64, 0x67, 0x72, 0x6f, 0x75,
  0x70, 0x66, 0x50, 0x41, 0x70, 0x6c, 0x54, 0x30, 0x5f, 0x4c, 0x69, 0x34,
  0x45, 0x5f, 0x53, 0x37, 0x5f, 0x61, 0x69, 0x72, 0x2e, 0x66, 0x61, 0x73,
  0x74, 0x5f, 0x65, 0x78, 0x70, 0x2e, 0x66, 0x33, 0x32, 0x61, 0x69, 0x72,
  0x2e, 0x66, 0x61, 0x73, 0x74, 0x5f, 0x63, 0x6c, 0x61, 0x6d, 0x70, 0x2e,
  0x66, 0x33, 0x32, 0x61, 0x69, 0x72, 0x2e, 0x66, 0x61, 0x73, 0x74, 0x5f,
  0x66, 0x6d, 0x61, 0x78, 0x2e, 0x66, 0x33, 0x32, 0x6c, 0x6c, 0x76, 0x6d,
  0x2e, 0x6c, 0x69, 0x66, 0x65, 0x74, 0x69, 0x6d, 0x65, 0x2e, 0x65, 0x6e,
  0x64, 0x2e, 0x70, 0x30, 0x69, 0x38, 0x61, 0x69, 0x72, 0x2e, 0x66, 0x6d,
  0x61, 0x2e, 0x66, 0x33, 0x32, 0x6c, 0x6c, 0x76, 0x6d, 0x2e, 0x6c, 0x69,
  0x66, 0x65, 0x74, 0x69, 0x6d, 0x65, 0x2e, 0x73, 0x74, 0x61, 0x72, 0x74,
  0x2e, 0x70, 0x30, 0x69, 0x38, 0x61, 0x69, 0x72, 0x2e, 0x77, 0x67, 0x2e,
  0x62, 0x61, 0x72, 0x72, 0x69, 0x65, 0x72, 0x6c, 0x6c, 0x76, 0x6d, 0x2e,
  0x6d, 0x65, 0x6d, 0x73, 0x65, 0x74, 0x2e, 0x70, 0x30, 0x69, 0x38, 0x2e,
  0x69, 0x36, 0x34, 0x33, 0x32, 0x30, 0x32, 0x33, 0x2e, 0x39, 0x31, 0x37,
  0x2e, 0x32, 0x61, 0x69, 0x72, 0x36, 0x34, 0x5f, 0x76, 0x32, 0x37, 0x2d,
  0x61, 0x70, 0x70, 0x6c, 0x65, 0x2d, 0x6d, 0x61, 0x63, 0x6f, 0x73, 0x78,
  0x31, 0x35, 0x2e, 0x37, 0x2e, 0x30, 0x00, 0x00, 0x00, 0x00, 0x00, 0x00,
  0x00, 0x00, 0xde, 0xc0, 0x17, 0x0b, 0x00, 0x00, 0x00, 0x00, 0x14, 0x00,
  0x00, 0x00, 0x9c, 0x20, 0x00, 0x00, 0xff, 0xff, 0xff, 0xff, 0x42, 0x43,
  0xc0, 0xde, 0x35, 0x14, 0x00, 0x00, 0x03, 0x00, 0x00, 0x00, 0x62, 0x0c,
  0x30, 0x24, 0x80, 0x10, 0x05, 0xc8, 0x14, 0x00, 0x00, 0x00, 0x21, 0x0c,
  0x00, 0x00, 0x3b, 0x07, 0x00, 0x00, 0x0b, 0x02, 0x21, 0x00, 0x02, 0x00,
  0x00, 0x00, 0x16, 0x00, 0x00, 0x00, 0x07, 0x81, 0x23, 0x91, 0x41, 0xc8,
  0x04, 0x49, 0x06, 0x10, 0x32, 0x39, 0x92, 0x01, 0x84, 0x0c, 0x25, 0x05,
  0x08, 0x19, 0x1e, 0x04, 0x8b, 0x62, 0x80, 0x18, 0x45, 0x02, 0x42, 0x92,
  0x0b, 0x42, 0xc4, 0x10, 0x32, 0x14, 0x38, 0x08, 0x18, 0x4b, 0x0a, 0x32,
  0x62, 0x88, 0x48, 0x70, 0xc4, 0x21, 0x23, 0x44, 0x12, 0x87, 0x8c, 0x10,
  0x41, 0x92, 0x02, 0x64, 0xc8, 0x08, 0xb1, 0x14, 0x20, 0x43, 0x46, 0x88,
  0x20, 0xc9, 0x01, 0x32, 0x62, 0x84, 0x18, 0x2a, 0x28, 0x2a, 0x90, 0x31,
  0x7c, 0xb0, 0x5c, 0x91, 0x20, 0xc6, 0xc8, 0x00, 0x00, 0x00, 0x89, 0x20,
  0x00, 0x00, 0x2b, 0x00, 0x00, 0x00, 0x32, 0x22, 0x88, 0x09, 0x20, 0x62,
  0x46, 0x00, 0x21, 0x2b, 0x24, 0x98, 0x18, 0x21, 0x25, 0x24, 0x98, 0x18,
  0x19, 0x27, 0x0c, 0x85, 0xa4, 0x90, 0x60, 0x62, 0x64, 0x5c, 0x20, 0x24,
  0x66, 0x82, 0x40, 0x0e, 0x66, 0x00, 0x94, 0x30, 0x00, 0x50, 0x88, 0x60,
  0x10, 0x41, 0x18, 0x94, 0x08, 0x50, 0x08, 0x62, 0x10, 0xa1, 0x18, 0x46,
  0x00, 0x06, 0x11, 0x80, 0x60, 0x8e, 0x00, 0x0c, 0x06, 0x11, 0x12, 0x61,
  0x18, 0x61, 0x48, 0x8c, 0x72, 0x20, 0x08, 0x82, 0x28, 0x8a, 0xb2, 0x24,
  0xc4, 0x0c, 0x22, 0x04, 0xc3, 0x20, 0x02, 0x31, 0x98, 0xe6, 0x40, 0x10,
  0x04, 0x41, 0x12, 0x45, 0x59, 0x12, 0xe7, 0x21, 0xc8, 0x08, 0x00, 0x40,
  0x92, 0x21, 0x00, 0x00, 0x00, 0x88, 0x32, 0x03, 0x00, 0x00, 0x64, 0xcd,
  0x11, 0x80, 0xc2, 0x1c, 0x01, 0x42, 0x99, 0x19, 0x0e, 0x4c, 0xa3, 0xcd,
  0x0c, 0x47, 0x92, 0x50, 0x37, 0x47, 0x10, 0x98, 0xe2, 0xd0, 0x32, 0xec,
  0x23, 0x70, 0x20, 0x40, 0x05, 0x12, 0x45, 0x48, 0x88, 0x54, 0x84, 0x8c,
  0x4c, 0x25, 0x00, 0x14, 0x01, 0xa5, 0x94, 0x50, 0x45, 0x00, 0x88, 0x9d,
  0x02, 0xa0, 0x64, 0x10, 0x01, 0x18, 0x08, 0x00, 0x00, 0x00, 0x51, 0x18,
  0x00, 0x00, 0x48, 0x01, 0x00, 0x00, 0x1b, 0xe4, 0x23, 0xf8, 0xff, 0xff,
  0xff, 0xff, 0x01, 0x58, 0x03, 0xc0, 0x14, 0x00, 0x89, 0x08, 0x07, 0x78,
  0x80, 0x07, 0x79, 0x78, 0x07, 0x7c, 0x68, 0x03, 0x73, 0xa8, 0x07, 0x77,
  0x18, 0x87, 0x36, 0x30, 0x07, 0x78, 0x68, 0x83, 0x76, 0x08, 0x07, 0x7a,
  0x40, 0x07, 0x80, 0x1e, 0xe4, 0xa1, 0x1e, 0xca, 0x01, 0x20, 0xcc, 0x41,
  0x1e, 0xc2, 0xa1, 0x1d, 0xca, 0xa1, 0x0d, 0xe0, 0xe1, 0x1d, 0xd2, 0xc1,
  0x1d, 0xe8, 0xa1, 0x1c, 0xe4, 0x01, 0x08, 0x07, 0x76, 0x60, 0x07, 0x80,
  0x68, 0x87, 0x74, 0x70, 0x87, 0x36, 0x60, 0x87, 0x72, 0x38, 0x87, 0x70,
  0x60, 0x87, 0x36, 0xb0, 0x87, 0x72, 0x18, 0x07, 0x7a, 0x78, 0x07, 0x79,
  0x68, 0x83, 0x7b, 0x48, 0x07, 0x72, 0xa0, 0x07, 0x74, 0x00, 0xf2, 0xc0,
  0x0e, 0x80, 0xc1, 0x1d, 0xde, 0xa1, 0x0d, 0xc4, 0xa1, 0x1e, 0xd2, 0x81,
  0x1d, 0xe8, 0x21, 0x1d, 0xdc, 0x61, 0x1e, 0x00, 0xc2, 0x1d, 0xde, 0xa1,
  0x0d, 0xd2, 0xc1, 0x1d, 0xcc, 0x61, 0x1e, 0xda, 0xc0, 0x1c, 0xe0, 0xa1,
  0x0d, 0xda, 0x21, 0x1c, 0xe8, 0x01, 0x1d, 0x00, 0x7a, 0x90, 0x87, 0x7a,
  0x28, 0x07, 0x80, 0x70, 0x87, 0x77, 0x68, 0x03, 0x77, 0x08, 0x07, 0x77,
  0x98, 0x87, 0x36, 0x30, 0x07, 0x78, 0x68, 0x83, 0x76, 0x08, 0x07, 0x7a,
  0x40, 0x07, 0x80, 0x1e, 0xe4, 0xa1, 0x1e, 0xca, 0x01, 0x20, 0xdc, 0xe1,
  0x1d, 0xda, 0x60, 0x1e, 0xd2, 0xe1, 0x1c, 0xdc, 0xa1, 0x1c, 0xc8, 0xa1,
  0x0d, 0xf4, 0xa1, 0x1c, 0xe4, 0xe1, 0x1d, 0xe6, 0xa1, 0x0d, 0xcc, 0x01,
  0x1e, 0xda, 0xa0, 0x1d, 0xc2, 0x81, 0x1e, 0xd0, 0x01, 0xa0, 0x07, 0x79,
  0xa8, 0x87, 0x72, 0x00, 0x08, 0x77, 0x78, 0x87, 0x36, 0xa0, 0x07, 0x79,
  0x08, 0x07, 0x78, 0x80, 0x87, 0x74, 0x70, 0x87, 0x73, 0x68, 0x83, 0x76,
  0x08, 0x07, 0x7a, 0x40, 0x07, 0x80, 0x1e, 0xe4, 0xa1, 0x1e, 0xca, 0x01,
  0x20, 0xe6, 0x81, 0x1e, 0xc2, 0x61, 0x1c, 0xd6, 0xa1, 0x0d, 0xe0, 0x41,
  0x1e, 0xde, 0x81, 0x1e, 0xca, 0x61, 0x1c, 0xe8, 0xe1, 0x1d, 0xe4, 0xa1,
  0x0d, 0xc4, 0xa1, 0x1e, 0xcc, 0xc1, 0x1c, 0xca, 0x41, 0x1e, 0xda, 0x60,
  0x1e, 0xd2, 0x41, 0x1f, 0xca, 0x01, 0xc0, 0x03, 0x80, 0xa8, 0x07, 0x77,
  0x98, 0x87, 0x70, 0x30, 0x87, 0x72, 0x68, 0x03, 0x73, 0x80, 0x87, 0x36,
  0x68, 0x87, 0x70, 0xa0, 0x07, 0x74, 0x00, 0xe8, 0x41, 0x1e, 0xea, 0xa1,
  0x1c, 0x80, 0x0d, 0x9d, 0x10, 0x00, 0x0b, 0x40, 0x0a, 0x40, 0x35, 0x84,
  0x43, 0x3a, 0xc8, 0x43, 0x1b, 0x88, 0x43, 0x3d, 0x98, 0x83, 0x39, 0x94,
  0x83, 0x3c, 0xb4, 0x81, 0x3b, 0xbc, 0x43, 0x1b, 0x84, 0x03, 0x3b, 0xa4,
  0x43, 0x38, 0xcc, 0x03, 0xb0, 0xa1, 0x1b, 0x04, 0x60, 0x01, 0x48, 0x01,
  0xa8, 0x86, 0x70, 0x48, 0x07, 0x79, 0x68, 0x03, 0x71, 0xa8, 0x07, 0x73,
  0x30, 0x87, 0x72, 0x90, 0x87, 0x36, 0x70, 0x87, 0x77, 0x68, 0x83, 0x70,
  0x60, 0x87, 0x74, 0x08, 0x87, 0x79, 0x00, 0x36, 0x64, 0xc4, 0x00, 0x90,
  0xc2, 0x10, 0x0e, 0xe9, 0x20, 0x0f, 0x6d, 0x20, 0x0e, 0xf5, 0x60, 0x0e,
  0xe6, 0x50, 0x0e, 0xf2, 0xd0, 0x06, 0xee, 0xf0, 0x0e, 0x6d, 0x10, 0x0e,
  0xec, 0x90, 0x0e, 0xe1, 0x30, 0x0f, 0xc0, 0x86, 0xae, 0x20, 0x80, 0x05,
  0x20, 0x05, 0x80, 0x0e, 0x86, 0x70, 0x48, 0x07, 0x79, 0x68, 0x03, 0x71,
  0xa8, 0x07, 0x73, 0x30, 0x87, 0x72, 0x90, 0x87, 0x36, 0x70, 0x87, 0x77,
  0x68, 0x83, 0x70, 0x60, 0x87, 0x74, 0x08, 0x87, 0x79, 0x00, 0x36, 0x74,
  0x46, 0x01, 0x2c, 0x00, 0x29, 0x00, 0xd5, 0x10, 0x0e, 0xe9, 0x20, 0x0f,
  0x6d, 0x20, 0x0e, 0xf5, 0x60, 0x0e, 0xe6, 0x50, 0x0e, 0xf2, 0xd0, 0x06,
  0xee, 0xf0, 0x0e, 0x6d, 0x10, 0x0e, 0xec, 0x90, 0x0e, 0xe1, 0x30, 0x0f,
  0xc0, 0x86, 0xee, 0x30, 0x80, 0x05, 0x20, 0x05, 0xa0, 0x1a, 0xc2, 0x21,
  0x1d, 0xe4, 0xa1, 0x0d, 0xc4, 0xa1, 0x1e, 0xcc, 0xc1, 0x1c, 0xca, 0x41,
  0x1e, 0xda, 0xc0, 0x1d, 0xde, 0xa1, 0x0d, 0xc2, 0x81, 0x1d, 0xd2, 0x21,
  0x1c, 0xe6, 0x01, 0xd8, 0x30, 0x06, 0xc8, 0x01, 0x2c, 0x00, 0x29, 0x00,
  0x55, 0x10, 0x10, 0x41, 0x1a, 0x10, 0x43, 0x38, 0xa4, 0x83, 0x3c, 0xb4,
  0x81, 0x38, 0xd4, 0x83, 0x39, 0x98, 0x43, 0x39, 0xc8, 0x43, 0x1b, 0xb8,
  0xc3, 0x3b, 0xb4, 0x41, 0x38, 0xb0, 0x43, 0x3a, 0x84, 0xc3, 0x3c, 0x00,
  0x1b, 0x88, 0x04, 0x01, 0x48, 0x61, 0x03, 0xa1, 0x24, 0x00, 0x29, 0x6c,
  0xa0, 0x8f, 0xe5, 0xff, 0xff, 0xff, 0xff, 0x07, 0x60, 0x0d, 0x00, 0x02,
  0x30, 0x05, 0x40, 0x22, 0xc2, 0x01, 0x1e, 0xe0, 0x41, 0x1e, 0xde, 0x01,
  0x1f, 0xda, 0xc0, 0x1c, 0xea, 0xc1, 0x1d, 0xc6, 0xa1, 0x0d, 0xcc, 0x01,
  0x1e, 0xda, 0xa0, 0x1d, 0xc2, 0x81, 0x1e, 0xd0, 0x01, 0xa0, 0x07, 0x79,
  0xa8, 0x87, 0x72, 0x00, 0x08, 0x73, 0x90, 0x87, 0x70, 0x68, 0x87, 0x72,
  0x68, 0x03, 0x78, 0x78, 0x87, 0x74, 0x70, 0x07, 0x7a, 0x28, 0x07, 0x79,
  0x00, 0xc2, 0x81, 0x1d, 0xd8, 0x01, 0x20, 0xda, 0x21, 0x1d, 0xdc, 0xa1,
  0x0d, 0xd8, 0xa1, 0x1c, 0xce, 0x21, 0x1c, 0xd8, 0xa1, 0x0d, 0xec, 0xa1,
  0x1c, 0xc6, 0x81, 0x1e, 0xde, 0x41, 0x1e, 0xda, 0xe0, 0x1e, 0xd2, 0x81,
  0x1c, 0xe8, 0x01, 0x1d, 0x80, 0x3c, 0xb0, 0x03, 0x60, 0x70, 0x87, 0x77,
  0x68, 0x03, 0x71, 0xa8, 0x87, 0x74, 0x60, 0x07, 0x7a, 0x48, 0x07, 0x77,
  0x98, 0x07, 0x80, 0x70, 0x87, 0x77, 0x68, 0x83, 0x74, 0x70, 0x07, 0x73,
  0x98, 0x87, 0x36, 0x30, 0x07, 0x78, 0x68, 0x83, 0x76, 0x08, 0x07, 0x7a,
  0x40, 0x07, 0x80, 0x1e, 0xe4, 0xa1, 0x1e, 0xca, 0x01, 0x20, 0xdc, 0xe1,
  0x1d, 0xda, 0xc0, 0x1d, 0xc2, 0xc1, 0x1d, 0xe6, 0xa1, 0x0d, 0xcc, 0x01,
  0x1e, 0xda, 0xa0, 0x1d, 0xc2, 0x81, 0x1e, 0xd0, 0x01, 0xa0, 0x07, 0x79,
  0xa8, 0x87, 0x72, 0x00, 0x08, 0x77, 0x78, 0x87, 0x36, 0x98, 0x87, 0x74,
  0x38, 0x07, 0x77, 0x28, 0x07, 0x72, 0x68, 0x03, 0x7d, 0x28, 0x07, 0x79,
  0x78, 0x87, 0x79, 0x68, 0x03, 0x73, 0x80, 0x87, 0x36, 0x68, 0x87, 0x70,
  0xa0, 0x07, 0x74, 0x00, 0xe8, 0x41, 0x1e, 0xea, 0xa1, 0x1c, 0x00, 0xc2,
  0x1d, 0xde, 0xa1, 0x0d, 0xe8, 0x41, 0x1e, 0xc2, 0x01, 0x1e, 0xe0, 0x21,
  0x1d, 0xdc, 0xe1, 0x1c, 0xda, 0xa0, 0x1d, 0xc2, 0x81, 0x1e, 0xd0, 0x01,
  0xa0, 0x07, 0x79, 0xa8, 0x87, 0x72, 0x00, 0x88, 0x79, 0xa0, 0x87, 0x70,
  0x18, 0x87, 0x75, 0x68, 0x03, 0x78, 0x90, 0x87, 0x77, 0xa0, 0x87, 0x72,
  0x18, 0x07, 0x7a, 0x78, 0x07, 0x79, 0x68, 0x03, 0x71, 0xa8, 0x07, 0x73,
  0x30, 0x87, 0x72, 0x90, 0x87, 0x36, 0x98, 0x87, 0x74, 0xd0, 0x87, 0x72,
  0x00, 0xf0, 0x00, 0x20, 0xea, 0xc1, 0x1d, 0xe6, 0x21, 0x1c, 0xcc, 0xa1,
  0x1c, 0xda, 0xc0, 0x1c, 0xe0, 0xa1, 0x0d, 0xda, 0x21, 0x1c, 0xe8, 0x01,
  0x1d, 0x00, 0x7a, 0x90, 0x87, 0x7a, 0x28, 0x07, 0x60, 0x03, 0xc2, 0x04,
  0xc0, 0x02, 0x90, 0x02, 0x50, 0x6d, 0x40, 0x1a, 0x01, 0x58, 0x00, 0x52,
  0x00, 0xaa, 0x0d, 0x88, 0x33, 0x00, 0x0b, 0x40, 0x0a, 0x00, 0x1d, 0x6c,
  0x30, 0x1e, 0x02, 0x20, 0x05, 0xa0, 0xda, 0x60, 0x40, 0x05, 0x40, 0x0a,
  0x40, 0xb5, 0x81, 0x88, 0x0c, 0x80, 0x14, 0x36, 0x20, 0xd2, 0x01, 0x2c,
  0x00, 0x29, 0x00, 0xd5, 0x06, 0x64, 0x42, 0x80, 0x05, 0x20, 0x05, 0xa0,
  0xda, 0x40, 0x50, 0x0a, 0x40, 0x0a, 0x1b, 0x8c, 0x6a, 0x01, 0x16, 0x80,
  0x14, 0x36, 0x18, 0x16, 0x03, 0x2c, 0x00, 0x29, 0x6c, 0x70, 0xae, 0xff,
  0xff, 0xff, 0xff, 0x1f, 0x00, 0x53, 0x00, 0xfc, 0x00, 0xf8, 0x03, 0x40,
  0x02, 0x28, 0xa0, 0x0f, 0x36, 0x38, 0xd8, 0xff, 0xff, 0xff, 0xff, 0x0f,
  0x40, 0x1b, 0x00, 0xa7, 0x00, 0xf8, 0x01, 0xf0, 0x07, 0x80, 0x04, 0xf4,
  0xc1, 0x06, 0x22, 0x0b, 0x00, 0x3e, 0xd8, 0x40, 0x68, 0x02, 0xb0, 0x6c,
  0x50, 0xb6, 0xff, 0xff, 0xff, 0xff, 0x1f, 0x80, 0x35, 0x00, 0x4c, 0x01,
  0x90, 0x80, 0x3e, 0xd8, 0xc0, 0x70, 0xff, 0xff, 0xff, 0xff, 0x3f, 0x00,
  0x6d, 0x00, 0xf8, 0x01, 0x20, 0x01, 0x7d, 0x00, 0xd0, 0xc1, 0x06, 0xa3,
  0x0b, 0x80, 0x05, 0xa0, 0x83, 0x0d, 0x84, 0x47, 0x00, 0x7c, 0xb0, 0x61,
  0xfa, 0xfe, 0xff, 0xff, 0xff, 0x7f, 0x00, 0xd6, 0x00, 0x50, 0x06, 0x77,
  0x78, 0x87, 0x36, 0x10, 0x87, 0x7a, 0x48, 0x07, 0x76, 0xa0, 0x87, 0x74,
  0x70, 0x87, 0x79, 0x00, 0x36, 0x10, 0x60, 0x10, 0x00, 0xa4, 0xb0, 0x81,
  0x08, 0x03, 0x01, 0x20, 0x85, 0x0d, 0x84, 0x18, 0x0c, 0x00, 0x29, 0x6c,
  0x20, 0xc6, 0x80, 0x00, 0x48, 0x61, 0x03, 0x41, 0x06, 0x05, 0x40, 0x0a,
  0x1b, 0x88, 0x32, 0x38, 0x00, 0x52, 0xd8, 0x40, 0x98, 0xc1, 0x02, 0x90,
  0xc2, 0x06, 0xe2, 0x0c, 0x18, 0x80, 0x14, 0x36, 0x10, 0x68, 0xf0, 0xff,
  0xff, 0xff, 0xff, 0x03, 0x20, 0x6d, 0x20, 0xd2, 0x40, 0x00, 0xce, 0x60,
  0x03, 0xa3, 0x06, 0x01, 0x40, 0x0a, 0xc0, 0x19, 0x04, 0x01, 0x11, 0xa4,
  0x01, 0x48, 0x6c, 0x60, 0xd6, 0x20, 0x00, 0x48, 0x01, 0x38, 0x83, 0x20,
  0x20, 0x82, 0x34, 0x80, 0x36, 0x20, 0x6c, 0xf0, 0xff, 0xff, 0xff, 0xff,
  0x03, 0xb0, 0x06, 0x80, 0x04, 0xf4, 0xc1, 0x06, 0xa4, 0x0d, 0xfe, 0xff,
  0xff, 0xff, 0x7f, 0x00, 0x24, 0x80, 0x02, 0xfa, 0x00, 0x00, 0x49, 0x18,
  0x00, 0x00, 0x12, 0x00, 0x00, 0x00, 0x13, 0x94, 0x40, 0x18, 0x88, 0xc2,
  0x38, 0x90, 0x44, 0x99, 0xd0, 0x2c, 0x4c, 0xe3, 0x3c, 0x50, 0x24, 0x4d,
  0x0a, 0x55, 0x59, 0x13, 0x82, 0x6b, 0xc2, 0x80, 0x65, 0xda, 0x84, 0x60,
  0x9b, 0x30, 0x70, 0x9d, 0x37, 0xa1, 0xf9, 0xc0, 0x20, 0x0c, 0xc4, 0x60,
  0x0c, 0xc8, 0x20, 0x2a, 0x83, 0x44, 0xa1, 0xcc, 0xe0, 0x0c, 0x26, 0x08,
  0x68, 0x90, 0x06, 0x13, 0x02, 0x35, 0x98, 0x10, 0xac, 0xc1, 0x84, 0x80,
  0x0d, 0x26, 0x04, 0x6d, 0x00, 0x00, 0x13, 0xb8, 0x70, 0x48, 0x07, 0x79,
  0xb0, 0x03, 0x3a, 0xf8, 0x05, 0x7b, 0x90, 0x83, 0x3b, 0x68, 0x83, 0x70,
  0x80, 0x07, 0x78, 0x60, 0x87, 0x72, 0x68, 0x83, 0x76, 0x08, 0x87, 0x71,
  0x78, 0x87, 0x79, 0xc0, 0x87, 0x38, 0xa8, 0x03, 0x37, 0xb8, 0x03, 0x37,
  0x80, 0x83, 0x0d, 0xb7, 0x51, 0x0e, 0x6d, 0x00, 0x0f, 0x7a, 0x60, 0x07,
  0x74, 0xa0, 0x07, 0x76, 0x40, 0x07, 0x7a, 0x60, 0x07, 0x74, 0xd0, 0x06,
  0xe9, 0x10, 0x07, 0x7a, 0x80, 0x07, 0x7a, 0x80, 0x07, 0x6d, 0x90, 0x0e,
  0x78, 0xa0, 0x07, 0x78, 0xa0, 0x07, 0x78, 0xd0, 0x06, 0xe9, 0x10, 0x07,
  0x76, 0xa0, 0x07, 0x71, 0x60, 0x07, 0x7a, 0x10, 0x07, 0x76, 0xd0, 0x06,
  0xe9, 0x30, 0x07, 0x72, 0xa0, 0x07, 0x73, 0x20, 0x07, 0x7a, 0x30, 0x07,
  0x72, 0xd0, 0x06, 0xe9, 0x60, 0x07, 0x74, 0xa0, 0x07, 0x76, 0x40, 0x07,
  0x7a, 0x60, 0x07, 0x74, 0xd0, 0x06, 0xe6, 0x30, 0x07, 0x72, 0xa0, 0x07,
  0x73, 0x20, 0x07, 0x7a, 0x30, 0x07, 0x72, 0xd0, 0x06, 0xe6, 0x60, 0x07,
  0x74, 0xa0, 0x07, 0x76, 0x40, 0x07, 0x7a, 0x60, 0x07, 0x74, 0xd0, 0x06,
  0xf6, 0x10, 0x07, 0x76, 0xa0, 0x07, 0x71, 0x60, 0x07, 0x7a, 0x10, 0x07,
  0x76, 0xd0, 0x06, 0xf6, 0x20, 0x07, 0x74, 0xa0, 0x07, 0x73, 0x20, 0x07,
  0x7a, 0x30, 0x07, 0x72, 0xd0, 0x06, 0xf6, 0x30, 0x07, 0x72, 0xa0, 0x07,
  0x73, 0x20, 0x07, 0x7a, 0x30, 0x07, 0x72, 0xd0, 0x06, 0xf6, 0x40, 0x07,
  0x78, 0xa0, 0x07, 0x76, 0x40, 0x07, 0x7a, 0x60, 0x07, 0x74, 0xd0, 0x06,
  0xf6, 0x60, 0x07, 0x74, 0xa0, 0x07, 0x76, 0x40, 0x07, 0x7a, 0x60, 0x07,
  0x74, 0xd0, 0x06, 0xf6, 0x90, 0x07, 0x76, 0xa0, 0x07, 0x71, 0x20, 0x07,
  0x78, 0xa0, 0x07, 0x71, 0x20, 0x07, 0x78, 0xd0, 0x06, 0xf6, 0x10, 0x07,
  0x72, 0x80, 0x07, 0x7a, 0x10, 0x07, 0x72, 0x80, 0x07, 0x7a, 0x10, 0x07,
  0x72, 0x80, 0x07, 0x6d, 0x60, 0x0f, 0x71, 0x90, 0x07, 0x72, 0xa0, 0x07,
  0x72, 0x50, 0x07, 0x76, 0xa0, 0x07, 0x72, 0x50, 0x07, 0x76, 0xd0, 0x06,
  0xf6, 0x20, 0x07, 0x75, 0x60, 0x07, 0x7a, 0x20, 0x07, 0x75, 0x60, 0x07,
  0x7a, 0x20, 0x07, 0x75, 0x60, 0x07, 0x6d, 0x60, 0x0f, 0x75, 0x10, 0x07,
  0x72, 0xa0, 0x07, 0x75, 0x10, 0x07, 0x72, 0xa0, 0x07, 0x75, 0x10, 0x07,
  0x72, 0xd0, 0x06, 0xf6, 0x10, 0x07, 0x70, 0x20, 0x07, 0x74, 0xa0, 0x07,
  0x71, 0x00, 0x07, 0x72, 0x40, 0x07, 0x7a, 0x10, 0x07, 0x70, 0x20, 0x07,
  0x74, 0xd0, 0x06, 0xee, 0x80, 0x07, 0x7a, 0x10, 0x07, 0x76, 0xa0, 0x07,
  0x73, 0x20, 0x07, 0x4a, 0x0f, 0x08, 0x11, 0x92, 0x41, 0x86, 0x8c, 0x14,
  0x11, 0x01, 0x34, 0x42, 0x18, 0x36, 0x69, 0x2a, 0xc1, 0x69, 0x2a, 0xfc,
  0x0f, 0x76, 0x48, 0x00, 0x2c, 0x08, 0xce, 0x37, 0x0c, 0x00, 0x00, 0x00,
  0x00, 0x00, 0x00, 0x01, 0x2c, 0x00, 0x3b, 0x24, 0x58, 0x80, 0x85, 0xc2,
  0x01, 0x83, 0x61, 0x00, 0x00, 0x00, 0x00, 0x00, 0x00, 0x08, 0x60, 0x01,
  0x18, 0x52, 0x81, 0x45, 0xc2, 0x00, 0x00, 0x10, 0x00, 0x00, 0x00, 0x08,
  0x00, 0x00, 0x00, 0x00, 0x00, 0xc0, 0x02, 0x30, 0xa4, 0x4a, 0x8b, 0x98,
  0x80, 0x10, 0x60, 0x10, 0x00, 0x00, 0x00, 0x02, 0x00, 0x00, 0x00, 0x20,
  0x00, 0x60, 0x01, 0x18, 0x52, 0xe9, 0x09, 0x24, 0x01, 0x01, 0x30, 0x00,
  0x00, 0x00, 0x08, 0x00, 0x00, 0x00, 0x00, 0x00, 0xc0, 0x02, 0x30, 0xa4,
  0x52, 0x15, 0x89, 0x02, 0x02, 0x60, 0x00, 0x00, 0x00, 0x10, 0x00, 0x00,
  0x00, 0x00, 0x00, 0x80, 0x05, 0x60, 0x48, 0xc5, 0x2b, 0x91, 0x05, 0x04,
  0xc0, 0x00, 0x00, 0x00, 0x20, 0x00, 0x00, 0x00, 0x00, 0x00, 0x00, 0x0b,
  0xc0, 0x90, 0xaa, 0x5d, 0xac, 0x0d, 0x08, 0x00, 0x02, 0x00, 0x00, 0x00,
  0x00, 0x00, 0x00, 0x00, 0x00, 0x00, 0x16, 0x80, 0x21, 0xd5, 0xc8, 0x2c,
  0x14, 0x10, 0x00, 0x03, 0x00, 0x00, 0x80, 0x00, 0x00, 0x00, 0x00, 0x00,
  0x00, 0x2c, 0x00, 0x43, 0x2a, 0x97, 0xc1, 0x36, 0x20, 0x00, 0x08, 0x00,
  0x00, 0x00, 0x00, 0x00, 0x00, 0x00, 0x00, 0x00, 0x58, 0x00, 0x86, 0x54,
  0x66, 0xe3, 0x74, 0x40, 0x00, 0x14, 0x00, 0x00, 0x00, 0x02, 0x00, 0x00,
  0x00, 0x00, 0x00, 0xb0, 0x00, 0x0c, 0xa9, 0xe8, 0x86, 0x02, 0x03, 0x20,
  0x00, 0x0c, 0x00, 0x00, 0x00, 0x00, 0x00, 0x00, 0x00, 0x00, 0x00, 0x58,
  0x00, 0x24, 0x36, 0x08, 0x14, 0xee, 0x39, 0x00, 0x00, 0xc8, 0x02, 0x01,
  0x00, 0x00, 0x0f, 0x00, 0x00, 0x00, 0x32, 0x1e, 0x98, 0x18, 0x19, 0x11,
  0x4c, 0x90, 0x8c, 0x09, 0x26, 0x47, 0xc6, 0x04, 0x43, 0x4a, 0x8a, 0xa0,
  0x04, 0x0a, 0xa1, 0x1c, 0xca, 0xa7, 0x00, 0x05, 0x0a, 0xa2, 0x40, 0x46,
  0x00, 0xca, 0xa0, 0x5c, 0x4a, 0xa1, 0x74, 0x8a, 0xa1, 0x78, 0x08, 0x1b,
  0x01, 0xa0, 0x6c, 0x04, 0xa0, 0x08, 0x48, 0x98, 0x01, 0xa0, 0x62, 0x06,
  0x80, 0xc6, 0xb1, 0x84, 0x0d, 0x00, 0xb1, 0x18, 0x00, 0x00, 0xa5, 0x00,
  0x00, 0x00, 0x33, 0x08, 0x80, 0x1c, 0xc4, 0xe1, 0x1c, 0x66, 0x14, 0x01,
  0x3d, 0x88, 0x43, 0x38, 0x84, 0xc3, 0x8c, 0x42, 0x80, 0x07, 0x79, 0x78,
  0x07, 0x73, 0x98, 0x71, 0x0c, 0xe6, 0x00, 0x0f, 0xed, 0x10, 0x0e, 0xf4,
  0x80, 0x0e, 0x33, 0x0c, 0x42, 0x1e, 0xc2, 0xc1, 0x1d, 0xce, 0xa1, 0x1c,
  0x66, 0x30, 0x05, 0x3d, 0x88, 0x43, 0x38, 0x84, 0x83, 0x1b, 0xcc, 0x03,
  0x3d, 0xc8, 0x43, 0x3d, 0x8c, 0x03, 0x3d, 0xcc, 0x78, 0x8c, 0x74, 0x70,
  0x07, 0x7b, 0x08, 0x07, 0x79, 0x48, 0x87, 0x70, 0x70, 0x07, 0x7a, 0x70,
  0x03, 0x76, 0x78, 0x87, 0x70, 0x20, 0x87, 0x19, 0xcc, 0x11, 0x0e, 0xec,
  0x90, 0x0e, 0xe1, 0x30, 0x0f, 0x6e, 0x30, 0x0f, 0xe3, 0xf0, 0x0e, 0xf0,
  0x50, 0x0e, 0x33, 0x10, 0xc4, 0x1d, 0xde, 0x21, 0x1c, 0xd8, 0x21, 0x1d,
  0xc2, 0x61, 0x1e, 0x66, 0x30, 0x89, 0x3b, 0xbc, 0x83, 0x3b, 0xd0, 0x43,
  0x39, 0xb4, 0x03, 0x3c, 0xbc, 0x83, 0x3c, 0x84, 0x03, 0x3b, 0xcc, 0xf0,
  0x14, 0x76, 0x60, 0x07, 0x7b, 0x68, 0x07, 0x37, 0x68, 0x87, 0x72, 0x68,
  0x07, 0x37, 0x80, 0x87, 0x70, 0x90, 0x87, 0x70, 0x60, 0x07, 0x76, 0x28,
  0x07, 0x76, 0xf8, 0x05, 0x76, 0x78, 0x87, 0x77, 0x80, 0x87, 0x5f, 0x08,
  0x87, 0x71, 0x18, 0x87, 0x72, 0x98, 0x87, 0x79, 0x98, 0x81, 0x2c, 0xee,
  0xf0, 0x0e, 0xee, 0xe0, 0x0e, 0xf5, 0xc0, 0x0e, 0xec, 0x30, 0x03, 0x62,
  0xc8, 0xa1, 0x1c, 0xe4, 0xa1, 0x1c, 0xcc, 0xa1, 0x1c, 0xe4, 0xa1, 0x1c,
  0xdc, 0x61, 0x1c, 0xca, 0x21, 0x1c, 0xc4, 0x81, 0x1d, 0xca, 0x61, 0x06,
  0xd6, 0x90, 0x43, 0x39, 0xc8, 0x43, 0x39, 0x98, 0x43, 0x39, 0xc8, 0x43,
  0x39, 0xb8, 0xc3, 0x38, 0x94, 0x43, 0x38, 0x88, 0x03, 0x3b, 0x94, 0xc3,
  0x2f, 0xbc, 0x83, 0x3c, 0xfc, 0x82, 0x3b, 0xd4, 0x03, 0x3b, 0xb0, 0xc3,
  0x0c, 0xc7, 0x69, 0x87, 0x70, 0x58, 0x87, 0x72, 0x70, 0x83, 0x74, 0x68,
  0x07, 0x78, 0x60, 0x87, 0x74, 0x18, 0x87, 0x74, 0xa0, 0x87, 0x19, 0xce,
  0x53, 0x0f, 0xee, 0x00, 0x0f, 0xf2, 0x50, 0x0e, 0xe4, 0x90, 0x0e, 0xe3,
  0x40, 0x0f, 0xe1, 0x20, 0x0e, 0xec, 0x50, 0x0e, 0x33, 0x20, 0x28, 0x1d,
  0xdc, 0xc1, 0x1e, 0xc2, 0x41, 0x1e, 0xd2, 0x21, 0x1c, 0xdc, 0x81, 0x1e,
  0xdc, 0xe0, 0x1c, 0xe4, 0xe1, 0x1d, 0xea, 0x01, 0x1e, 0x66, 0x18, 0x51,
  0x38, 0xb0, 0x43, 0x3a, 0x9c, 0x83, 0x3b, 0xcc, 0x50, 0x24, 0x76, 0x60,
  0x07, 0x7b, 0x68, 0x07, 0x37, 0x60, 0x87, 0x77, 0x78, 0x07, 0x78, 0x98,
  0x51, 0x4c, 0xf4, 0x90, 0x0f, 0xf0, 0x50, 0x0e, 0x33, 0x1e, 0x6a, 0x1e,
  0xca, 0x61, 0x1c, 0xe8, 0x21, 0x1d, 0xde, 0xc1, 0x1d, 0x7e, 0x01, 0x1e,
  0xe4, 0xa1, 0x1c, 0xcc, 0x21, 0x1d, 0xf0, 0x61, 0x06, 0x54, 0x85, 0x83,
  0x38, 0xcc, 0xc3, 0x3b, 0xb0, 0x43, 0x3d, 0xd0, 0x43, 0x39, 0xfc, 0xc2,
  0x3c, 0xe4, 0x43, 0x3b, 0x88, 0xc3, 0x3b, 0xb0, 0xc3, 0x8c, 0xc5, 0x0a,
  0x87, 0x79, 0x98, 0x87, 0x77, 0x18, 0x87, 0x74, 0x08, 0x07, 0x7a, 0x28,
  0x07, 0x72, 0x98, 0x81, 0x5c, 0xe3, 0x10, 0x0e, 0xec, 0xc0, 0x0e, 0xe5,
  0x50, 0x0e, 0xf3, 0x30, 0x23, 0xc1, 0xd2, 0x41, 0x1e, 0xe4, 0xe1, 0x17,
  0xd8, 0xe1, 0x1d, 0xde, 0x01, 0x1e, 0x66, 0x48, 0x19, 0x3b, 0xb0, 0x83,
  0x3d, 0xb4, 0x83, 0x1b, 0x84, 0xc3, 0x38, 0x8c, 0x43, 0x39, 0xcc, 0xc3,
  0x3c, 0xb8, 0xc1, 0x39, 0xc8, 0xc3, 0x3b, 0xd4, 0x03, 0x3c, 0xcc, 0x48,
  0xb4, 0x71, 0x08, 0x07, 0x76, 0x60, 0x07, 0x71, 0x08, 0x87, 0x71, 0x58,
  0x87, 0x19, 0xdb, 0xc6, 0x0e, 0xec, 0x60, 0x0f, 0xed, 0xe0, 0x06, 0xf0,
  0x20, 0x0f, 0xe5, 0x30, 0x0f, 0xe5, 0x20, 0x0f, 0xf6, 0x50, 0x0e, 0x6e,
  0x10, 0x0e, 0xe3, 0x30, 0x0e, 0xe5, 0x30, 0x0f, 0xf3, 0xe0, 0x06, 0xe9,
  0xe0, 0x0e, 0xe4, 0x50, 0x0e, 0xf8, 0x30, 0x23, 0xe2, 0xec, 0x61, 0x1c,
  0xc2, 0x81, 0x1d, 0xd8, 0xe1, 0x17, 0xec, 0x21, 0x1d, 0xe6, 0x21, 0x1d,
  0xc4, 0x21, 0x1d, 0xd8, 0x21, 0x1d, 0xe8, 0x21, 0x1f, 0x66, 0x20, 0x9d,
  0x3b, 0xbc, 0x43, 0x3d, 0xb8, 0x03, 0x39, 0x94, 0x83, 0x39, 0xcc, 0x58,
  0xbc, 0x70, 0x70, 0x07, 0x77, 0x78, 0x07, 0x7a, 0x08, 0x07, 0x7a, 0x48,
  0x87, 0x77, 0x70, 0x87, 0x19, 0xce, 0x87, 0x0e, 0xe5, 0x10, 0x0e, 0xf0,
  0x10, 0x0e, 0xec, 0xc0, 0x0e, 0xef, 0x30, 0x0e, 0xf3, 0x90, 0x0e, 0xf4,
  0x50, 0x0e, 0x33, 0x28, 0x30, 0x08, 0x87, 0x74, 0x90, 0x07, 0x37, 0x30,
  0x87, 0x7a, 0x70, 0x87, 0x71, 0xa0, 0x87, 0x74, 0x78, 0x07, 0x77, 0xf8,
  0x85, 0x73, 0x90, 0x87, 0x77, 0xa8, 0x07, 0x78, 0x98, 0x07, 0x00, 0x00,
  0x00, 0x00, 0x79, 0x20, 0x00, 0x00, 0x31, 0x01, 0x00, 0x00, 0x72, 0x1e,
  0x48, 0x20, 0x43, 0x88, 0x0c, 0x19, 0x09, 0x72, 0x32, 0x48, 0x20, 0x23,
  0x81, 0x8c, 0x91, 0x91, 0xd1, 0x44, 0xa0, 0x10, 0x28, 0x64, 0x3c, 0x31,
  0x32, 0x42, 0x8e, 0x90, 0x21, 0xa3, 0x98, 0x06, 0x64, 0xc0, 0x4f, 0x00,
  0x00, 0x00, 0x8b, 0xd2, 0x58, 0xd8, 0x06, 0x6d, 0xd0, 0x1c, 0x14, 0x1b,
  0x47, 0x06, 0x8a, 0x84, 0x44, 0xd1, 0x15, 0x15, 0xcc, 0x30, 0x10, 0xce,
  0x40, 0x08, 0xc2, 0x33, 0x80, 0x41, 0x31, 0x7c, 0xc3, 0xf0, 0x3c, 0x00,
  0x00, 0x00, 0x53, 0x44, 0x4b, 0x20, 0x56, 0x65, 0x72, 0x73, 0x69, 0x6f,
  0x6e, 0x77, 0x63, 0x68, 0x61, 0x72, 0x5f, 0x73, 0x69, 0x7a, 0x65, 0x66,
  0x72, 0x61, 0x6d, 0x65, 0x2d, 0x70, 0x6f, 0x69, 0x6e, 0x74, 0x65, 0x72,
  0x61, 0x69, 0x72, 0x2e, 0x6d, 0x61, 0x78, 0x5f, 0x64, 0x65, 0x76, 0x69,
  0x63, 0x65, 0x5f, 0x62, 0x75, 0x66, 0x66, 0x65, 0x72, 0x73, 0x61, 0x69,
  0x72, 0x2e, 0x6d, 0x61, 0x78, 0x5f, 0x63, 0x6f, 0x6e, 0x73, 0x74, 0x61,
  0x6e, 0x74, 0x5f, 0x62, 0x75, 0x66, 0x66, 0x65, 0x72, 0x73, 0x61, 0x69,
  0x72, 0x2e, 0x6d, 0x61, 0x78, 0x5f, 0x74, 0x68, 0x72, 0x65, 0x61, 0x64,
  0x67, 0x72, 0x6f, 0x75, 0x70, 0x5f, 0x62, 0x75, 0x66, 0x66, 0x65, 0x72,
  0x73, 0x61, 0x69, 0x72, 0x2e, 0x6d, 0x61, 0x78, 0x5f, 0x74, 0x65, 0x78,
  0x74, 0x75, 0x72, 0x65, 0x73, 0x61, 0x69, 0x72, 0x2e, 0x6d, 0x61, 0x78,
  0x5f, 0x72, 0x65, 0x61, 0x64, 0x5f, 0x77, 0x72, 0x69, 0x74, 0x65, 0x5f,
  0x74, 0x65, 0x78, 0x74, 0x75, 0x72, 0x65, 0x73, 0x61, 0x69, 0x72, 0x2e,
  0x6d, 0x61, 0x78, 0x5f, 0x73, 0x61, 0x6d, 0x70, 0x6c, 0x65, 0x72, 0x73,
  0x41, 0x70, 0x70, 0x6c, 0x65, 0x20, 0x6d, 0x65, 0x74, 0x61, 0x6c, 0x20,
  0x76, 0x65, 0x72, 0x73, 0x69, 0x6f, 0x6e, 0x20, 0x33, 0x32, 0x30, 0x32,
  0x33, 0x2e, 0x39, 0x31, 0x37, 0x20, 0x28, 0x6d, 0x65, 0x74, 0x61, 0x6c,
  0x66, 0x65, 0x2d, 0x33, 0x32, 0x30, 0x32, 0x33, 0x2e, 0x39, 0x31, 0x37,
  0x2e, 0x32, 0x29, 0x4d, 0x65, 0x74, 0x61, 0x6c, 0x61, 0x69, 0x72, 0x2e,
  0x63, 0x6f, 0x6d, 0x70, 0x69, 0x6c, 0x65, 0x2e, 0x64, 0x65, 0x6e, 0x6f,
  0x72, 0x6d, 0x73, 0x5f, 0x64, 0x69, 0x73, 0x61, 0x62, 0x6c, 0x65, 0x61,
  0x69, 0x72, 0x2e, 0x63, 0x6f, 0x6d, 0x70, 0x69, 0x6c, 0x65, 0x2e, 0x66,
  0x61, 0x73, 0x74, 0x5f, 0x6d, 0x61, 0x74, 0x68, 0x5f, 0x65, 0x6e, 0x61,
  0x62, 0x6c, 0x65, 0x61, 0x69, 0x72, 0x2e, 0x63, 0x6f, 0x6d, 0x70, 0x69,
  0x6c, 0x65, 0x2e, 0x66, 0x72, 0x61, 0x6d, 0x65, 0x62, 0x75, 0x66, 0x66,
  0x65, 0x72, 0x5f, 0x66, 0x65, 0x74, 0x63, 0x68, 0x5f, 0x65, 0x6e, 0x61,
  0x62, 0x6c, 0x65, 0x61, 0x69, 0x72, 0x2e, 0x62, 0x75, 0x66, 0x66, 0x65,
  0x72, 0x61, 0x69, 0x72, 0x2e, 0x6c, 0x6f, 0x63, 0x61, 0x74, 0x69, 0x6f,
  0x6e, 0x5f, 0x69, 0x6e, 0x64, 0x65, 0x78, 0x61, 0x69, 0x72, 0x2e, 0x72,
  0x65, 0x61, 0x64, 0x61, 0x69, 0x72, 0x2e, 0x61, 0x64, 0x64, 0x72, 0x65,
  0x73, 0x73, 0x5f, 0x73, 0x70, 0x61, 0x63, 0x65, 0x61, 0x69, 0x72, 0x2e,
  0x61, 0x72, 0x67, 0x5f, 0x74, 0x79, 0x70, 0x65, 0x5f, 0x73, 0x69, 0x7a,
  0x65, 0x61, 0x69, 0x72, 0x2e, 0x61, 0x72, 0x67, 0x5f, 0x74, 0x79, 0x70,
  0x65, 0x5f, 0x61, 0x6c, 0x69, 0x67, 0x6e, 0x5f, 0x73, 0x69, 0x7a, 0x65,
  0x61, 0x69, 0x72, 0x2e, 0x61, 0x72, 0x67, 0x5f, 0x74, 0x79, 0x70, 0x65,
  0x5f, 0x6e, 0x61, 0x6d, 0x65, 0x66, 0x6c, 0x6f, 0x61, 0x74, 0x61, 0x69,
  0x72, 0x2e, 0x61, 0x72, 0x67, 0x5f, 0x6e, 0x61, 0x6d, 0x65, 0x73, 0x72,
  0x63, 0x77, 0x74, 0x73, 0x62, 0x69, 0x61, 0x73, 0x61, 0x69, 0x72, 0x2e,
  0x72, 0x65, 0x61, 0x64, 0x5f, 0x77, 0x72, 0x69, 0x74, 0x65, 0x64, 0x73,
  0x74, 0x75, 0x69, 0x6e, 0x74, 0x6b, 0x70, 0x63, 0x70, 0x61, 0x69, 0x72,
  0x2e, 0x62, 0x75, 0x66, 0x66, 0x65, 0x72, 0x5f, 0x73, 0x69, 0x7a, 0x65,
  0x65, 0x70, 0x69, 0x61, 0x69, 0x72, 0x2e, 0x74, 0x68, 0x72, 0x65, 0x61,
  0x64, 0x67, 0x72, 0x6f, 0x75, 0x70, 0x5f, 0x70, 0x6f, 0x73, 0x69, 0x74,
  0x69, 0x6f, 0x6e, 0x5f, 0x69, 0x6e, 0x5f, 0x67, 0x72, 0x69, 0x64, 0x75,
  0x69, 0x6e, 0x74, 0x33, 0x74, 0x67, 0x70, 0x61, 0x69, 0x72, 0x2e, 0x74,
  0x68, 0x72, 0x65, 0x61, 0x64, 0x5f, 0x69, 0x6e, 0x64, 0x65, 0x78, 0x5f,
  0x69, 0x6e, 0x5f, 0x74, 0x68, 0x72, 0x65, 0x61, 0x64, 0x67, 0x72, 0x6f,
  0x75, 0x70, 0x6c, 0x69, 0x64, 0x69, 0x6e, 0x74, 0x6f, 0x6d, 0x6e, 0x69,
  0x70, 0x6f, 0x74, 0x65, 0x6e, 0x74, 0x20, 0x63, 0x68, 0x61, 0x72, 0x53,
  0x69, 0x6d, 0x70, 0x6c, 0x65, 0x20, 0x43, 0x2b, 0x2b, 0x20, 0x54, 0x42,
  0x41, 0x41, 0xc6, 0xa9, 0x00, 0x00, 0x00, 0x00, 0x00, 0x00, 0x30, 0x82,
  0x90, 0x30, 0x23, 0x08, 0x63, 0x00, 0x06, 0x23, 0x08, 0x49, 0x33, 0x82,
  0x90, 0x38, 0x23, 0x08, 0xc9, 0x33, 0x82, 0x90, 0x40, 0x23, 0x08, 0x49,
  0x34, 0x82, 0x90, 0x48, 0x23, 0x08, 0xc9, 0x34, 0x82, 0x90, 0x50, 0x23,
  0x08, 0x49, 0x35, 0x82, 0xd0, 0x08, 0x23, 0x08, 0x89, 0x35, 0x82, 0x90,
  0x5c, 0x23, 0x08, 0x09, 0x36, 0x82, 0x90, 0x64, 0x23, 0x08, 0x89, 0x36,
  0x82, 0x80, 0x6d, 0x33, 0x0c, 0x6a, 0x10, 0xac, 0xc1, 0x0c, 0x03, 0x1b,
  0x08, 0x6d, 0x30, 0xc3, 0xe0, 0x06, 0x83, 0x1a, 0xcc, 0x30, 0xb8, 0x01,
  0xf1, 0x06, 0x33, 0x0c, 0x6e, 0x50, 0xbc, 0xc1, 0x0c, 0x83, 0x1b, 0x18,
  0x6f, 0x30, 0xc3, 0xe0, 0x06, 0x07, 0x1c, 0xcc, 0x30, 0xb8, 0x01, 0x12,
  0x07, 0x33, 0x0c, 0x6e, 0x90, 0xc8, 0xc1, 0x0c, 0x81, 0x32, 0xc3, 0xa0,
  0x06, 0x6e, 0x30, 0x07, 0x33, 0x10, 0x0b, 0x1d, 0xa8, 0xc1, 0x1c, 0xcc,
  0x10, 0x30, 0x33, 0x04, 0xcd, 0x0c, 0x81, 0x33, 0x03, 0x30, 0x03, 0x34,
  0x07, 0x0f, 0x34, 0x07, 0x6c, 0x10, 0x49, 0x6c, 0x30, 0xb5, 0x01, 0xd5,
  0x06, 0x95, 0x75, 0x61, 0x33, 0x40, 0x6c, 0xf0, 0x40, 0x6c, 0xc0, 0x06,
  0x91, 0xc4, 0x06, 0x53, 0x1b, 0x50, 0x6d, 0x50, 0x59, 0x57, 0x36, 0x03,
  0xa4, 0x06, 0x0f, 0xa4, 0x06, 0x6c, 0x10, 0x49, 0x6c, 0x30, 0xb5, 0x01,
  0xd5, 0x06, 0x95, 0x75, 0x69, 0x33, 0x40, 0x74, 0xf0, 0x40, 0x74, 0xc0,
  0x06, 0x9b, 0xc4, 0x06, 0x53, 0x1b, 0x50, 0x6d, 0x50, 0x59, 0x17, 0x37,
  0x03, 0xd4, 0x06, 0x0f, 0x64, 0x07, 0x6c, 0x10, 0x49, 0x6a, 0x30, 0xb5,
  0x01, 0xd5, 0x06, 0x55, 0x77, 0x79, 0x33, 0x40, 0x77, 0xf0, 0x40, 0x78,
  0xc0, 0x06, 0x91, 0xa4, 0x06, 0x53, 0x1b, 0x50, 0x6d, 0x50, 0x75, 0xd7,
  0x37, 0x83, 0x94, 0x07, 0x0f, 0x18, 0xb4, 0x01, 0xa4, 0x07, 0x6c, 0x10,
  0x49, 0x6a, 0x30, 0xb5, 0x01, 0xd5, 0x06, 0x55, 0x77, 0x85, 0xc1, 0x0c,
  0x86, 0x1b, 0x88, 0x41, 0x35, 0x06, 0x17, 0x19, 0xcc, 0x60, 0xc4, 0x41,
  0x19, 0x54, 0xdd, 0x65, 0x06, 0x33, 0x24, 0xac, 0xd0, 0x0a, 0xae, 0xf0,
  0x0a, 0xb0, 0x10, 0x0b, 0xb2, 0x30, 0x0b, 0xb4, 0x30, 0xc3, 0x50, 0x07,
  0xab, 0x50, 0x0b, 0x33, 0x04, 0x69, 0x30, 0xc3, 0x80, 0x06, 0xb7, 0xb0,
  0x07, 0x33, 0x0c, 0x67, 0x80, 0x0b, 0x7b, 0x30, 0xc3, 0x90, 0x0b, 0xb9,
  0xb0, 0x07, 0x17, 0x07, 0x00, 0x87, 0x06, 0x1c, 0xc7, 0x71, 0x1c, 0xc7,
  0x71, 0x1c, 0xc7, 0x71, 0x1c, 0xc7, 0x71, 0x6e, 0xe0, 0x06, 0x6e, 0xe0,
  0x06, 0x6e, 0xe0, 0x06, 0x6e, 0xe0, 0x06, 0x6e, 0x60, 0xd1, 0x81, 0x1e,
  0x58, 0x96, 0x05, 0xd1, 0x04, 0x4d, 0xd0, 0x04, 0x4d, 0xd0, 0x04, 0x4d,
  0xc8, 0x05, 0x2b, 0x98, 0x02, 0x3f, 0xd0, 0x01, 0x47, 0x07, 0x74, 0x20,
  0x23, 0x81, 0x09, 0xca, 0x88, 0x8d, 0xcd, 0xae, 0xcd, 0xa5, 0xed, 0x8d,
  0xac, 0x8e, 0xad, 0xcc, 0xc5, 0x8c, 0x2d, 0xec, 0x6c, 0x6e, 0x94, 0x64,
  0x0f, 0xf8, 0xa0, 0x0f, 0xfc, 0xe0, 0x0f, 0x40, 0x21, 0x14, 0x44, 0x61,
  0x14, 0x52, 0x61, 0x63, 0xb3, 0x6b, 0x73, 0x49, 0x23, 0x2b, 0x73, 0xa3,
  0x1b, 0x25, 0x20, 0x85, 0x5c, 0xc2, 0xd2, 0xe4, 0x5c, 0xec, 0xca, 0xe4,
  0xe6, 0xd2, 0xde, 0xdc, 0x46, 0x09, 0x4a, 0x21, 0xa9, 0xb0, 0x34, 0x39,
  0x17, 0xb6, 0x30, 0xb7, 0xb3, 0xba, 0xb0, 0xb3, 0xb2, 0x2f, 0xbb, 0x32,
  0xb9, 0xb9, 0xb4, 0x37, 0xb7, 0x51, 0x02, 0x53, 0xc8, 0x29, 0x2c, 0x4d,
  0xce, 0x65, 0xec, 0xad, 0x0d, 0x2e, 0x8d, 0xad, 0xec, 0xeb, 0x0d, 0x8e,
  0x2e, 0xed, 0xcd, 0x6d, 0x6e, 0x94, 0xe1, 0x14, 0x50, 0x21, 0x15, 0x52,
  0x09, 0x4b, 0x93, 0x73, 0x59, 0x2b, 0x93, 0x73, 0x2b, 0x63, 0x1b, 0x25,
  0xa8, 0x05, 0x00, 0x00, 0x00, 0x00, 0xa9, 0x18, 0x00, 0x00, 0x25, 0x00,
  0x00, 0x00, 0x0b, 0x0a, 0x72, 0x28, 0x87, 0x77, 0x80, 0x07, 0x7a, 0x58,
  0x70, 0x98, 0x43, 0x3d, 0xb8, 0xc3, 0x38, 0xb0, 0x43, 0x39, 0xd0, 0xc3,
  0x82, 0xe6, 0x1c, 0xc6, 0xa1, 0x0d, 0xe8, 0x41, 0x1e, 0xc2, 0xc1, 0x1d,
  0xe6, 0x21, 0x1d, 0xe8, 0x21, 0x1d, 0xde, 0xc1, 0x1d, 0x16, 0x34, 0xe3,
  0x60, 0x0e, 0xe7, 0x50, 0x0f, 0xe1, 0x20, 0x0f, 0xe4, 0x40, 0x0f, 0xe1,
  0x20, 0x0f, 0xe7, 0x50, 0x0e, 0xf4, 0xb0, 0x80, 0x81, 0x07, 0x79, 0x28,
  0x87, 0x70, 0x60, 0x07, 0x76, 0x78, 0x87, 0x71, 0x08, 0x07, 0x7a, 0x28,
  0x07, 0x72, 0x58, 0x70, 0x9c, 0xc3, 0x38, 0xb4, 0x01, 0x3b, 0xa4, 0x83,
  0x3d, 0x94, 0xc3, 0x02, 0x6b, 0x1c, 0xd8, 0x21, 0x1c, 0xdc, 0xe1, 0x1c,
  0xdc, 0x20, 0x1c, 0xe4, 0x61, 0x1c, 0xdc, 0x20, 0x1c, 0xe8, 0x81, 0x1e,
  0xc2, 0x61, 0x1c, 0xd0, 0xa1, 0x1c, 0xc8, 0x61, 0x1c, 0xc2, 0x81, 0x1d,
  0xd8, 0x61, 0xc1, 0x01, 0x0f, 0xf4, 0x20, 0x0f, 0xe1, 0x50, 0x0f, 0xf4,
  0x80, 0x0e, 0x00, 0x00, 0x00, 0x00, 0xd1, 0x10, 0x00, 0x00, 0x06, 0x00,
  0x00, 0x00, 0x07, 0xcc, 0x3c, 0xa4, 0x83, 0x3b, 0x9c, 0x03, 0x3b, 0x94,
  0x03, 0x3d, 0xa0, 0x83, 0x3c, 0x94, 0x43, 0x38, 0x90, 0xc3, 0x01, 0x00,
  0x00, 0x00, 0x61, 0x20, 0x00, 0x00, 0x5a, 0x00, 0x00, 0x00, 0x13, 0x04,
  0x41, 0x2c, 0x10, 0x00, 0x00, 0x00, 0x06, 0x00, 0x00, 0x00, 0x84, 0x8c,
  0x00, 0x90, 0x33, 0xd4, 0x21, 0x0c, 0x00, 0xb6, 0x61, 0x1b, 0x3d, 0x43,
  0x1d, 0x85, 0x11, 0x60, 0x1b, 0xb6, 0x01, 0x00, 0x00, 0x00, 0xf1, 0x30,
  0x00, 0x00, 0x44, 0x00, 0x00, 0x00, 0x22, 0x47, 0xc8, 0x90, 0x51, 0x22,
  0x48, 0x5f, 0x00, 0x00, 0x00, 0x00, 0x9b, 0x65, 0x59, 0x96, 0x65, 0x59,
  0x00, 0x00, 0x61, 0x69, 0x72, 0x2d, 0x61, 0x6c, 0x69, 0x61, 0x73, 0x2d,
  0x73, 0x63, 0x6f, 0x70, 0x65, 0x73, 0x28, 0x6e, 0x76, 0x63, 0x6f, 0x6e,
  0x76, 0x34, 0x5f, 0x62, 0x29, 0x61, 0x69, 0x72, 0x2d, 0x61, 0x6c, 0x69,
  0x61, 0x73, 0x2d, 0x73, 0x63, 0x6f, 0x70, 0x65, 0x2d, 0x61, 0x72, 0x67,
  0x28, 0x36, 0x29, 0x61, 0x69, 0x72, 0x2d, 0x61, 0x6c, 0x69, 0x61, 0x73,
  0x2d, 0x73, 0x63, 0x6f, 0x70, 0x65, 0x2d, 0x61, 0x72, 0x67, 0x28, 0x35,
  0x29, 0x61, 0x69, 0x72, 0x2d, 0x61, 0x6c, 0x69, 0x61, 0x73, 0x2d, 0x73,
  0x63, 0x6f, 0x70, 0x65, 0x2d, 0x61, 0x72, 0x67, 0x28, 0x34, 0x29, 0x61,
  0x69, 0x72, 0x2d, 0x61, 0x6c, 0x69, 0x61, 0x73, 0x2d, 0x73, 0x63, 0x6f,
  0x70, 0x65, 0x2d, 0x61, 0x72, 0x67, 0x28, 0x33, 0x29, 0x61, 0x69, 0x72,
  0x2d, 0x61, 0x6c, 0x69, 0x61, 0x73, 0x2d, 0x73, 0x63, 0x6f, 0x70, 0x65,
  0x2d, 0x61, 0x72, 0x67, 0x28, 0x32, 0x29, 0x61, 0x69, 0x72, 0x2d, 0x61,
  0x6c, 0x69, 0x61, 0x73, 0x2d, 0x73, 0x63, 0x6f, 0x70, 0x65, 0x2d, 0x61,
  0x72, 0x67, 0x28, 0x31, 0x29, 0x61, 0x69, 0x72, 0x2d, 0x61, 0x6c, 0x69,
  0x61, 0x73, 0x2d, 0x73, 0x63, 0x6f, 0x70, 0x65, 0x2d, 0x61, 0x72, 0x67,
  0x28, 0x30, 0x29, 0x00, 0x00, 0x00, 0x2b, 0x84, 0x71, 0xd8, 0x85, 0x15,
  0x03, 0x39, 0x8c, 0x03, 0x2f, 0xac, 0x18, 0xca, 0x61, 0x1c, 0x7a, 0x61,
  0xc5, 0x60, 0x0e, 0xe3, 0xe0, 0x0b, 0x2b, 0x86, 0x73, 0x18, 0x87, 0x5f,
  0x58, 0x31, 0xa0, 0xc3, 0x38, 0x80, 0xc3, 0x8a, 0x21, 0x1d, 0xc6, 0x21,
  0x1c, 0x56, 0x0c, 0xea, 0x30, 0x0e, 0xe2, 0xb0, 0x21, 0x20, 0x87, 0x0d,
  0x86, 0x3a, 0xa4, 0x03, 0x3a, 0x9c, 0x83, 0x39, 0x94, 0x03, 0x00, 0x00,
  0x00, 0x00, 0x64, 0x24, 0x63, 0xc4, 0x00, 0x3a, 0x62, 0x10, 0x0c, 0xa0,
  0x35, 0x68, 0x18, 0x65, 0x21, 0x82, 0x04, 0x31, 0x8a, 0x41, 0xd0, 0x80,
  0x18, 0x00, 0x03, 0x00, 0x00, 0x00, 0x5b, 0x0e, 0x20, 0xc8, 0x85, 0x43,
  0x1d, 0x90, 0x75, 0x00, 0x00, 0x00, 0x00, 0x00, 0x00, 0x00, 0x61, 0x20,
  0x00, 0x00, 0x7c, 0x02, 0x00, 0x00, 0x13, 0x04, 0x79, 0x10, 0x0b, 0x04,
  0x00, 0x00, 0x14, 0x00, 0x00, 0x00, 0x94, 0x94, 0x47, 0x0d, 0x14, 0x54,
  0xe1, 0x15, 0x68, 0x40, 0x49, 0x14, 0x45, 0x59, 0x10, 0x56, 0x40, 0x05,
  0x52, 0x10, 0x05, 0x28, 0x50, 0x42, 0x45, 0x54, 0x46, 0xa5, 0x54, 0x4c,
  0xe5, 0x54, 0x50, 0x25, 0x55, 0x58, 0xa5, 0x55, 0x5c, 0xe5, 0x55, 0x60,
  0x25, 0x56, 0x12, 0x45, 0x51, 0x16, 0x85, 0x53, 0x3a, 0xc5, 0x53, 0x3e,
  0x25, 0x40, 0xdf, 0x08, 0x00, 0x01, 0x23, 0x00, 0x63, 0x04, 0x20, 0x08,
  0x82, 0xf8, 0x37, 0x46, 0x00, 0x82, 0x20, 0xc8, 0x82, 0x01, 0x21, 0x23,
  0x00, 0x00, 0xf1, 0x30, 0x00, 0x00, 0x23, 0x00, 0x00, 0x00, 0x22, 0x47,
  0xc8, 0x90, 0x51, 0x0a, 0x84, 0x07, 0x84, 0x05, 0x00, 0x00, 0x62, 0x6f,
  0x6f, 0x6c, 0x6c, 0x6c, 0x76, 0x6d, 0x2e, 0x6c, 0x6f, 0x6f, 0x70, 0x2e,
  0x6d, 0x75, 0x73, 0x74, 0x70, 0x72, 0x6f, 0x67, 0x72, 0x65, 0x73, 0x73,
  0x00, 0x00, 0x13, 0x84, 0x8c, 0x9b, 0x20, 0x64, 0xdd, 0x0a, 0xe1, 0x17,
  0xda, 0x61, 0x85, 0x00, 0x0e, 0xed, 0xb0, 0x42, 0x08, 0x87, 0x76, 0x58,
  0x21, 0x88, 0x43, 0x3b, 0xac, 0x10, 0xc6, 0xa1, 0x1d, 0x56, 0x08, 0xe4,
  0xd0, 0x0e, 0x2b, 0x84, 0x72, 0x68, 0x87, 0x15, 0x82, 0x39, 0xb4, 0xc3,
  0x0a, 0xe1, 0x1c, 0xda, 0x61, 0x85, 0x80, 0x0e, 0xed, 0xb0, 0x42, 0x48,
  0x87, 0x76, 0x58, 0x21, 0xa8, 0x43, 0x3b, 0x6c, 0x18, 0x76, 0x01, 0x17,
  0xf6, 0x60, 0xc3, 0xb0, 0x0e, 0xeb, 0xb0, 0x07, 0x1b, 0x02, 0x5e, 0xd8,
  0x20, 0xf4, 0x82, 0x2f, 0x6c, 0x18, 0x2c, 0x5c, 0xd8, 0x83, 0x0d, 0xc3,
  0x3b, 0xbc, 0xc3, 0x1e, 0x00, 0x00, 0x33, 0x11, 0x64, 0x90, 0x34, 0xa3,
  0x30, 0x13, 0x41, 0x06, 0x49, 0x33, 0x0a, 0x33, 0x11, 0x64, 0x90, 0x34,
  0xa3, 0x30, 0x13, 0x61, 0x06, 0x49, 0x13, 0x0a, 0x33, 0x11, 0x69, 0x90,
  0x34, 0xa3, 0x30, 0x13, 0x81, 0x06, 0x49, 0x33, 0x0a, 0x33, 0x11, 0x6c,
  0x90, 0x34, 0xa3, 0x30, 0x13, 0x81, 0x06, 0x49, 0x33, 0x0a, 0x3d, 0x11,
  0xe8, 0xe0, 0x0c, 0x28, 0x48, 0x46, 0x4f, 0x04, 0x3b, 0x28, 0x03, 0x0a,
  0x92, 0xd1, 0x13, 0x01, 0x0f, 0xcc, 0x80, 0x82, 0x64, 0xf4, 0x44, 0xd0,
  0x83, 0x33, 0xa0, 0x20, 0x19, 0x3d, 0x11, 0xf8, 0x00, 0x0d, 0x28, 0x48,
  0x46, 0x4f, 0x04, 0x3f, 0x48, 0x03, 0x0a, 0x92, 0xd1, 0x13, 0x01, 0x14,
  0xd4, 0x80, 0x82, 0x64, 0xf4, 0x44, 0x10, 0x85, 0x35, 0xa0, 0x20, 0x19,
  0x3d, 0x11, 0x48, 0x81, 0x0d, 0x28, 0x48, 0x46, 0x4f, 0x04, 0x53, 0x68,
  0x03, 0x0a, 0x92, 0xd1, 0x13, 0x01, 0x15, 0xdc, 0x80, 0x82, 0x64, 0xf4,
  0x44, 0x50, 0x85, 0x37, 0xa0, 0x20, 0x19, 0x3d, 0x11, 0x58, 0x01, 0x0e,
  0x28, 0x48, 0x46, 0x4f, 0x04, 0x57, 0x88, 0x03, 0x0a, 0x92, 0xd1, 0x13,
  0x01, 0x16, 0xe4, 0x80, 0x82, 0x64, 0xf4, 0x44, 0x98, 0x85, 0x51, 0xa0,
  0x20, 0x19, 0x3d, 0x11, 0x6a, 0xa1, 0x0e, 0x28, 0x48, 0x46, 0x4f, 0x84,
  0x5b, 0xb0, 0x03, 0x0a, 0x92, 0xd1, 0x13, 0x21, 0x17, 0xee, 0x80, 0x82,
  0x64, 0xf4, 0x44, 0xd8, 0x05, 0x3c, 0xa0, 0x20, 0x19, 0x3d, 0x11, 0x7a,
  0x21, 0x0f, 0x28, 0x48, 0x46, 0x4f, 0x84, 0x5f, 0xd0, 0x03, 0x0a, 0x92,
  0xd1, 0x13, 0x21, 0x1c, 0xf6, 0x80, 0x82, 0x64, 0x0c, 0x37, 0x94, 0xc3,
  0x1d, 0x84, 0xc1, 0x70, 0xc3, 0x39, 0xe0, 0x01, 0x18, 0x4c, 0x37, 0xf4,
  0x02, 0x2f, 0x04, 0xd3, 0x0d, 0xbc, 0x10, 0x0c, 0x18, 0xf0, 0x03, 0x0c,
  0x64, 0x80, 0x45, 0x4f, 0x84, 0x74, 0x08, 0x28, 0x48, 0x06, 0x16, 0xe0,
  0x00, 0x03, 0x19, 0x60, 0xd1, 0x13, 0xa1, 0x1d, 0x02, 0x0a, 0x92, 0x81,
  0xc9, 0x38, 0xc0, 0x40, 0x06, 0x58, 0xf4, 0x44, 0x88, 0x87, 0x80, 0x82,
  0x64, 0x60, 0x63, 0x0e, 0x30, 0x90, 0x01, 0x16, 0x3d, 0x11, 0xea, 0x21,
  0xa0, 0x20, 0x19, 0x37, 0x07, 0x79, 0x20, 0x17, 0xc8, 0x81, 0x8c, 0x21,
  0xdc, 0x43, 0x49, 0x5c, 0x20, 0x13, 0x37, 0x86, 0x90, 0x0f, 0xb4, 0x70,
  0xa6, 0x60, 0x0f, 0x3a, 0xdc, 0x10, 0xc0, 0x04, 0x18, 0xdc, 0x3e, 0xdc,
  0x04, 0xa6, 0x2c, 0x68, 0x3b, 0x62, 0x60, 0x20, 0x20, 0x08, 0x06, 0x9b,
  0x4f, 0xc8, 0x43, 0x90, 0xb2, 0xa0, 0xed, 0x88, 0x81, 0x81, 0x80, 0x20,
  0x18, 0x6c, 0x3f, 0x31, 0x0f, 0x41, 0xca, 0x82, 0xb6, 0x23, 0x06, 0x06,
  0x02, 0x82, 0x60, 0xb0, 0x81, 0x05, 0x3d, 0x04, 0xdd, 0x1c, 0x64, 0xc1,
  0x25, 0x5c, 0x62, 0xc4, 0xc0, 0x40, 0x40, 0x10, 0x0c, 0xb6, 0xb0, 0x98,
  0x87, 0xe0, 0x92, 0x02, 0x66, 0x09, 0x88, 0x53, 0x05, 0x57, 0x90, 0x0b,
  0x52, 0x41, 0x6e, 0xa1, 0x89, 0x3b, 0x92, 0x08, 0x09, 0xc5, 0x60, 0x2c,
  0x6e, 0x20, 0x71, 0x41, 0xdb, 0x11, 0x03, 0x03, 0x01, 0x41, 0x30, 0xd8,
  0xd0, 0x22, 0x1f, 0x82, 0x11, 0x03, 0x24, 0x01, 0x41, 0x30, 0x00, 0x03,
  0xb3, 0x08, 0x6a, 0x22, 0x1f, 0xc4, 0x61, 0xb8, 0xa1, 0xe8, 0x09, 0x30,
  0x98, 0x65, 0x10, 0x86, 0x00, 0x9b, 0x9e, 0xb8, 0x81, 0x23, 0x8c, 0x9d,
  0x25, 0x28, 0xd2, 0xc0, 0x22, 0x79, 0x41, 0xdb, 0x3b, 0x92, 0x4d, 0x09,
  0x8b, 0xf4, 0x05, 0x6d, 0xd3, 0x17, 0xb4, 0xc5, 0xaa, 0x2c, 0x6e, 0x60,
  0x96, 0xc0, 0x18, 0xa8, 0x48, 0x5c, 0x05, 0x28, 0x03, 0x02, 0x03, 0xb7,
  0xb8, 0x81, 0x9b, 0x02, 0x18, 0x6e, 0x08, 0x3e, 0x32, 0x48, 0x02, 0x8b,
  0x6e, 0x0e, 0xe9, 0x50, 0x16, 0x41, 0x0e, 0x59, 0x0c, 0x1b, 0x10, 0x42,
  0x10, 0x00, 0x57, 0xdc, 0x42, 0x9d, 0x81, 0x0b, 0x73, 0xc1, 0x2d, 0xd4,
  0x09, 0xb8, 0x30, 0x9d, 0x1c, 0xe4, 0x61, 0x2d, 0x8e, 0x61, 0x03, 0x22,
  0x10, 0x06, 0xe0, 0x0a, 0x5a, 0x10, 0x0c, 0x72, 0x01, 0x04, 0x3a, 0x39,
  0xd0, 0x83, 0x5b, 0x28, 0xc3, 0x06, 0x44, 0x20, 0x0c, 0xc0, 0x19, 0xb5,
  0x20, 0x18, 0xe8, 0x02, 0x08, 0x74, 0x72, 0xb0, 0x87, 0xb8, 0x68, 0x86,
  0x0d, 0x88, 0x40, 0x18, 0x00, 0x94, 0x40, 0x03, 0x06, 0x86, 0x1b, 0x02,
  0xbe, 0x00, 0x83, 0x59, 0x86, 0x80, 0x08, 0x06, 0x2a, 0x12, 0x3c, 0x10,
  0xe4, 0xa0, 0x1b, 0xa8, 0x48, 0xf8, 0x40, 0x60, 0x83, 0xee, 0x02, 0x38,
  0x80, 0xe1, 0x06, 0xb6, 0x20, 0x0d, 0x30, 0x98, 0x25, 0x30, 0x83, 0x81,
  0x8a, 0xc4, 0x5f, 0x86, 0xbe, 0xe8, 0x66, 0x19, 0x0e, 0x04, 0x0e, 0x2e,
  0xb8, 0x87, 0x3a, 0x01, 0x1f, 0xe6, 0x82, 0x7a, 0xa8, 0x13, 0xec, 0x61,
  0x66, 0x09, 0x90, 0x81, 0x8a, 0x44, 0x38, 0x50, 0xc6, 0x18, 0xa8, 0x48,
  0x8c, 0x43, 0x65, 0x8c, 0x81, 0x8a, 0x84, 0x39, 0x58, 0xc6, 0x38, 0xa4,
  0x0d, 0x76, 0xb8, 0x21, 0x80, 0x03, 0x32, 0x98, 0x65, 0x48, 0x98, 0x60,
  0x96, 0x41, 0x59, 0xf2, 0xe0, 0x86, 0x37, 0x80, 0x59, 0x02, 0xe6, 0x86,
  0x90, 0xa8, 0x23, 0x44, 0x62, 0x2e, 0xf8, 0x87, 0x3a, 0x01, 0x24, 0x66,
  0x96, 0x80, 0x19, 0xe8, 0x48, 0x28, 0x45, 0x58, 0x78, 0x06, 0x19, 0xe8,
  0x48, 0x28, 0xc5, 0x58, 0x7c, 0x06, 0x19, 0xe8, 0x48, 0x1c, 0x85, 0x59,
  0xc0, 0x06, 0x39, 0xc1, 0x1d, 0xe4, 0x88, 0x76, 0x90, 0x1b, 0xd8, 0x41,
  0x66, 0x09, 0x9c, 0xab, 0x46, 0x01, 0x46, 0x0c, 0x0c, 0x04, 0x04, 0xc1,
  0x60, 0x03, 0x8f, 0xb9, 0xa0, 0x83, 0x11, 0x03, 0x44, 0x01, 0x41, 0x30,
  0x00, 0x03, 0xdf, 0xa0, 0x83, 0xd6, 0x98, 0x0b, 0x9d, 0x18, 0x6e, 0x08,
  0xfa, 0x80, 0x0c, 0x66, 0x19, 0x26, 0x2d, 0x18, 0xa8, 0x48, 0xd8, 0x86,
  0x29, 0x05, 0x69, 0x96, 0xe1, 0x91, 0x9e, 0x0c, 0xb0, 0xe8, 0xe6, 0x50,
  0x13, 0xb1, 0x11, 0x50, 0x90, 0x85, 0xe1, 0x86, 0x40, 0x36, 0xc0, 0x60,
  0x96, 0x41, 0x82, 0x82, 0x4e, 0x0e, 0x3a, 0x41, 0x1b, 0x04, 0x05, 0xc9,
  0xc0, 0x80, 0x01, 0x81, 0x4e, 0x0e, 0x3c, 0x71, 0x1b, 0x07, 0x05, 0xc9,
  0xc0, 0xc0, 0x01, 0x81, 0xe1, 0x06, 0xe2, 0x34, 0xcc, 0x60, 0xb8, 0x41,
  0x40, 0x0d, 0x33, 0x98, 0x6e, 0x08, 0xd0, 0x42, 0x18, 0x6e, 0x38, 0x62,
  0x82, 0x0c, 0xa6, 0x1b, 0x02, 0xb5, 0x10, 0x86, 0x1b, 0x8c, 0x98, 0x20,
  0x83, 0xe9, 0x86, 0x80, 0x2d, 0x84, 0x59, 0x86, 0x48, 0x0a, 0x6e, 0xf9,
  0x07, 0xb9, 0xc0, 0x82, 0x53, 0xfe, 0x41, 0x4e, 0x08, 0xa0, 0x93, 0x03,
  0x5b, 0x94, 0x47, 0x45, 0x41, 0x32, 0x2e, 0x08, 0x09, 0x39, 0x22, 0x80,
  0x0c, 0xb0, 0xe8, 0x80, 0x40, 0x1e, 0x01, 0x05, 0xc0, 0x98, 0x25, 0x90,
  0x06, 0x4a, 0x00, 0x77, 0x79, 0xdc, 0xc5, 0x11, 0x22, 0x77, 0x81, 0xd0,
  0xd3, 0x8f, 0x1b, 0xc0, 0x80, 0x1c, 0x60, 0x20, 0x03, 0x2c, 0x7a, 0x30,
  0x80, 0xc7, 0x2d, 0x04, 0xc3, 0x06, 0x44, 0x50, 0x0c, 0x00, 0x8a, 0xc1,
  0x7f, 0xc0, 0xc0, 0x70, 0x43, 0xb0, 0x1f, 0x60, 0x30, 0xcb, 0xd0, 0x38,
  0xc1, 0x2c, 0x03, 0x55, 0xa9, 0xc3, 0xd1, 0x41, 0x3a, 0xc0, 0x2c, 0x81,
  0x75, 0x67, 0x20, 0x17, 0x75, 0x68, 0x30, 0x17, 0x73, 0x01, 0x5c, 0xd4,
  0x09, 0x71, 0x31, 0xb3, 0x04, 0xd6, 0x40, 0x45, 0xa2, 0x50, 0x48, 0x35,
  0x50, 0x91, 0xd8, 0x03, 0x65, 0x54, 0x03, 0x15, 0x89, 0x3e, 0x50, 0x46,
  0x75, 0x43, 0x4c, 0xc8, 0x0d, 0x30, 0x21, 0x17, 0x08, 0x70, 0x04, 0x4c,
  0xc8, 0x09, 0x01, 0xcc, 0x12, 0x5c, 0x03, 0x15, 0x89, 0x0b, 0x59, 0x57,
  0x86, 0x81, 0x39, 0xc0, 0xc0, 0x70, 0x43, 0xe0, 0x17, 0x64, 0x30, 0xcb,
  0x80, 0x65, 0xc1, 0x09, 0x3b, 0x21, 0x57, 0x04, 0x90, 0x01, 0x16, 0x1d,
  0x10, 0xfe, 0x23, 0xa0, 0x00, 0x18, 0xb3, 0x04, 0xd9, 0x40, 0x06, 0x20,
  0x60, 0x66, 0x73, 0xf9, 0x47, 0x26, 0x58, 0x74, 0x74, 0x60, 0x0d, 0x15,
  0x09, 0x86, 0x0d, 0x88, 0x60, 0x18, 0x00, 0x5c, 0x72, 0x04, 0x06, 0x86,
  0x1b, 0x82, 0x1c, 0x01, 0x83, 0x59, 0x06, 0xed, 0x0a, 0x66, 0x09, 0xb8,
  0x11, 0x03, 0x03, 0x01, 0x41, 0x30, 0xd8, 0xc2, 0x44, 0x3e, 0xe6, 0x61,
  0xc4, 0xc0, 0x58, 0x42, 0x10, 0x0c, 0x3a, 0x1f, 0xe1, 0x91, 0x1d, 0x99,
  0x25, 0xf0, 0x06, 0x2a, 0x12, 0x34, 0xd2, 0x1e, 0x2e, 0x03, 0x2c, 0x3a,
  0x3a, 0xc4, 0xc6, 0x8b, 0x04, 0x14, 0x00, 0x03, 0x89, 0x7e, 0x80, 0x81,
  0x0c, 0xb0, 0xe8, 0xc4, 0x20, 0x22, 0xf7, 0x10, 0x0c, 0x1b, 0x10, 0x01,
  0x31, 0x00, 0x78, 0x88, 0x09, 0x0c, 0x0c, 0x37, 0x04, 0x62, 0x02, 0x06,
  0xb3, 0x0c, 0x1b, 0x17, 0x8c, 0x18, 0x18, 0x4b, 0x08, 0x82, 0x41, 0x77,
  0x26, 0x65, 0x42, 0x26, 0xe7, 0x0b, 0x3e, 0x02, 0xc3, 0x0d, 0x81, 0x49,
  0x90, 0xc1, 0x2c, 0x83, 0x51, 0x04, 0x03, 0x15, 0x89, 0x1f, 0x6d, 0x71,
  0x20, 0x06, 0x23, 0x06, 0x06, 0x02, 0x82, 0x60, 0xb0, 0xad, 0xc9, 0x7f,
  0xf0, 0xc3, 0x88, 0x81, 0x81, 0x80, 0x20, 0x18, 0x6c, 0x6b, 0xe2, 0x1f,
  0xfb, 0x90, 0x01, 0x16, 0xb3, 0x04, 0xdf, 0x40, 0x45, 0x22, 0x4a, 0xde,
  0xf3, 0x61, 0xc0, 0x0f, 0x30, 0x90, 0x01, 0x16, 0x3d, 0x18, 0x5a, 0x84,
  0x08, 0x28, 0x00, 0x46, 0x16, 0x58, 0x74, 0x76, 0x08, 0x0f, 0x30, 0x09,
  0x86, 0x0d, 0x88, 0x60, 0x18, 0x00, 0x3c, 0xde, 0x04, 0x06, 0x86, 0x1b,
  0x82, 0x35, 0x01, 0x83, 0x59, 0x06, 0x30, 0xf8, 0x82, 0x81, 0x8a, 0xe4,
  0x01, 0x03, 0x5a, 0xfa, 0x30, 0x80, 0x09, 0x18, 0xc8, 0x00, 0x8b, 0x4e,
  0x0c, 0x35, 0xd2, 0x04, 0x14, 0x00, 0x23, 0x0b, 0x2c, 0x3a, 0x3a, 0xa4,
  0x47, 0x9a, 0x04, 0xc3, 0x06, 0x44, 0x30, 0x0c, 0x00, 0x1e, 0x78, 0x02,
  0x03, 0xc3, 0x0d, 0x01, 0x9e, 0x80, 0xc1, 0x2c, 0x43, 0x18, 0x80, 0x41,
  0x30, 0x50, 0x91, 0x34, 0x63, 0x60, 0x4e, 0x60, 0x90, 0x01, 0x16, 0x9d,
  0x1d, 0xde, 0xc3, 0x4d, 0x02, 0x0a, 0x80, 0x31, 0x4b, 0x40, 0x06, 0x23,
  0x06, 0x06, 0x02, 0x82, 0x60, 0xb0, 0x91, 0x4a, 0x8d, 0xc8, 0xc4, 0x88,
  0x81, 0x81, 0x80, 0x20, 0x18, 0x6c, 0xa4, 0x62, 0x23, 0x33, 0x81, 0x98,
  0x9f, 0xc0, 0xc0, 0x70, 0x43, 0x90, 0x27, 0x60, 0x30, 0xcb, 0xd0, 0x79,
  0x01, 0x1a, 0xa0, 0x02, 0x03, 0xc3, 0x0d, 0x01, 0x9f, 0x80, 0xc1, 0x2c,
  0x83, 0x18, 0x84, 0x41, 0x30, 0x50, 0x91, 0xd8, 0x53, 0x18, 0x3c, 0x64,
  0x90, 0x01, 0x16, 0x1d, 0x1d, 0xec, 0xc3, 0x4e, 0x02, 0x0a, 0x80, 0xd1,
  0x53, 0x62, 0x3f, 0xf0, 0x64, 0x19, 0x28, 0x00, 0xc6, 0x88, 0x01, 0xc2,
  0x84, 0x20, 0x58, 0xf8, 0x07, 0xd5, 0x2a, 0xcb, 0x10, 0x0c, 0x1b, 0x10,
  0x43, 0x30, 0x00, 0x78, 0xa4, 0x0a, 0x0c, 0x0c, 0x37, 0x04, 0xa9, 0x02,
  0x06, 0xb3, 0x0c, 0x63, 0x40, 0x06, 0xc1, 0x88, 0x81, 0x81, 0x80, 0x20,
  0x18, 0x6c, 0xb1, 0x02, 0x26, 0x68, 0x31, 0x62, 0x60, 0x20, 0x20, 0x08,
  0x06, 0x5b, 0xac, 0x84, 0xc9, 0x5b, 0x8c, 0x18, 0x18, 0x08, 0x08, 0x82,
  0xc1, 0x16, 0x2b, 0x63, 0x02, 0x17, 0x23, 0x06, 0x06, 0x02, 0x82, 0x60,
  0xb0, 0xc5, 0xca, 0x98, 0xc4, 0xc5, 0x88, 0x81, 0x81, 0x80, 0x20, 0x18,
  0x6c, 0xb1, 0x32, 0x26, 0x72, 0xa1, 0x03, 0x15, 0x09, 0x4a, 0x15, 0xbf,
  0x80, 0x07, 0x88, 0x12, 0x01, 0x0c, 0x0c, 0x37, 0x04, 0x7b, 0x41, 0x06,
  0xb3, 0x0c, 0x67, 0x80, 0x07, 0xc1, 0x09, 0xf0, 0x51, 0x37, 0xc4, 0xc7,
  0x5c, 0x00, 0x1f, 0x75, 0x42, 0x7c, 0xcc, 0x11, 0xaa, 0x21, 0x37, 0x9c,
  0x86, 0x5c, 0x20, 0xc0, 0x11, 0xa5, 0x21, 0x27, 0x04, 0x90, 0x0c, 0x16,
  0xb3, 0x04, 0x68, 0x30, 0x50, 0x91, 0x88, 0xd5, 0x19, 0x84, 0xc2, 0x1d,
  0x60, 0x70, 0x13, 0x30, 0x30, 0xdc, 0x10, 0xa0, 0x08, 0x19, 0xcc, 0x32,
  0xa4, 0xc1, 0x1d, 0x04, 0x39, 0x60, 0xd1, 0x53, 0x22, 0x46, 0x5c, 0xa5,
  0x08, 0x28, 0x00, 0xc6, 0x2c, 0x83, 0x1a, 0xb8, 0x41, 0x4e, 0x0c, 0x47,
  0x04, 0x3b, 0x22, 0xf8, 0xc7, 0x2c, 0x03, 0x1d, 0xac, 0x41, 0x30, 0xcb,
  0xd0, 0x06, 0x6c, 0x10, 0x1e, 0x69, 0x60, 0xd1, 0x01, 0x21, 0x55, 0x02,
  0x0a, 0x80, 0x31, 0x4b, 0xd0, 0x06, 0x03, 0x19, 0x80, 0xc0, 0x06, 0x7e,
  0xb4, 0x06, 0xfe, 0x81, 0x81, 0x21, 0xfe, 0xb3, 0x04, 0x74, 0x30, 0xcb,
  0x00, 0x07, 0x6f, 0x60, 0x1e, 0xb9, 0x60, 0xd1, 0x01, 0xc1, 0x55, 0x02,
  0x0a, 0x80, 0x31, 0x4b, 0x00, 0x07, 0x03, 0x19, 0x80, 0xf0, 0x06, 0xa8,
  0xe4, 0x06, 0xfe, 0x81, 0xc1, 0x02, 0xfe, 0xc3, 0x24, 0x09, 0xac, 0xd0,
  0x41, 0x13, 0x07, 0x8c, 0x1c, 0x54, 0x73, 0x30, 0x62, 0x70, 0x30, 0x21,
  0x08, 0x16, 0xfe, 0x61, 0xc1, 0x4b, 0x60, 0x26, 0xb3, 0x04, 0x74, 0x30,
  0x62, 0x80, 0x30, 0x21, 0x08, 0x16, 0xfe, 0x41, 0xc9, 0x8b, 0x70, 0x26,
  0x65, 0x32, 0x4b, 0x40, 0x07, 0x36, 0x80, 0xff, 0x88, 0x81, 0xc1, 0x84,
  0x20, 0x58, 0xf8, 0x87, 0x54, 0x2f, 0x01, 0x06, 0x69, 0x02, 0xfe, 0xa8,
  0x26, 0x01, 0xf9, 0xcf, 0x12, 0xd0, 0xc1, 0x40, 0x0d, 0xc0, 0xc4, 0x81,
  0x22, 0x07, 0xc2, 0x1c, 0x60, 0x6d, 0x40, 0x06, 0x6a, 0xe0, 0xc0, 0xc1,
  0x5d, 0xec, 0x21, 0x17, 0x6c, 0x90, 0x01, 0x16, 0xb3, 0x0c, 0x75, 0x60,
  0x07, 0xf6, 0xd1, 0x01, 0x61, 0x57, 0x02, 0x0a, 0x80, 0x81, 0x81, 0x01,
  0xfe, 0xb3, 0x04, 0x76, 0x30, 0x50, 0x01, 0x08, 0x75, 0xe0, 0xd0, 0x41,
  0x07, 0x84, 0x70, 0x29, 0x86, 0x0d, 0x88, 0x40, 0x18, 0x80, 0x59, 0x82,
  0x3b, 0x40, 0x30, 0xc0, 0x17, 0x18, 0x18, 0x6e, 0x08, 0xf0, 0x05, 0x0c,
  0x66, 0x19, 0xf0, 0x00, 0x0d, 0x02, 0x7c, 0x03, 0x7d, 0x81, 0x81, 0xe1,
  0x86, 0xc0, 0x5e, 0xc0, 0x60, 0x96, 0xa1, 0x0c, 0xcc, 0x20, 0x08, 0x88,
  0x01, 0x00, 0x5c, 0x00, 0x00, 0x00, 0x5b, 0x86, 0x24, 0xc8, 0x85, 0x2d,
  0xc3, 0x12, 0xe4, 0xc2, 0x96, 0xa1, 0x09, 0x72, 0x61, 0xcb, 0xf0, 0x04,
  0xb9, 0xb0, 0x65, 0x88, 0x82, 0x5c, 0xd8, 0x32, 0x4c, 0x41, 0x2e, 0x6c,
  0x19, 0xaa, 0x20, 0x17, 0xb6, 0x0c, 0x57, 0x90, 0x0b, 0x5b, 0x86, 0x2c,
  0xc8, 0x85, 0x2d, 0xc3, 0x16, 0xe4, 0xc2, 0x96, 0xa1, 0x0b, 0x72, 0x61,
  0xcb, 0xf0, 0x05, 0xb9, 0xb0, 0x65, 0x08, 0x83, 0x20, 0x17, 0xb6, 0x0c,
  0x63, 0x10, 0xe4, 0xc2, 0x96, 0xa1, 0x0c, 0x82, 0x5c, 0xd8, 0x32, 0x9c,
  0x41, 0x90, 0x0b, 0x5b, 0x86, 0x34, 0x08, 0x72, 0x61, 0xcb, 0xb0, 0x06,
  0x41, 0x2e, 0x6c, 0x19, 0xda, 0x20, 0xc8, 0x85, 0x2d, 0xc3, 0x1b, 0x04,
  0xb9, 0xb0, 0x65, 0x88, 0x83, 0x20, 0x17, 0xb6, 0x0c, 0x73, 0x10, 0xe4,
  0xc2, 0x96, 0xa1, 0x0e, 0x82, 0x5c, 0xd8, 0x32, 0xf4, 0x41, 0x90, 0x0b,
  0x5b, 0x86, 0x50, 0x08, 0x72, 0x61, 0xcb, 0x50, 0x0a, 0x41, 0x2e, 0x6c,
  0x19, 0x52, 0x21, 0xc8, 0x85, 0x2d, 0x03, 0x3e, 0x04, 0xeb, 0xb0, 0x65,
  0xf0, 0x87, 0x20, 0x17, 0xb6, 0x0c, 0x22, 0x11, 0xe4, 0xc2, 0x96, 0xc1,
  0x24, 0x82, 0x5c, 0xd8, 0x32, 0xa4, 0x84, 0xe4, 0x0b, 0x5b, 0x0a, 0xba,
  0x08, 0xd6, 0x81, 0x68, 0x87, 0x2d, 0x03, 0x5e, 0x04, 0xb9, 0xb0, 0x65,
  0xd8, 0x8b, 0x20, 0x17, 0xb6, 0x0c, 0xaa, 0x11, 0xe4, 0xc2, 0x96, 0xe1,
  0x35, 0x82, 0x77, 0xd8, 0x32, 0xd8, 0x46, 0xf0, 0x0e, 0x5b, 0x86, 0xdc,
  0x90, 0x7e, 0x61, 0xcb, 0x30, 0x1f, 0xc1, 0x3b, 0x6c, 0x19, 0xf0, 0x23,
  0x78, 0x87, 0x2d, 0xc3, 0x7e, 0x48, 0xe0, 0xb0, 0x65, 0x18, 0x91, 0xe0,
  0x1d, 0xb6, 0x0c, 0x27, 0x12, 0xbc, 0xc3, 0x96, 0x41, 0x45, 0xa4, 0x70,
  0xd8, 0x32, 0xb8, 0x88, 0x24, 0x0e, 0x5b, 0x06, 0x1c, 0x09, 0xde, 0x61,
  0xcb, 0xb0, 0x23, 0xc1, 0x3b, 0x6c, 0x19, 0x7c, 0x44, 0x1a, 0x87, 0x2d,
  0xc3, 0x98, 0x04, 0xef, 0xb0, 0x65, 0x30, 0x93, 0xe0, 0x1d, 0xb6, 0x0c,
  0x69, 0x22, 0x91, 0xc3, 0x96, 0xa1, 0x4d, 0x82, 0x77, 0xd8, 0x32, 0xcc,
  0x89, 0x54, 0x0e, 0x5b, 0x06, 0x3b, 0x91, 0xcc, 0x61, 0xcb, 0xa0, 0x27,
  0xc1, 0x3b, 0x6c, 0x19, 0xf8, 0x24, 0x78, 0x87, 0x2d, 0x83, 0x9f, 0x04,
  0xef, 0xb0, 0x65, 0x08, 0x15, 0xe9, 0x1c, 0xb6, 0x0c, 0xbd, 0x12, 0xbc,
  0xc3, 0x96, 0x81, 0x5c, 0x82, 0x77, 0xd8, 0x32, 0xb0, 0x4b, 0xf0, 0x0e,
  0x5b, 0x06, 0x90, 0x09, 0xde, 0x61, 0xcb, 0x50, 0x32, 0xc1, 0x3b, 0x6c,
  0x19, 0x52, 0x46, 0x42, 0x87, 0x2d, 0x03, 0xcb, 0x48, 0xe9, 0x00, 0x00,
  0x00, 0x00, 0x00, 0x00, 0x00, 0x00, 0x71, 0x20, 0x00, 0x00, 0x03, 0x00,
  0x00, 0x00, 0x32, 0x0e, 0x10, 0x22, 0x84, 0x02, 0xe3, 0x08, 0x38, 0xf0,
  0x9b, 0x00, 0x00, 0x00, 0x00, 0x00, 0x65, 0x0c, 0x00, 0x00, 0x61, 0x00,
  0x00, 0x00, 0x12, 0x03, 0x94, 0xf8, 0x02, 0x00, 0x00, 0x00, 0x03, 0x00,
  0x00, 0x00, 0xc8, 0x01, 0x00, 0x00, 0x0b, 0x00, 0x00, 0x00, 0x4c, 0x00,
  0x00, 0x00, 0x01, 0x00, 0x00, 0x00, 0x58, 0x00, 0x00, 0x00, 0x00, 0x00,
  0x00, 0x00, 0x58, 0x00, 0x00, 0x00, 0x0c, 0x00, 0x00, 0x00, 0x78, 0x01,
  0x00, 0x00, 0x00, 0x00, 0x00, 0x00, 0xd3, 0x01, 0x00, 0x00, 0x1c, 0x00,
  0x00, 0x00, 0xa0, 0x00, 0x00, 0x00, 0x09, 0x00, 0x00, 0x00, 0x50, 0x00,
  0x00, 0x00, 0x00, 0x00, 0x00, 0x00, 0x78, 0x01, 0x00, 0x00, 0x00, 0x00,
  0x00, 0x00, 0x00, 0x00, 0x00, 0x00, 0x0c, 0x00, 0x00, 0x00, 0x00, 0x00,
  0x00, 0x00, 0xa0, 0x00, 0x00, 0x00, 0x09, 0x00, 0x00, 0x00, 0xa0, 0x00,
  0x00, 0x00, 0x09, 0x00, 0x00, 0x00, 0xff, 0xff, 0xff, 0xff, 0x00, 0x24,
  0x00, 0x00, 0xa9, 0x00, 0x00, 0x00, 0x91, 0x00, 0x00, 0x00, 0xa9, 0x00,
  0x00, 0x00, 0x91, 0x00, 0x00, 0x00, 0xff, 0xff, 0xff, 0xff, 0x00, 0x30,
  0x00, 0x00, 0x3a, 0x01, 0x00, 0x00, 0x10, 0x00, 0x00, 0x00, 0x3a, 0x01,
  0x00, 0x00, 0x10, 0x00, 0x00, 0x00, 0xff, 0xff, 0xff, 0xff, 0x08, 0x24,
  0x00, 0x00, 0x4a, 0x01, 0x00, 0x00, 0x12, 0x00, 0x00, 0x00, 0x4a, 0x01,
  0x00, 0x00, 0x12, 0x00, 0x00, 0x00, 0xff, 0xff, 0xff, 0xff, 0x08, 0x24,
  0x00, 0x00, 0x5c, 0x01, 0x00, 0x00, 0x11, 0x00, 0x00, 0x00, 0x5c, 0x01,
  0x00, 0x00, 0x11, 0x00, 0x00, 0x00, 0xff, 0xff, 0xff, 0xff, 0x08, 0x24,
  0x00, 0x00, 0x6d, 0x01, 0x00, 0x00, 0x16, 0x00, 0x00, 0x00, 0x6d, 0x01,
  0x00, 0x00, 0x16, 0x00, 0x00, 0x00, 0xff, 0xff, 0xff, 0xff, 0x08, 0x2c,
  0x00, 0x00, 0x83, 0x01, 0x00, 0x00, 0x0b, 0x00, 0x00, 0x00, 0x83, 0x01,
  0x00, 0x00, 0x0b, 0x00, 0x00, 0x00, 0xff, 0xff, 0xff, 0xff, 0x08, 0x24,
  0x00, 0x00, 0x8e, 0x01, 0x00, 0x00, 0x18, 0x00, 0x00, 0x00, 0x8e, 0x01,
  0x00, 0x00, 0x18, 0x00, 0x00, 0x00, 0xff, 0xff, 0xff, 0xff, 0x08, 0x2c,
  0x00, 0x00, 0xa6, 0x01, 0x00, 0x00, 0x0e, 0x00, 0x00, 0x00, 0xa6, 0x01,
  0x00, 0x00, 0x0e, 0x00, 0x00, 0x00, 0xff, 0xff, 0xff, 0xff, 0x08, 0x24,
  0x00, 0x00, 0xb4, 0x01, 0x00, 0x00, 0x14, 0x00, 0x00, 0x00, 0xb4, 0x01,
  0x00, 0x00, 0x14, 0x00, 0x00, 0x00, 0xff, 0xff, 0xff, 0xff, 0x08, 0x2c,
  0x00, 0x00, 0x00, 0x00, 0x00, 0x00, 0x50, 0x00, 0x00, 0x00, 0x00, 0x00,
  0x00, 0x00, 0x50, 0x00, 0x00, 0x00, 0xff, 0xff, 0xff, 0xff, 0x00, 0x00,
  0x00, 0x00, 0x50, 0x00, 0x00, 0x00, 0x50, 0x00, 0x00, 0x00, 0x50, 0x00,
  0x00, 0x00, 0x50, 0x00, 0x00, 0x00, 0xff, 0xff, 0xff, 0xff, 0x00, 0x00,
  0x00, 0x00, 0x00, 0x00, 0x00, 0x00, 0x5d, 0x0c, 0x00, 0x00, 0x7f, 0x00,
  0x00, 0x00, 0x12, 0x03, 0x94, 0xef, 0x03, 0x00, 0x00, 0x00, 0x5f, 0x5a,
  0x5a, 0x39, 0x6e, 0x76, 0x63, 0x6f, 0x6e, 0x76, 0x34, 0x5f, 0x62, 0x50,
  0x55, 0x39, 0x4d, 0x54, 0x4c, 0x64, 0x65, 0x76, 0x69, 0x63, 0x65, 0x4b,
  0x66, 0x53, 0x30, 0x5f, 0x53, 0x30, 0x5f, 0x50, 0x55, 0x39, 0x4d, 0x54,
  0x4c, 0x64, 0x65, 0x76, 0x69, 0x63, 0x65, 0x66, 0x50, 0x55, 0x31, 0x31,
  0x4d, 0x54, 0x4c, 0x63, 0x6f, 0x6e, 0x73, 0x74, 0x61, 0x6e, 0x74, 0x4b,
  0x6a, 0x53, 0x34, 0x5f, 0x52, 0x53, 0x33, 0x5f, 0x44, 0x76, 0x33, 0x5f,
  0x6a, 0x6a, 0x45, 0x32, 0x41, 0x73, 0x5f, 0x5a, 0x5a, 0x39, 0x6e, 0x76,
  0x63, 0x6f, 0x6e, 0x76, 0x34, 0x5f, 0x62, 0x50, 0x55, 0x39, 0x4d, 0x54,
  0x4c, 0x64, 0x65, 0x76, 0x69, 0x63, 0x65, 0x4b, 0x66, 0x53, 0x30, 0x5f,
  0x53, 0x30, 0x5f, 0x50, 0x55, 0x39, 0x4d, 0x54, 0x4c, 0x64, 0x65, 0x76,
  0x69, 0x63, 0x65, 0x66, 0x50, 0x55, 0x31, 0x31, 0x4d, 0x54, 0x4c, 0x63,
  0x6f, 0x6e, 0x73, 0x74, 0x61, 0x6e, 0x74, 0x4b, 0x6a, 0x53, 0x34, 0x5f,
  0x52, 0x53, 0x33, 0x5f, 0x44, 0x76, 0x33, 0x5f, 0x6a, 0x6a, 0x45, 0x32,
  0x42, 0x73, 0x6e, 0x76, 0x63, 0x6f, 0x6e, 0x76, 0x34, 0x5f, 0x62, 0x5f,
  0x5a, 0x4c, 0x31, 0x31, 0x6e, 0x76, 0x63, 0x6f, 0x6e, 0x76, 0x5f, 0x62,
  0x6f, 0x64, 0x79, 0x49, 0x4c, 0x6a, 0x31, 0x32, 0x38, 0x45, 0x4c, 0x6a,
  0x36, 0x34, 0x45, 0x4c, 0x6a, 0x38, 0x45, 0x4c, 0x6a, 0x34, 0x45, 0x45,
  0x76, 0x50, 0x55, 0x39, 0x4d, 0x54, 0x4c, 0x64, 0x65, 0x76, 0x69, 0x63,
  0x65, 0x4b, 0x66, 0x53, 0x31, 0x5f, 0x50, 0x55, 0x39, 0x4d, 0x54, 0x4c,
  0x64, 0x65, 0x76, 0x69, 0x63, 0x65, 0x66, 0x53, 0x31, 0x5f, 0x53, 0x31,
  0x5f, 0x6a, 0x50, 0x55, 0x31, 0x31, 0x4d, 0x54, 0x4c, 0x63, 0x6f, 0x6e,
  0x73, 0x74, 0x61, 0x6e, 0x74, 0x4b, 0x6a, 0x53, 0x35, 0x5f, 0x44, 0x76,
  0x33, 0x5f, 0x6a, 0x6a, 0x50, 0x41, 0x70, 0x6c, 0x54, 0x5f, 0x4c, 0x69,
  0x34, 0x45, 0x5f, 0x55, 0x31, 0x34, 0x4d, 0x54, 0x4c, 0x74, 0x68, 0x72,
  0x65, 0x61, 0x64, 0x67, 0x72, 0x6f, 0x75, 0x70, 0x66, 0x50, 0x41, 0x70,
  0x6c, 0x54, 0x30, 0x5f, 0x4c, 0x69, 0x34, 0x45, 0x5f, 0x53, 0x37, 0x5f,
  0x61, 0x69, 0x72, 0x2e, 0x66, 0x61, 0x73, 0x74, 0x5f, 0x65, 0x78, 0x70,
  0x2e, 0x66, 0x33, 0x32, 0x61, 0x69, 0x72, 0x2e, 0x66, 0x61, 0x73, 0x74,
  0x5f, 0x63, 0x6c, 0x61, 0x6d, 0x70, 0x2e, 0x66, 0x33, 0x32, 0x61, 0x69,
  0x72, 0x2e, 0x66, 0x61, 0x73, 0x74, 0x5f, 0x66, 0x6d, 0x61, 0x78, 0x2e,
  0x66, 0x33, 0x32, 0x6c, 0x6c, 0x76, 0x6d, 0x2e, 0x6c, 0x69, 0x66, 0x65,
  0x74, 0x69, 0x6d, 0x65, 0x2e, 0x65, 0x6e, 0x64, 0x2e, 0x70, 0x30, 0x69,
  0x38, 0x61, 0x69, 0x72, 0x2e, 0x66, 0x6d, 0x61, 0x2e, 0x66, 0x33, 0x32,
  0x6c, 0x6c, 0x76, 0x6d, 0x2e, 0x6c, 0x69, 0x66, 0x65, 0x74, 0x69, 0x6d,
  0x65, 0x2e, 0x73, 0x74, 0x61, 0x72, 0x74, 0x2e, 0x70, 0x30, 0x69, 0x38,
  0x61, 0x69, 0x72, 0x2e, 0x77, 0x67, 0x2e, 0x62, 0x61, 0x72, 0x72, 0x69,
  0x65, 0x72, 0x6c, 0x6c, 0x76, 0x6d, 0x2e, 0x6d, 0x65, 0x6d, 0x73, 0x65,
  0x74, 0x2e, 0x70, 0x30, 0x69, 0x38, 0x2e, 0x69, 0x36, 0x34, 0x33, 0x32,
  0x30, 0x32, 0x33, 0x2e, 0x39, 0x31, 0x37, 0x2e, 0x32, 0x61, 0x69, 0x72,
  0x36, 0x34, 0x5f, 0x76, 0x32, 0x37, 0x2d, 0x61, 0x70, 0x70, 0x6c, 0x65,
  0x2d, 0x6d, 0x61, 0x63, 0x6f, 0x73, 0x78, 0x31, 0x35, 0x2e, 0x37, 0x2e,
  0x30, 0x00, 0x00, 0x00, 0x00, 0x00, 0xde, 0xc0, 0x17, 0x0b, 0x00, 0x00,
  0x00, 0x00, 0x14, 0x00, 0x00, 0x00, 0x40, 0x20, 0x00, 0x00, 0xff, 0xff,
  0xff, 0xff, 0x42, 0x43, 0xc0, 0xde, 0x35, 0x14, 0x00, 0x00, 0x03, 0x00,
  0x00, 0x00, 0x62, 0x0c, 0x30, 0x24, 0x80, 0x10, 0x05, 0xc8, 0x14, 0x00,
  0x00, 0x00, 0x21, 0x0c, 0x00, 0x00, 0x24, 0x07, 0x00, 0x00, 0x0b, 0x02,
  0x21, 0x00, 0x02, 0x00, 0x00, 0x00, 0x16, 0x00, 0x00, 0x00, 0x07, 0x81,
  0x23, 0x91, 0x41, 0xc8, 0x04, 0x49, 0x06, 0x10, 0x32, 0x39, 0x92, 0x01,
  0x84, 0x0c, 0x25, 0x05, 0x08, 0x19, 0x1e, 0x04, 0x8b, 0x62, 0x80, 0x18,
  0x45, 0x02, 0x42, 0x92, 0x0b, 0x42, 0xc4, 0x10, 0x32, 0x14, 0x38, 0x08,
  0x18, 0x4b, 0x0a, 0x32, 0x62, 0x88, 0x48, 0x70, 0xc4, 0x21, 0x23, 0x44,
  0x12, 0x87, 0x8c, 0x10, 0x41, 0x92, 0x02, 0x64, 0xc8, 0x08, 0xb1, 0x14,
  0x20, 0x43, 0x46, 0x88, 0x20, 0xc9, 0x01, 0x32, 0x62, 0x84, 0x18, 0x2a,
  0x28, 0x2a, 0x90, 0x31, 0x7c, 0xb0, 0x5c, 0x91, 0x20, 0xc6, 0xc8, 0x00,
  0x00, 0x00, 0x89, 0x20, 0x00, 0x00, 0x2a, 0x00, 0x00, 0x00, 0x32, 0x22,
  0x88, 0x09, 0x20, 0x62, 0x46, 0x00, 0x21, 0x2b, 0x24, 0x98, 0x18, 0x21,
  0x25, 0x24, 0x98, 0x18, 0x19, 0x27, 0x0c, 0x85, 0xa4, 0x90, 0x60, 0x62,
  0x64, 0x5c, 0x20, 0x24, 0x66, 0x82, 0x20, 0x0e, 0x66, 0x00, 0x94, 0x08,
  0x50, 0x88, 0x60, 0x10, 0x41, 0x18, 0x94, 0x04, 0x50, 0x08, 0x62, 0x10,
  0xa1, 0x18, 0x46, 0x00, 0x06, 0x11, 0x80, 0x60, 0x8e, 0x00, 0x0c, 0x06,
  0x11, 0x12, 0x61, 0x18, 0x61, 0x48, 0x8c, 0x72, 0x20, 0x08, 0x82, 0x28,
  0x8a, 0xb2, 0x24, 0xc4, 0x0c, 0x22, 0x04, 0xc3, 0x20, 0x02, 0x31, 0x98,
  0xe6, 0x40, 0x10, 0x04, 0x41, 0x12, 0x45, 0x59, 0x12, 0xe7, 0x21, 0xc8,
  0x08, 0x00, 0x40, 0x92, 0x21, 0x00, 0x00, 0x00, 0x88, 0x32, 0x03, 0x00,
  0x00, 0x64, 0xcd, 0x11, 0x80, 0xc2, 0x1c, 0x01, 0x42, 0x99, 0x19, 0x0e,
  0x4c, 0xa3, 0xcd, 0x0c, 0x47, 0x92, 0x50, 0x37, 0x47, 0x10, 0x98, 0xe2,
  0xd0, 0x32, 0xec, 0x23, 0x70, 0x20, 0x40, 0x05, 0x12, 0x25, 0x48, 0x88,
  0x54, 0x82, 0x8c, 0x4c, 0x15, 0x00, 0x94, 0x00, 0xa5, 0x54, 0x09, 0x00,
  0x5a, 0xa7, 0x00, 0x08, 0x18, 0x44, 0x00, 0x06, 0x4a, 0x00, 0x51, 0x18,
  0x00, 0x00, 0x48, 0x01, 0x00, 0x00, 0x1b, 0xe4, 0x23, 0xf8, 0xff, 0xff,
  0xff, 0xff, 0x01, 0x58, 0x03, 0xc0, 0x14, 0x00, 0x89, 0x08, 0x07, 0x78,
  0x80, 0x07, 0x79, 0x78, 0x07, 0x7c, 0x68, 0x03, 0x73, 0xa8, 0x07, 0x77,
  0x18, 0x87, 0x36, 0x30, 0x07, 0x78, 0x68, 0x83, 0x76, 0x08, 0x07, 0x7a,
  0x40, 0x07, 0x80, 0x1e, 0xe4, 0xa1, 0x1e, 0xca, 0x01, 0x20, 0xcc, 0x41,
  0x1e, 0xc2, 0xa1, 0x1d, 0xca, 0xa1, 0x0d, 0xe0, 0xe1, 0x1d, 0xd2, 0xc1,
  0x1d, 0xe8, 0xa1, 0x1c, 0xe4, 0x01, 0x08, 0x07, 0x76, 0x60, 0x07, 0x80,
  0x68, 0x87, 0x74, 0x70, 0x87, 0x36, 0x60, 0x87, 0x72, 0x38, 0x87, 0x70,
  0x60, 0x87, 0x36, 0xb0, 0x87, 0x72, 0x18, 0x07, 0x7a, 0x78, 0x07, 0x79,
  0x68, 0x83, 0x7b, 0x48, 0x07, 0x72, 0xa0, 0x07, 0x74, 0x00, 0xf2, 0xc0,
  0x0e, 0x80, 0xc1, 0x1d, 0xde, 0xa1, 0x0d, 0xc4, 0xa1, 0x1e, 0xd2, 0x81,
  0x1d, 0xe8, 0x21, 0x1d, 0xdc, 0x61, 0x1e, 0x00, 0xc2, 0x1d, 0xde, 0xa1,
  0x0d, 0xd2, 0xc1, 0x1d, 0xcc, 0x61, 0x1e, 0xda, 0xc0, 0x1c, 0xe0, 0xa1,
  0x0d, 0xda, 0x21, 0x1c, 0xe8, 0x01, 0x1d, 0x00, 0x7a, 0x90, 0x87, 0x7a,
  0x28, 0x07, 0x80, 0x70, 0x87, 0x77, 0x68, 0x03, 0x77, 0x08, 0x07, 0x77,
  0x98, 0x87, 0x36, 0x30, 0x07, 0x78, 0x68, 0x83, 0x76, 0x08, 0x07, 0x7a,
  0x40, 0x07, 0x80, 0x1e, 0xe4, 0xa1, 0x1e, 0xca, 0x01, 0x20, 0xdc, 0xe1,
  0x1d, 0xda, 0x60, 0x1e, 0xd2, 0xe1, 0x1c, 0xdc, 0xa1, 0x1c, 0xc8, 0xa1,
  0x0d, 0xf4, 0xa1, 0x1c, 0xe4, 0xe1, 0x1d, 0xe6, 0xa1, 0x0d, 0xcc, 0x01,
  0x1e, 0xda, 0xa0, 0x1d, 0xc2, 0x81, 0x1e, 0xd0, 0x01, 0xa0, 0x07, 0x79,
  0xa8, 0x87, 0x72, 0x00, 0x08, 0x77, 0x78, 0x87, 0x36, 0xa0, 0x07, 0x79,
  0x08, 0x07, 0x78, 0x80, 0x87, 0x74, 0x70, 0x87, 0x73, 0x68, 0x83, 0x76,
  0x08, 0x07, 0x7a, 0x40, 0x07, 0x80, 0x1e, 0xe4, 0xa1, 0x1e, 0xca, 0x01,
  0x20, 0xe6, 0x81, 0x1e, 0xc2, 0x61, 0x1c, 0xd6, 0xa1, 0x0d, 0xe0, 0x41,
  0x1e, 0xde, 0x81, 0x1e, 0xca, 0x61, 0x1c, 0xe8, 0xe1, 0x1d, 0xe4, 0xa1,
  0x0d, 0xc4, 0xa1, 0x1e, 0xcc, 0xc1, 0x1c, 0xca, 0x41, 0x1e, 0xda, 0x60,
  0x1e, 0xd2, 0x41, 0x1f, 0xca, 0x01, 0xc0, 0x03, 0x80, 0xa8, 0x07, 0x77,
  0x98, 0x87, 0x70, 0x30, 0x87, 0x72, 0x68, 0x03, 0x73, 0x80, 0x87, 0x36,
  0x68, 0x87, 0x70, 0xa0, 0x07, 0x74, 0x00, 0xe8, 0x41, 0x1e, 0xea, 0xa1,
  0x1c, 0x80, 0x0d, 0x9d, 0x10, 0x00, 0x0b, 0x40, 0x0a, 0x40, 0x35, 0x84,
  0x43, 0x3a, 0xc8, 0x43, 0x1b, 0x88, 0x43, 0x3d, 0x98, 0x83, 0x39, 0x94,
  0x83, 0x3c, 0xb4, 0x81, 0x3b, 0xbc, 0x43, 0x1b, 0x84, 0x03, 0x3b, 0xa4,
  0x43, 0x38, 0xcc, 0x03, 0xb0, 0xa1, 0x1b, 0x04, 0x60, 0x01, 0x48, 0x01,
  0xa8, 0x86, 0x70, 0x48, 0x07, 0x79, 0x68, 0x03, 0x71, 0xa8, 0x07, 0x73,
  0x30, 0x87, 0x72, 0x90, 0x87, 0x36, 0x70, 0x87, 0x77, 0x68, 0x83, 0x70,
  0x60, 0x87, 0x74, 0x08, 0x87, 0x79, 0x00, 0x36, 0x64, 0xc4, 0x00, 0x90,
  0xc2, 0x10, 0x0e, 0xe9, 0x20, 0x0f, 0x6d, 0x20, 0x0e, 0xf5, 0x60, 0x0e,
  0xe6, 0x50, 0x0e, 0xf2, 0xd0, 0x06, 0xee, 0xf0, 0x0e, 0x6d, 0x10, 0x0e,
  0xec, 0x90, 0x0e, 0xe1, 0x30, 0x0f, 0xc0, 0x86, 0xae, 0x20, 0x80, 0x05,
  0x20, 0x05, 0x80, 0x0e, 0x86, 0x70, 0x48, 0x07, 0x79, 0x68, 0x03, 0x71,
  0xa8, 0x07, 0x73, 0x30, 0x87, 0x72, 0x90, 0x87, 0x36, 0x70, 0x87, 0x77,
  0x68, 0x83, 0x70, 0x60, 0x87, 0x74, 0x08, 0x87, 0x79, 0x00, 0x36, 0x74,
  0x46, 0x01, 0x2c, 0x00, 0x29, 0x00, 0xd5, 0x10, 0x0e, 0xe9, 0x20, 0x0f,
  0x6d, 0x20, 0x0e, 0xf5, 0x60, 0x0e, 0xe6, 0x50, 0x0e, 0xf2, 0xd0, 0x06,
  0xee, 0xf0, 0x0e, 0x6d, 0x10, 0x0e, 0xec, 0x90, 0x0e, 0xe1, 0x30, 0x0f,
  0xc0, 0x86, 0xee, 0x30, 0x80, 0x05, 0x20, 0x05, 0xa0, 0x1a, 0xc2, 0x21,
  0x1d, 0xe4, 0xa1, 0x0d, 0xc4, 0xa1, 0x1e, 0xcc, 0xc1, 0x1c, 0xca, 0x41,
  0x1e, 0xda, 0xc0, 0x1d, 0xde, 0xa1, 0x0d, 0xc2, 0x81, 0x1d, 0xd2, 0x21,
  0x1c, 0xe6, 0x01, 0xd8, 0x30, 0x06, 0xc8, 0x01, 0x2c, 0x00, 0x29, 0x00,
  0x55, 0x10, 0x10, 0x41, 0x1a, 0x10, 0x43, 0x38, 0xa4, 0x83, 0x3c, 0xb4,
  0x81, 0x38, 0xd4, 0x83, 0x39, 0x98, 0x43, 0x39, 0xc8, 0x43, 0x1b, 0xb8,
  0xc3, 0x3b, 0xb4, 0x41, 0x38, 0xb0, 0x43, 0x3a, 0x84, 0xc3, 0x3c, 0x00,
  0x1b, 0x88, 0x04, 0x01, 0x48, 0x61, 0x03, 0xa1, 0x24, 0x00, 0x29, 0x6c,
  0xa0, 0x8f, 0xe5, 0xff, 0xff, 0xff, 0xff, 0x07, 0x60, 0x0d, 0x00, 0x02,
  0x30, 0x05, 0x40, 0x22, 0xc2, 0x01, 0x1e, 0xe0, 0x41, 0x1e, 0xde, 0x01,
  0x1f, 0xda, 0xc0, 0x1c, 0xea, 0xc1, 0x1d, 0xc6, 0xa1, 0x0d, 0xcc, 0x01,
  0x1e, 0xda, 0xa0, 0x1d, 0xc2, 0x81, 0x1e, 0xd0, 0x01, 0xa0, 0x07, 0x79,
  0xa8, 0x87, 0x72, 0x00, 0x08, 0x73, 0x90, 0x87, 0x70, 0x68, 0x87, 0x72,
  0x68, 0x03, 0x78, 0x78, 0x87, 0x74, 0x70, 0x07, 0x7a, 0x28, 0x07, 0x79,
  0x00, 0xc2, 0x81, 0x1d, 0xd8, 0x01, 0x20, 0xda, 0x21, 0x1d, 0xdc, 0xa1,
  0x0d, 0xd8, 0xa1, 0x1c, 0xce, 0x21, 0x1c, 0xd8, 0xa1, 0x0d, 0xec, 0xa1,
  0x1c, 0xc6, 0x81, 0x1e, 0xde, 0x41, 0x1e, 0xda, 0xe0, 0x1e, 0xd2, 0x81,
  0x1c, 0xe8, 0x01, 0x1d, 0x80, 0x3c, 0xb0, 0x03, 0x60, 0x70, 0x87, 0x77,
  0x68, 0x03, 0x71, 0xa8, 0x87, 0x74, 0x60, 0x07, 0x7a, 0x48, 0x07, 0x77,
  0x98, 0x07, 0x80, 0x70, 0x87, 0x77, 0x68, 0x83, 0x74, 0x70, 0x07, 0x73,
  0x98, 0x87, 0x36, 0x30, 0x07, 0x78, 0x68, 0x83, 0x76, 0x08, 0x07, 0x7a,
  0x40, 0x07, 0x80, 0x1e, 0xe4, 0xa1, 0x1e, 0xca, 0x01, 0x20, 0xdc, 0xe1,
  0x1d, 0xda, 0xc0, 0x1d, 0xc2, 0xc1, 0x1d, 0xe6, 0xa1, 0x0d, 0xcc, 0x01,
  0x1e, 0xda, 0xa0, 0x1d, 0xc2, 0x81, 0x1e, 0xd0, 0x01, 0xa0, 0x07, 0x79,
  0xa8, 0x87, 0x72, 0x00, 0x08, 0x77, 0x78, 0x87, 0x36, 0x98, 0x87, 0x74,
  0x38, 0x07, 0x77, 0x28, 0x07, 0x72, 0x68, 0x03, 0x7d, 0x28, 0x07, 0x79,
  0x78, 0x87, 0x79, 0x68, 0x03, 0x73, 0x80, 0x87, 0x36, 0x68, 0x87, 0x70,
  0xa0, 0x07, 0x74, 0x00, 0xe8, 0x41, 0x1e, 0xea, 0xa1, 0x1c, 0x00, 0xc2,
  0x1d, 0xde, 0xa1, 0x0d, 0xe8, 0x41, 0x1e, 0xc2, 0x01, 0x1e, 0xe0, 0x21,
  0x1d, 0xdc, 0xe1, 0x1c, 0xda, 0xa0, 0x1d, 0xc2, 0x81, 0x1e, 0xd0, 0x01,
  0xa0, 0x07, 0x79, 0xa8, 0x87, 0x72, 0x00, 0x88, 0x79, 0xa0, 0x87, 0x70,
  0x18, 0x87, 0x75, 0x68, 0x03, 0x78, 0x90, 0x87, 0x77, 0xa0, 0x87, 0x72,
  0x18, 0x07, 0x7a, 0x78, 0x07, 0x79, 0x68, 0x03, 0x71, 0xa8, 0x07, 0x73,
  0x30, 0x87, 0x72, 0x90, 0x87, 0x36, 0x98, 0x87, 0x74, 0xd0, 0x87, 0x72,
  0x00, 0xf0, 0x00, 0x20, 0xea, 0xc1, 0x1d, 0xe6, 0x21, 0x1c, 0xcc, 0xa1,
  0x1c, 0xda, 0xc0, 0x1c, 0xe0, 0xa1, 0x0d, 0xda, 0x21, 0x1c, 0xe8, 0x01,
  0x1d, 0x00, 0x7a, 0x90, 0x87, 0x7a, 0x28, 0x07, 0x60, 0x03, 0xc2, 0x04,
  0xc0, 0x02, 0x90, 0x02, 0x50, 0x6d, 0x40, 0x1a, 0x01, 0x58, 0x00, 0x52,
  0x00, 0xaa, 0x0d, 0x88, 0x33, 0x00, 0x0b, 0x40, 0x0a, 0x00, 0x1d, 0x6c,
  0x30, 0x1e, 0x02, 0x20, 0x05, 0xa0, 0xda, 0x60, 0x40, 0x05, 0x40, 0x0a,
  0x40, 0xb5, 0x81, 0x88, 0x0c, 0x80, 0x14, 0x36, 0x20, 0xd2, 0x01, 0x2c,
  0x00, 0x29, 0x00, 0xd5, 0x06, 0x64, 0x42, 0x80, 0x05, 0x20, 0x05, 0xa0,
  0xda, 0x40, 0x50, 0x0a, 0x40, 0x0a, 0x1b, 0x8c, 0x6a, 0x01, 0x16, 0x80,
  0x14, 0x36, 0x18, 0x16, 0x03, 0x2c, 0x00, 0x29, 0x6c, 0x70, 0xae, 0xff,
  0xff, 0xff, 0xff, 0x1f, 0x00, 0x53, 0x00, 0xfc, 0x00, 0xf8, 0x03, 0x40,
  0x02, 0x28, 0xa0, 0x0f, 0x36, 0x38, 0xd8, 0xff, 0xff, 0xff, 0xff, 0x0f,
  0x40, 0x1b, 0x00, 0xa7, 0x00, 0xf8, 0x01, 0xf0, 0x07, 0x80, 0x04, 0xf4,
  0xc1, 0x06, 0x22, 0x0b, 0x00, 0x3e, 0xd8, 0x40, 0x68, 0x02, 0xb0, 0x6c,
  0x50, 0xb6, 0xff, 0xff, 0xff, 0xff, 0x1f, 0x80, 0x35, 0x00, 0x4c, 0x01,
  0x90, 0x80, 0x3e, 0xd8, 0xc0, 0x70, 0xff, 0xff, 0xff, 0xff, 0x3f, 0x00,
  0x6d, 0x00, 0xf8, 0x01, 0x20, 0x01, 0x7d, 0x00, 0xd0, 0xc1, 0x06, 0xa3,
  0x0b, 0x80, 0x05, 0xa0, 0x83, 0x0d, 0x84, 0x47, 0x00, 0x7c, 0xb0, 0x61,
  0xfa, 0xfe, 0xff, 0xff, 0xff, 0x7f, 0x00, 0xd6, 0x00, 0x50, 0x06, 0x77,
  0x78, 0x87, 0x36, 0x10, 0x87, 0x7a, 0x48, 0x07, 0x76, 0xa0, 0x87, 0x74,
  0x70, 0x87, 0x79, 0x00, 0x36, 0x10, 0x60, 0x10, 0x00, 0xa4, 0xb0, 0x81,
  0x08, 0x03, 0x01, 0x20, 0x85, 0x0d, 0x84, 0x18, 0x0c, 0x00, 0x29, 0x6c,
  0x20, 0xc6, 0x80, 0x00, 0x48, 0x61, 0x03, 0x41, 0x06, 0x05, 0x40, 0x0a,
  0x1b, 0x88, 0x32, 0x38, 0x00, 0x52, 0xd8, 0x40, 0x98, 0xc1, 0x02, 0x90,
  0xc2, 0x06, 0xe2, 0x0c, 0x18, 0x80, 0x14, 0x36, 0x10, 0x68, 0xf0, 0xff,
  0xff, 0xff, 0xff, 0x03, 0x20, 0x6d, 0x20, 0xd2, 0x40, 0x00, 0xce, 0x60,
  0x03, 0xa3, 0x06, 0x01, 0x40, 0x0a, 0xc0, 0x19, 0x04, 0x01, 0x11, 0xa4,
  0x01, 0x18, 0x6c, 0x60, 0xd6, 0x20, 0x00, 0x48, 0x01, 0x38, 0x83, 0x20,
  0x20, 0x82, 0x34, 0x80, 0x36, 0x20, 0x6c, 0xf0, 0xff, 0xff, 0xff, 0xff,
  0x03, 0xb0, 0x06, 0x80, 0x04, 0xf4, 0xc1, 0x06, 0xa4, 0x0d, 0xfe, 0xff,
  0xff, 0xff, 0x7f, 0x00, 0x24, 0x80, 0x02, 0xfa, 0x00, 0x00, 0x49, 0x18,
  0x00, 0x00, 0x12, 0x00, 0x00, 0x00, 0x13, 0x94, 0x40, 0x18, 0x88, 0xc2,
  0x38, 0x90, 0x44, 0x99, 0xd0, 0x2c, 0x4c, 0xe3, 0x3c, 0x50, 0x24, 0x4d,
  0x0a, 0x55, 0x59, 0x13, 0x82, 0x6b, 0xc2, 0x80, 0x65, 0xda, 0x84, 0x60,
  0x9b, 0x30, 0x70, 0x9d, 0x37, 0xa1, 0xf9, 0xc0, 0x20, 0x0c, 0xc4, 0x60,
  0x0c, 0xc8, 0x20, 0x2a, 0x83, 0x44, 0xa1, 0xcc, 0xe0, 0x0c, 0x26, 0x08,
  0x68, 0x90, 0x06, 0x13, 0x02, 0x35, 0x98, 0x10, 0xac, 0xc1, 0x84, 0x80,
  0x0d, 0x26, 0x04, 0x6d, 0x00, 0x00, 0x13, 0xb8, 0x70, 0x48, 0x07, 0x79,
  0xb0, 0x03, 0x3a, 0xf8, 0x05, 0x7b, 0x90, 0x83, 0x3b, 0x68, 0x83, 0x70,
  0x80, 0x07, 0x78, 0x60, 0x87, 0x72, 0x68, 0x83, 0x76, 0x08, 0x87, 0x71,
  0x78, 0x87, 0x79, 0xc0, 0x87, 0x38, 0xa8, 0x03, 0x37, 0xb8, 0x03, 0x37,
  0x80, 0x83, 0x0d, 0xb7, 0x51, 0x0e, 0x6d, 0x00, 0x0f, 0x7a, 0x60, 0x07,
  0x74, 0xa0, 0x07, 0x76, 0x40, 0x07, 0x7a, 0x60, 0x07, 0x74, 0xd0, 0x06,
  0xe9, 0x10, 0x07, 0x7a, 0x80, 0x07, 0x7a, 0x80, 0x07, 0x6d, 0x90, 0x0e,
  0x78, 0xa0, 0x07, 0x78, 0xa0, 0x07, 0x78, 0xd0, 0x06, 0xe9, 0x10, 0x07,
  0x76, 0xa0, 0x07, 0x71, 0x60, 0x07, 0x7a, 0x10, 0x07, 0x76, 0xd0, 0x06,
  0xe9, 0x30, 0x07, 0x72, 0xa0, 0x07, 0x73, 0x20, 0x07, 0x7a, 0x30, 0x07,
  0x72, 0xd0, 0x06, 0xe9, 0x60, 0x07, 0x74, 0xa0, 0x07, 0x76, 0x40, 0x07,
  0x7a, 0x60, 0x07, 0x74, 0xd0, 0x06, 0xe6, 0x30, 0x07, 0x72, 0xa0, 0x07,
  0x73, 0x20, 0x07, 0x7a, 0x30, 0x07, 0x72, 0xd0, 0x06, 0xe6, 0x60, 0x07,
  0x74, 0xa0, 0x07, 0x76, 0x40, 0x07, 0x7a, 0x60, 0x07, 0x74, 0xd0, 0x06,
  0xf6, 0x10, 0x07, 0x76, 0xa0, 0x07, 0x71, 0x60, 0x07, 0x7a, 0x10, 0x07,
  0x76, 0xd0, 0x06, 0xf6, 0x20, 0x07, 0x74, 0xa0, 0x07, 0x73, 0x20, 0x07,
  0x7a, 0x30, 0x07, 0x72, 0xd0, 0x06, 0xf6, 0x30, 0x07, 0x72, 0xa0, 0x07,
  0x73, 0x20, 0x07, 0x7a, 0x30, 0x07, 0x72, 0xd0, 0x06, 0xf6, 0x40, 0x07,
  0x78, 0xa0, 0x07, 0x76, 0x40, 0x07, 0x7a, 0x60, 0x07, 0x74, 0xd0, 0x06,
  0xf6, 0x60, 0x07, 0x74, 0xa0, 0x07, 0x76, 0x40, 0x07, 0x7a, 0x60, 0x07,
  0x74, 0xd0, 0x06, 0xf6, 0x90, 0x07, 0x76, 0xa0, 0x07, 0x71, 0x20, 0x07,
  0x78, 0xa0, 0x07, 0x71, 0x20, 0x07, 0x78, 0xd0, 0x06, 0xf6, 0x10, 0x07,
  0x72, 0x80, 0x07, 0x7a, 0x10, 0x07, 0x72, 0x80, 0x07, 0x7a, 0x10, 0x07,
  0x72, 0x80, 0x07, 0x6d, 0x60, 0x0f, 0x71, 0x90, 0x07, 0x72, 0xa0, 0x07,
  0x72, 0x50, 0x07, 0x76, 0xa0, 0x07, 0x72, 0x50, 0x07, 0x76, 0xd0, 0x06,
  0xf6, 0x20, 0x07, 0x75, 0x60, 0x07, 0x7a, 0x20, 0x07, 0x75, 0x60, 0x07,
  0x7a, 0x20, 0x07, 0x75, 0x60, 0x07, 0x6d, 0x60, 0x0f, 0x75, 0x10, 0x07,
  0x72, 0xa0, 0x07, 0x75, 0x10, 0x07, 0x72, 0xa0, 0x07, 0x75, 0x10, 0x07,
  0x72, 0xd0, 0x06, 0xf6, 0x10, 0x07, 0x70, 0x20, 0x07, 0x74, 0xa0, 0x07,
  0x71, 0x00, 0x07, 0x72, 0x40, 0x07, 0x7a, 0x10, 0x07, 0x70, 0x20, 0x07,
  0x74, 0xd0, 0x06, 0xee, 0x80, 0x07, 0x7a, 0x10, 0x07, 0x76, 0xa0, 0x07,
  0x73, 0x20, 0x07, 0x4a, 0x0f, 0x08, 0x11, 0x92, 0x41, 0x86, 0x8c, 0x14,
  0x11, 0x01, 0x34, 0x42, 0x18, 0x36, 0x69, 0x2a, 0xc1, 0x69, 0x2a, 0xfc,
  0x97, 0x76, 0x48, 0x00, 0x2c, 0x08, 0xce, 0x37, 0x0c, 0x00, 0x00, 0x00,
  0x00, 0x00, 0x00, 0x01, 0x2c, 0x00, 0x3b, 0x24, 0x58, 0x80, 0x85, 0xc2,
  0x01, 0x83, 0x61, 0x00, 0x00, 0x00, 0x00, 0x00, 0x00, 0x08, 0x60, 0x01,
  0x18, 0x52, 0x81, 0x45, 0xc2, 0x00, 0x00, 0x10, 0x00, 0x00, 0x00, 0x08,
  0x00, 0x00, 0x00, 0x00, 0x00, 0xc0, 0x02, 0x30, 0xa4, 0x4a, 0x0b, 0x98,
  0x80, 0x10, 0x60, 0x10, 0x00, 0x00, 0x00, 0x02, 0x00, 0x00, 0x00, 0x20,
  0x00, 0x60, 0x01, 0x18, 0x52, 0xe5, 0x09, 0x24, 0x01, 0x01, 0x30, 0x00,
  0x00, 0x00, 0x08, 0x00, 0x00, 0x00, 0x00, 0x00, 0xc0, 0x02, 0x30, 0xa4,
  0x4a, 0x15, 0x89, 0x02, 0x02, 0x60, 0x00, 0x00, 0x00, 0x10, 0x00, 0x00,
  0x00, 0x00, 0x00, 0x80, 0x05, 0x60, 0x48, 0xb5, 0x2b, 0x91, 0x05, 0x04,
  0xc0, 0x00, 0x00, 0x00, 0x20, 0x00, 0x00, 0x00, 0x00, 0x00, 0x00, 0x0b,
  0xc0, 0x90, 0x8a, 0x5d, 0xac, 0x0d, 0x08, 0x00, 0x02, 0x00, 0x00, 0x00,
  0x00, 0x00, 0x00, 0x00, 0x00, 0x00, 0x16, 0x80, 0x21, 0x95, 0xc8, 0x2c,
  0x14, 0x10, 0x00, 0x03, 0x00, 0x00, 0x80, 0x00, 0x00, 0x00, 0x00, 0x00,
  0x00, 0x2c, 0x00, 0x43, 0xaa, 0x96, 0xc1, 0x36, 0x20, 0x00, 0x08, 0x00,
  0x00, 0x00, 0x00, 0x00, 0x00, 0x00, 0x00, 0x00, 0x58, 0x00, 0x86, 0x54,
  0x65, 0xe3, 0x74, 0x40, 0x00, 0x14, 0x00, 0x00, 0x00, 0x02, 0x00, 0x00,
  0x00, 0x00, 0x00, 0xb0, 0x00, 0x0c, 0xa9, 0xe6, 0x86, 0x02, 0x03, 0x20,
  0x00, 0x0c, 0x00, 0x00, 0x00, 0x00, 0x00, 0x00, 0x00, 0x00, 0x00, 0x58,
  0x00, 0x24, 0x36, 0x08, 0x14, 0x36, 0x39, 0x00, 0x00, 0xc8, 0x02, 0x01,
  0x00, 0x00, 0x0f, 0x00, 0x00, 0x00, 0x32, 0x1e, 0x98, 0x18, 0x19, 0x11,
  0x4c, 0x90, 0x8c, 0x09, 0x26, 0x47, 0xc6, 0x04, 0x43, 0x4a, 0x8a, 0xa0,
  0x04, 0x0a, 0xa1, 0x1c, 0xca, 0xa7, 0x00, 0x05, 0x0a, 0xa2, 0x40, 0x46,
  0x00, 0xca, 0xa0, 0x5c, 0x4a, 0xa1, 0x74, 0x8a, 0xa1, 0x78, 0x08, 0x1b,
  0x01, 0xa0, 0x6c, 0x04, 0xa0, 0x08, 0x48, 0x98, 0x01, 0xa0, 0x62, 0x06,
  0x80, 0xc6, 0xb1, 0x84, 0x0d, 0x00, 0xb1, 0x18, 0x00, 0x00, 0xa5, 0x00,
  0x00, 0x00, 0x33, 0x08, 0x80, 0x1c, 0xc4, 0xe1, 0x1c, 0x66, 0x14, 0x01,
  0x3d, 0x88, 0x43, 0x38, 0x84, 0xc3, 0x8c, 0x42, 0x80, 0x07, 0x79, 0x78,
  0x07, 0x73, 0x98, 0x71, 0x0c, 0xe6, 0x00, 0x0f, 0xed, 0x10, 0x0e, 0xf4,
  0x80, 0x0e, 0x33, 0x0c, 0x42, 0x1e, 0xc2, 0xc1, 0x1d, 0xce, 0xa1, 0x1c,
  0x66, 0x30, 0x05, 0x3d, 0x88, 0x43, 0x38, 0x84, 0x83, 0x1b, 0xcc, 0x03,
  0x3d, 0xc8, 0x43, 0x3d, 0x8c, 0x03, 0x3d, 0xcc, 0x78, 0x8c, 0x74, 0x70,
  0x07, 0x7b, 0x08, 0x07, 0x79, 0x48, 0x87, 0x70, 0x70, 0x07, 0x7a, 0x70,
  0x03, 0x76, 0x78, 0x87, 0x70, 0x20, 0x87, 0x19, 0xcc, 0x11, 0x0e, 0xec,
  0x90, 0x0e, 0xe1, 0x30, 0x0f, 0x6e, 0x30, 0x0f, 0xe3, 0xf0, 0x0e, 0xf0,
  0x50, 0x0e, 0x33, 0x10, 0xc4, 0x1d, 0xde, 0x21, 0x1c, 0xd8, 0x21, 0x1d,
  0xc2, 0x61, 0x1e, 0x66, 0x30, 0x89, 0x3b, 0xbc, 0x83, 0x3b, 0xd0, 0x43,
  0x39, 0xb4, 0x03, 0x3c, 0xbc, 0x83, 0x3c, 0x84, 0x03, 0x3b, 0xcc, 0xf0,
  0x14, 0x76, 0x60, 0x07, 0x7b, 0x68, 0x07, 0x37, 0x68, 0x87, 0x72, 0x68,
  0x07, 0x37, 0x80, 0x87, 0x70, 0x90, 0x87, 0x70, 0x60, 0x07, 0x76, 0x28,
  0x07, 0x76, 0xf8, 0x05, 0x76, 0x78, 0x87, 0x77, 0x80, 0x87, 0x5f, 0x08,
  0x87, 0x71, 0x18, 0x87, 0x72, 0x98, 0x87, 0x79, 0x98, 0x81, 0x2c, 0xee,
  0xf0, 0x0e, 0xee, 0xe0, 0x0e, 0xf5, 0xc0, 0x0e, 0xec, 0x30, 0x03, 0x62,
  0xc8, 0xa1, 0x1c, 0xe4, 0xa1, 0x1c, 0xcc, 0xa1, 0x1c, 0xe4, 0xa1, 0x1c,
  0xdc, 0x61, 0x1c, 0xca, 0x21, 0x1c, 0xc4, 0x81, 0x1d, 0xca, 0x61, 0x06,
  0xd6, 0x90, 0x43, 0x39, 0xc8, 0x43, 0x39, 0x98, 0x43, 0x39, 0xc8, 0x43,
  0x39, 0xb8, 0xc3, 0x38, 0x94, 0x43, 0x38, 0x88, 0x03, 0x3b, 0x94, 0xc3,
  0x2f, 0xbc, 0x83, 0x3c, 0xfc, 0x82, 0x3b, 0xd4, 0x03, 0x3b, 0xb0, 0xc3,
  0x0c, 0xc7, 0x69, 0x87, 0x70, 0x58, 0x87, 0x72, 0x70, 0x83, 0x74, 0x68,
  0x07, 0x78, 0x60, 0x87, 0x74, 0x18, 0x87, 0x74, 0xa0, 0x87, 0x19, 0xce,
  0x53, 0x0f, 0xee, 0x00, 0x0f, 0xf2, 0x50, 0x0e, 0xe4, 0x90, 0x0e, 0xe3,
  0x40, 0x0f, 0xe1, 0x20, 0x0e, 0xec, 0x50, 0x0e, 0x33, 0x20, 0x28, 0x1d,
  0xdc, 0xc1, 0x1e, 0xc2, 0x41, 0x1e, 0xd2, 0x21, 0x1c, 0xdc, 0x81, 0x1e,
  0xdc, 0xe0, 0x1c, 0xe4, 0xe1, 0x1d, 0xea, 0x01, 0x1e, 0x66, 0x18, 0x51,
  0x38, 0xb0, 0x43, 0x3a, 0x9c, 0x83, 0x3b, 0xcc, 0x50, 0x24, 0x76, 0x60,
  0x07, 0x7b, 0x68, 0x07, 0x37, 0x60, 0x87, 0x77, 0x78, 0x07, 0x78, 0x98,
  0x51, 0x4c, 0xf4, 0x90, 0x0f, 0xf0, 0x50, 0x0e, 0x33, 0x1e, 0x6a, 0x1e,
  0xca, 0x61, 0x1c, 0xe8, 0x21, 0x1d, 0xde, 0xc1, 0x1d, 0x7e, 0x01, 0x1e,
  0xe4, 0xa1, 0x1c, 0xcc, 0x21, 0x1d, 0xf0, 0x61, 0x06, 0x54, 0x85, 0x83,
  0x38, 0xcc, 0xc3, 0x3b, 0xb0, 0x43, 0x3d, 0xd0, 0x43, 0x39, 0xfc, 0xc2,
  0x3c, 0xe4, 0x43, 0x3b, 0x88, 0xc3, 0x3b, 0xb0, 0xc3, 0x8c, 0xc5, 0x0a,
  0x87, 0x79, 0x98, 0x87, 0x77, 0x18, 0x87, 0x74, 0x08, 0x07, 0x7a, 0x28,
  0x07, 0x72, 0x98, 0x81, 0x5c, 0xe3, 0x10, 0x0e, 0xec, 0xc0, 0x0e, 0xe5,
  0x50, 0x0e, 0xf3, 0x30, 0x23, 0xc1, 0xd2, 0x41, 0x1e, 0xe4, 0xe1, 0x17,
  0xd8, 0xe1, 0x1d, 0xde, 0x01, 0x1e, 0x66, 0x48, 0x19, 0x3b, 0xb0, 0x83,
  0x3d, 0xb4, 0x83, 0x1b, 0x84, 0xc3, 0x38, 0x8c, 0x43, 0x39, 0xcc, 0xc3,
  0x3c, 0xb8, 0xc1, 0x39, 0xc8, 0xc3, 0x3b, 0xd4, 0x03, 0x3c, 0xcc, 0x48,
  0xb4, 0x71, 0x08, 0x07, 0x76, 0x60, 0x07, 0x71, 0x08, 0x87, 0x71, 0x58,
  0x87, 0x19, 0xdb, 0xc6, 0x0e, 0xec, 0x60, 0x0f, 0xed, 0xe0, 0x06, 0xf0,
  0x20, 0x0f, 0xe5, 0x30, 0x0f, 0xe5, 0x20, 0x0f, 0xf6, 0x50, 0x0e, 0x6e,
  0x10, 0x0e, 0xe3, 0x30, 0x0e, 0xe5, 0x30, 0x0f, 0xf3, 0xe0, 0x06, 0xe9,
  0xe0, 0x0e, 0xe4, 0x50, 0x0e, 0xf8, 0x30, 0x23, 0xe2, 0xec, 0x61, 0x1c,
  0xc2, 0x81, 0x1d, 0xd8, 0xe1, 0x17, 0xec, 0x21, 0x1d, 0xe6, 0x21, 0x1d,
  0xc4, 0x21, 0x1d, 0xd8, 0x21, 0x1d, 0xe8, 0x21, 0x1f, 0x66, 0x20, 0x9d,
  0x3b, 0xbc, 0x43, 0x3d, 0xb8, 0x03, 0x39, 0x94, 0x83, 0x39, 0xcc, 0x58,
  0xbc, 0x70, 0x70, 0x07, 0x77, 0x78, 0x07, 0x7a, 0x08, 0x07, 0x7a, 0x48,
  0x87, 0x77, 0x70, 0x87, 0x19, 0xce, 0x87, 0x0e, 0xe5, 0x10, 0x0e, 0xf0,
  0x10, 0x0e, 0xec, 0xc0, 0x0e, 0xef, 0x30, 0x0e, 0xf3, 0x90, 0x0e, 0xf4,
  0x50, 0x0e, 0x33, 0x28, 0x30, 0x08, 0x87, 0x74, 0x90, 0x07, 0x37, 0x30,
  0x87, 0x7a, 0x70, 0x87, 0x71, 0xa0, 0x87, 0x74, 0x78, 0x07, 0x77, 0xf8,
  0x85, 0x73, 0x90, 0x87, 0x77, 0xa8, 0x07, 0x78, 0x98, 0x07, 0x00, 0x00,
  0x00, 0x00, 0x79, 0x20, 0x00, 0x00, 0x31, 0x01, 0x00, 0x00, 0x72, 0x1e,
  0x48, 0x20, 0x43, 0x88, 0x0c, 0x19, 0x09, 0x72, 0x32, 0x48, 0x20, 0x23,
  0x81, 0x8c, 0x91, 0x91, 0xd1, 0x44, 0xa0, 0x10, 0x28, 0x64, 0x3c, 0x31,
  0x32, 0x42, 0x8e, 0x90, 0x21, 0xa3, 0x98, 0x06, 0x64, 0xc0, 0x4f, 0x00,
  0x00, 0x00, 0x8b, 0xd2, 0x58, 0xd8, 0x06, 0x6d, 0xd0, 0x1c, 0x14, 0x1b,
  0x47, 0x06, 0x8a, 0x84, 0x44, 0xd1, 0x15, 0x15, 0xcc, 0x30, 0x10, 0xce,
  0x40, 0x08, 0xc2, 0x33, 0x80, 0x41, 0x31, 0x7c, 0xc3, 0xf0, 0x3c, 0x00,
  0x00, 0x00, 0x53, 0x44, 0x4b, 0x20, 0x56, 0x65, 0x72, 0x73, 0x69, 0x6f,
  0x6e, 0x77, 0x63, 0x68, 0x61, 0x72, 0x5f, 0x73, 0x69, 0x7a, 0x65, 0x66,
  0x72, 0x61, 0x6d, 0x65, 0x2d, 0x70, 0x6f, 0x69, 0x6e, 0x74, 0x65, 0x72,
  0x61, 0x69, 0x72, 0x2e, 0x6d, 0x61, 0x78, 0x5f, 0x64, 0x65, 0x76, 0x69,
  0x63, 0x65, 0x5f, 0x62, 0x75, 0x66, 0x66, 0x65, 0x72, 0x73, 0x61, 0x69,
  0x72, 0x2e, 0x6d, 0x61, 0x78, 0x5f, 0x63, 0x6f, 0x6e, 0x73, 0x74, 0x61,
  0x6e, 0x74, 0x5f, 0x62, 0x75, 0x66, 0x66, 0x65, 0x72, 0x73, 0x61, 0x69,
  0x72, 0x2e, 0x6d, 0x61, 0x78, 0x5f, 0x74, 0x68, 0x72, 0x65, 0x61, 0x64,
  0x67, 0x72, 0x6f, 0x75, 0x70, 0x5f, 0x62, 0x75, 0x66, 0x66, 0x65, 0x72,
  0x73, 0x61, 0x69, 0x72, 0x2e, 0x6d, 0x61, 0x78, 0x5f, 0x74, 0x65, 0x78,
  0x74, 0x75, 0x72, 0x65, 0x73, 0x61, 0x69, 0x72, 0x2e, 0x6d, 0x61, 0x78,
  0x5f, 0x72, 0x65, 0x61, 0x64, 0x5f, 0x77, 0x72, 0x69, 0x74, 0x65, 0x5f,
  0x74, 0x65, 0x78, 0x74, 0x75, 0x72, 0x65, 0x73, 0x61, 0x69, 0x72, 0x2e,
  0x6d, 0x61, 0x78, 0x5f, 0x73, 0x61, 0x6d, 0x70, 0x6c, 0x65, 0x72, 0x73,
  0x41, 0x70, 0x70, 0x6c, 0x65, 0x20, 0x6d, 0x65, 0x74, 0x61, 0x6c, 0x20,
  0x76, 0x65, 0x72, 0x73, 0x69, 0x6f, 0x6e, 0x20, 0x33, 0x32, 0x30, 0x32,
  0x33, 0x2e, 0x39, 0x31, 0x37, 0x20, 0x28, 0x6d, 0x65, 0x74, 0x61, 0x6c,
  0x66, 0x65, 0x2d, 0x33, 0x32, 0x30, 0x32, 0x33, 0x2e, 0x39, 0x31, 0x37,
  0x2e, 0x32, 0x29, 0x4d, 0x65, 0x74, 0x61, 0x6c, 0x61, 0x69, 0x72, 0x2e,
  0x63, 0x6f, 0x6d, 0x70, 0x69, 0x6c, 0x65, 0x2e, 0x64, 0x65, 0x6e, 0x6f,
  0x72, 0x6d, 0x73, 0x5f, 0x64, 0x69, 0x73, 0x61, 0x62, 0x6c, 0x65, 0x61,
  0x69, 0x72, 0x2e, 0x63, 0x6f, 0x6d, 0x70, 0x69, 0x6c, 0x65, 0x2e, 0x66,
  0x61, 0x73, 0x74, 0x5f, 0x6d, 0x61, 0x74, 0x68, 0x5f, 0x65, 0x6e, 0x61,
  0x62, 0x6c, 0x65, 0x61, 0x69, 0x72, 0x2e, 0x63, 0x6f, 0x6d, 0x70, 0x69,
  0x6c, 0x65, 0x2e, 0x66, 0x72, 0x61, 0x6d, 0x65, 0x62, 0x75, 0x66, 0x66,
  0x65, 0x72, 0x5f, 0x66, 0x65, 0x74, 0x63, 0x68, 0x5f, 0x65, 0x6e, 0x61,
  0x62, 0x6c, 0x65, 0x61, 0x69, 0x72, 0x2e, 0x62, 0x75, 0x66, 0x66, 0x65,
  0x72, 0x61, 0x69, 0x72, 0x2e, 0x6c, 0x6f, 0x63, 0x61, 0x74, 0x69, 0x6f,
  0x6e, 0x5f, 0x69, 0x6e, 0x64, 0x65, 0x78, 0x61, 0x69, 0x72, 0x2e, 0x72,
  0x65, 0x61, 0x64, 0x61, 0x69, 0x72, 0x2e, 0x61, 0x64, 0x64, 0x72, 0x65,
  0x73, 0x73, 0x5f, 0x73, 0x70, 0x61, 0x63, 0x65, 0x61, 0x69, 0x72, 0x2e,
  0x61, 0x72, 0x67, 0x5f, 0x74, 0x79, 0x70, 0x65, 0x5f, 0x73, 0x69, 0x7a,
  0x65, 0x61, 0x69, 0x72, 0x2e, 0x61, 0x72, 0x67, 0x5f, 0x74, 0x79, 0x70,
  0x65, 0x5f, 0x61, 0x6c, 0x69, 0x67, 0x6e, 0x5f, 0x73, 0x69, 0x7a, 0x65,
  0x61, 0x69, 0x72, 0x2e, 0x61, 0x72, 0x67, 0x5f, 0x74, 0x79, 0x70, 0x65,
  0x5f, 0x6e, 0x61, 0x6d, 0x65, 0x66, 0x6c, 0x6f, 0x61, 0x74, 0x61, 0x69,
  0x72, 0x2e, 0x61, 0x72, 0x67, 0x5f, 0x6e, 0x61, 0x6d, 0x65, 0x73, 0x72,
  0x63, 0x77, 0x74, 0x73, 0x62, 0x69, 0x61, 0x73, 0x61, 0x69, 0x72, 0x2e,
  0x72, 0x65, 0x61, 0x64, 0x5f, 0x77, 0x72, 0x69, 0x74, 0x65, 0x64, 0x73,
  0x74, 0x75, 0x69, 0x6e, 0x74, 0x6b, 0x70, 0x63, 0x70, 0x61, 0x69, 0x72,
  0x2e, 0x62, 0x75, 0x66, 0x66, 0x65, 0x72, 0x5f, 0x73, 0x69, 0x7a, 0x65,
  0x65, 0x70, 0x69, 0x61, 0x69, 0x72, 0x2e, 0x74, 0x68, 0x72, 0x65, 0x61,
  0x64, 0x67, 0x72, 0x6f, 0x75, 0x70, 0x5f, 0x70, 0x6f, 0x73, 0x69, 0x74,
  0x69, 0x6f, 0x6e, 0x5f, 0x69, 0x6e, 0x5f, 0x67, 0x72, 0x69, 0x64, 0x75,
  0x69, 0x6e, 0x74, 0x33, 0x74, 0x67, 0x70, 0x61, 0x69, 0x72, 0x2e, 0x74,
  0x68, 0x72, 0x65, 0x61, 0x64, 0x5f, 0x69, 0x6e, 0x64, 0x65, 0x78, 0x5f,
  0x69, 0x6e, 0x5f, 0x74, 0x68, 0x72, 0x65, 0x61, 0x64, 0x67, 0x72, 0x6f,
  0x75, 0x70, 0x6c, 0x69, 0x64, 0x69, 0x6e, 0x74, 0x6f, 0x6d, 0x6e, 0x69,
  0x70, 0x6f, 0x74, 0x65, 0x6e, 0x74, 0x20, 0x63, 0x68, 0x61, 0x72, 0x53,
  0x69, 0x6d, 0x70, 0x6c, 0x65, 0x20, 0x43, 0x2b, 0x2b, 0x20, 0x54, 0x42,
  0x41, 0x41, 0xc6, 0xa9, 0x00, 0x00, 0x00, 0x00, 0x00, 0x00, 0x30, 0x82,
  0x90, 0x30, 0x23, 0x08, 0x63, 0x00, 0x06, 0x23, 0x08, 0x49, 0x33, 0x82,
  0x90, 0x38, 0x23, 0x08, 0xc9, 0x33, 0x82, 0x90, 0x40, 0x23, 0x08, 0x49,
  0x34, 0x82, 0x90, 0x48, 0x23, 0x08, 0xc9, 0x34, 0x82, 0x90, 0x50, 0x23,
  0x08, 0x49, 0x35, 0x82, 0xd0, 0x08, 0x23, 0x08, 0x89, 0x35, 0x82, 0x90,
  0x5c, 0x23, 0x08, 0x09, 0x36, 0x82, 0x90, 0x64, 0x23, 0x08, 0x89, 0x36,
  0x82, 0x80, 0x6d, 0x33, 0x0c, 0x6a, 0x10, 0xac, 0xc1, 0x0c, 0x03, 0x1b,
  0x08, 0x6d, 0x30, 0xc3, 0xe0, 0x06, 0x83, 0x1a, 0xcc, 0x30, 0xb8, 0x01,
  0xf1, 0x06, 0x33, 0x0c, 0x6e, 0x50, 0xbc, 0xc1, 0x0c, 0x83, 0x1b, 0x18,
  0x6f, 0x30, 0xc3, 0xe0, 0x06, 0x07, 0x1c, 0xcc, 0x30, 0xb8, 0x01, 0x12,
  0x07, 0x33, 0x0c, 0x6e, 0x90, 0xc8, 0xc1, 0x0c, 0x81, 0x32, 0xc3, 0xa0,
  0x06, 0x6e, 0x30, 0x07, 0x33, 0x10, 0x0b, 0x1d, 0xa8, 0xc1, 0x1c, 0xcc,
  0x10, 0x30, 0x33, 0x04, 0xcd, 0x0c, 0x81, 0x33, 0x03, 0x30, 0x03, 0x34,
  0x07, 0x0f, 0x34, 0x07, 0x6c, 0x10, 0x49, 0x6c, 0x30, 0xb5, 0x01, 0xd5,
  0x06, 0x95, 0x75, 0x61, 0x33, 0x40, 0x6c, 0xf0, 0x40, 0x6c, 0xc0, 0x06,
  0x91, 0xc4, 0x06, 0x53, 0x1b, 0x50, 0x6d, 0x50, 0x59, 0x57, 0x36, 0x03,
  0xa4, 0x06, 0x0f, 0xa4, 0x06, 0x6c, 0x10, 0x49, 0x6c, 0x30, 0xb5, 0x01,
  0xd5, 0x06, 0x95, 0x75, 0x69, 0x33, 0x40, 0x74, 0xf0, 0x40, 0x74, 0xc0,
  0x06, 0x9b, 0xc4, 0x06, 0x53, 0x1b, 0x50, 0x6d, 0x50, 0x59, 0x17, 0x37,
  0x03, 0xd4, 0x06, 0x0f, 0x64, 0x07, 0x6c, 0x10, 0x49, 0x6a, 0x30, 0xb5,
  0x01, 0xd5, 0x06, 0x55, 0x77, 0x79, 0x33, 0x40, 0x77, 0xf0, 0x40, 0x78,
  0xc0, 0x06, 0x91, 0xa4, 0x06, 0x53, 0x1b, 0x50, 0x6d, 0x50, 0x75, 0xd7,
  0x37, 0x83, 0x94, 0x07, 0x0f, 0x18, 0xb4, 0x01, 0xa4, 0x07, 0x6c, 0x10,
  0x49, 0x6a, 0x30, 0xb5, 0x01, 0xd5, 0x06, 0x55, 0x77, 0x85, 0xc1, 0x0c,
  0x86, 0x1b, 0x88, 0x41, 0x35, 0x06, 0x17, 0x19, 0xcc, 0x60, 0xc4, 0x41,
  0x19, 0x54, 0xdd, 0x65, 0x06, 0x33, 0x24, 0xac, 0xd0, 0x0a, 0xae, 0xf0,
  0x0a, 0xb0, 0x10, 0x0b, 0xb2, 0x30, 0x0b, 0xb4, 0x30, 0xc3, 0x50, 0x07,
  0xab, 0x50, 0x0b, 0x33, 0x04, 0x69, 0x30, 0xc3, 0x80, 0x06, 0xb7, 0xb0,
  0x07, 0x33, 0x0c, 0x67, 0x80, 0x0b, 0x7b, 0x30, 0xc3, 0x90, 0x0b, 0xb9,
  0xb0, 0x07, 0x17, 0x07, 0x00, 0x87, 0x06, 0x1c, 0xc7, 0x71, 0x1c, 0xc7,
  0x71, 0x1c, 0xc7, 0x71, 0x1c, 0xc7, 0x71, 0x6e, 0xe0, 0x06, 0x6e, 0xe0,
  0x06, 0x6e, 0xe0, 0x06, 0x6e, 0xe0, 0x06, 0x6e, 0x60, 0xd1, 0x81, 0x1e,
  0x58, 0x96, 0x05, 0xd1, 0x04, 0x4d, 0xd0, 0x04, 0x4d, 0xd0, 0x04, 0x4d,
  0xc8, 0x05, 0x2b, 0x98, 0x02, 0x3f, 0xd0, 0x01, 0x47, 0x07, 0x74, 0x20,
  0x23, 0x81, 0x09, 0xca, 0x88, 0x8d, 0xcd, 0xae, 0xcd, 0xa5, 0xed, 0x8d,
  0xac, 0x8e, 0xad, 0xcc, 0xc5, 0x8c, 0x2d, 0xec, 0x6c, 0x6e, 0x94, 0x64,
  0x0f, 0xf8, 0xa0, 0x0f, 0xfc, 0xe0, 0x0f, 0x40, 0x21, 0x14, 0x44, 0x61,
  0x14, 0x52, 0x61, 0x63, 0xb3, 0x6b, 0x73, 0x49, 0x23, 0x2b, 0x73, 0xa3,
  0x1b, 0x25, 0x20, 0x85, 0x5c, 0xc2, 0xd2, 0xe4, 0x5c, 0xec, 0xca, 0xe4,
  0xe6, 0xd2, 0xde, 0xdc, 0x46, 0x09, 0x4a, 0x21, 0xa9, 0xb0, 0x34, 0x39,
  0x17, 0xb6, 0x30, 0xb7, 0xb3, 0xba, 0xb0, 0xb3, 0xb2, 0x2f, 0xbb, 0x32,
  0xb9, 0xb9, 0xb4, 0x37, 0xb7, 0x51, 0x02, 0x53, 0xc8, 0x29, 0x2c, 0x4d,
  0xce, 0x65, 0xec, 0xad, 0x0d, 0x2e, 0x8d, 0xad, 0xec, 0xeb, 0x0d, 0x8e,
  0x2e, 0xed, 0xcd, 0x6d, 0x6e, 0x94, 0xe1, 0x14, 0x50, 0x21, 0x15, 0x52,
  0x09, 0x4b, 0x93, 0x73, 0x59, 0x2b, 0x93, 0x73, 0x2b, 0x63, 0x1b, 0x25,
  0xa8, 0x05, 0x00, 0x00, 0x00, 0x00, 0xa9, 0x18, 0x00, 0x00, 0x25, 0x00,
  0x00, 0x00, 0x0b, 0x0a, 0x72, 0x28, 0x87, 0x77, 0x80, 0x07, 0x7a, 0x58,
  0x70, 0x98, 0x43, 0x3d, 0xb8, 0xc3, 0x38, 0xb0, 0x43, 0x39, 0xd0, 0xc3,
  0x82, 0xe6, 0x1c, 0xc6, 0xa1, 0x0d, 0xe8, 0x41, 0x1e, 0xc2, 0xc1, 0x1d,
  0xe6, 0x21, 0x1d, 0xe8, 0x21, 0x1d, 0xde, 0xc1, 0x1d, 0x16, 0x34, 0xe3,
  0x60, 0x0e, 0xe7, 0x50, 0x0f, 0xe1, 0x20, 0x0f, 0xe4, 0x40, 0x0f, 0xe1,
  0x20, 0x0f, 0xe7, 0x50, 0x0e, 0xf4, 0xb0, 0x80, 0x81, 0x07, 0x79, 0x28,
  0x87, 0x70, 0x60, 0x07, 0x76, 0x78, 0x87, 0x71, 0x08, 0x07, 0x7a, 0x28,
  0x07, 0x72, 0x58, 0x70, 0x9c, 0xc3, 0x38, 0xb4, 0x01, 0x3b, 0xa4, 0x83,
  0x3d, 0x94, 0xc3, 0x02, 0x6b, 0x1c, 0xd8, 0x21, 0x1c, 0xdc, 0xe1, 0x1c,
  0xdc, 0x20, 0x1c, 0xe4, 0x61, 0x1c, 0xdc, 0x20, 0x1c, 0xe8, 0x81, 0x1e,
  0xc2, 0x61, 0x1c, 0xd0, 0xa1, 0x1c, 0xc8, 0x61, 0x1c, 0xc2, 0x81, 0x1d,
  0xd8, 0x61, 0xc1, 0x01, 0x0f, 0xf4, 0x20, 0x0f, 0xe1, 0x50, 0x0f, 0xf4,
  0x80, 0x0e, 0x00, 0x00, 0x00, 0x00, 0xd1, 0x10, 0x00, 0x00, 0x06, 0x00,
  0x00, 0x00, 0x07, 0xcc, 0x3c, 0xa4, 0x83, 0x3b, 0x9c, 0x03, 0x3b, 0x94,
  0x03, 0x3d, 0xa0, 0x83, 0x3c, 0x94, 0x43, 0x38, 0x90, 0xc3, 0x01, 0x00,
  0x00, 0x00, 0x61, 0x20, 0x00, 0x00, 0x5a, 0x00, 0x00, 0x00, 0x13, 0x04,
  0x41, 0x2c, 0x10, 0x00, 0x00, 0x00, 0x06, 0x00, 0x00, 0x00, 0x84, 0x8c,
  0x00, 0x90, 0x33, 0xd4, 0x21, 0x0c, 0x00, 0xb6, 0x61, 0x1b, 0x3d, 0x43,
  0x1d, 0x85, 0x11, 0x60, 0x1b, 0xb6, 0x01, 0x00, 0x00, 0x00, 0xf1, 0x30,
  0x00, 0x00, 0x44, 0x00, 0x00, 0x00, 0x22, 0x47, 0xc8, 0x90, 0x51, 0x22,
  0x48, 0x5f, 0x00, 0x00, 0x00, 0x00, 0x9b, 0x65, 0x59, 0x96, 0x65, 0x59,
  0x00, 0x00, 0x61, 0x69, 0x72, 0x2d, 0x61, 0x6c, 0x69, 0x61, 0x73, 0x2d,
  0x73, 0x63, 0x6f, 0x70, 0x65, 0x73, 0x28, 0x6e, 0x76, 0x63, 0x6f, 0x6e,
  0x76, 0x34, 0x5f, 0x73, 0x29, 0x61, 0x69, 0x72, 0x2d, 0x61, 0x6c, 0x69,
  0x61, 0x73, 0x2d, 0x73, 0x63, 0x6f, 0x70, 0x65, 0x2d, 0x61, 0x72, 0x67,
  0x28, 0x36, 0x29, 0x61, 0x69, 0x72, 0x2d, 0x61, 0x6c, 0x69, 0x61, 0x73,
  0x2d, 0x73, 0x63, 0x6f, 0x70, 0x65, 0x2d, 0x61, 0x72, 0x67, 0x28, 0x35,
  0x29, 0x61, 0x69, 0x72, 0x2d, 0x61, 0x6c, 0x69, 0x61, 0x73, 0x2d, 0x73,
  0x63, 0x6f, 0x70, 0x65, 0x2d, 0x61, 0x72, 0x67, 0x28, 0x34, 0x29, 0x61,
  0x69, 0x72, 0x2d, 0x61, 0x6c, 0x69, 0x61, 0x73, 0x2d, 0x73, 0x63, 0x6f,
  0x70, 0x65, 0x2d, 0x61, 0x72, 0x67, 0x28, 0x33, 0x29, 0x61, 0x69, 0x72,
  0x2d, 0x61, 0x6c, 0x69, 0x61, 0x73, 0x2d, 0x73, 0x63, 0x6f, 0x70, 0x65,
  0x2d, 0x61, 0x72, 0x67, 0x28, 0x32, 0x29, 0x61, 0x69, 0x72, 0x2d, 0x61,
  0x6c, 0x69, 0x61, 0x73, 0x2d, 0x73, 0x63, 0x6f, 0x70, 0x65, 0x2d, 0x61,
  0x72, 0x67, 0x28, 0x31, 0x29, 0x61, 0x69, 0x72, 0x2d, 0x61, 0x6c, 0x69,
  0x61, 0x73, 0x2d, 0x73, 0x63, 0x6f, 0x70, 0x65, 0x2d, 0x61, 0x72, 0x67,
  0x28, 0x30, 0x29, 0x00, 0x00, 0x00, 0x2b, 0x84, 0x71, 0xd8, 0x85, 0x15,
  0x03, 0x39, 0x8c, 0x03, 0x2f, 0xac, 0x18, 0xca, 0x61, 0x1c, 0x7a, 0x61,
  0xc5, 0x60, 0x0e, 0xe3, 0xe0, 0x0b, 0x2b, 0x86, 0x73, 0x18, 0x87, 0x5f,
  0x58, 0x31, 0xa0, 0xc3, 0x38, 0x80, 0xc3, 0x8a, 0x21, 0x1d, 0xc6, 0x21,
  0x1c, 0x56, 0x0c, 0xea, 0x30, 0x0e, 0xe2, 0xb0, 0x21, 0x20, 0x87, 0x0d,
  0x86, 0x3a, 0xa4, 0x03, 0x3a, 0x9c, 0x83, 0x39, 0x94, 0x03, 0x00, 0x00,
  0x00, 0x00, 0x64, 0x24, 0x63, 0xc4, 0x00, 0x3a, 0x62, 0x10, 0x0c, 0xa0,
  0x35, 0x68, 0x18, 0x65, 0x21, 0x82, 0x04, 0x31, 0x8a, 0x41, 0xd0, 0x80,
  0x18, 0x00, 0x03, 0x00, 0x00, 0x00, 0x5b, 0x0e, 0x20, 0xc8, 0x85, 0x43,
  0x1d, 0x90, 0x75, 0x00, 0x00, 0x00, 0x00, 0x00, 0x00, 0x00, 0x61, 0x20,
  0x00, 0x00, 0x66, 0x02, 0x00, 0x00, 0x13, 0x04, 0x75, 0x10, 0x0b, 0x04,
  0x00, 0x00, 0x14, 0x00, 0x00, 0x00, 0x94, 0x94, 0x47, 0x0d, 0x14, 0x54,
  0xe1, 0x15, 0x68, 0x40, 0x49, 0x14, 0x45, 0x59, 0x10, 0x56, 0x20, 0x05,
  0x54, 0x02, 0x85, 0x50, 0x42, 0x45, 0x54, 0x46, 0xa5, 0x54, 0x4c, 0xe5,
  0x54, 0x50, 0x25, 0x55, 0x58, 0xa5, 0x55, 0x5c, 0xe5, 0x55, 0x60, 0x25,
  0x56, 0x10, 0x25, 0x51, 0x14, 0x65, 0x51, 0x38, 0xa5, 0x53, 0x3c, 0xe5,
  0x43, 0xdf, 0x08, 0x40, 0x0d, 0x10, 0x30, 0x02, 0x30, 0x46, 0x00, 0x82,
  0x20, 0x88, 0x7f, 0x63, 0x04, 0x20, 0x08, 0x82, 0x2c, 0x18, 0x10, 0x32,
  0x02, 0x00, 0xf1, 0x30, 0x00, 0x00, 0x1f, 0x00, 0x00, 0x00, 0x22, 0x47,
  0xc8, 0x90, 0x51, 0x0a, 0x84, 0x07, 0x84, 0x05, 0x00, 0x00, 0x62, 0x6f,
  0x6f, 0x6c, 0x6c, 0x6c, 0x76, 0x6d, 0x2e, 0x6c, 0x6f, 0x6f, 0x70, 0x2e,
  0x6d, 0x75, 0x73, 0x74, 0x70, 0x72, 0x6f, 0x67, 0x72, 0x65, 0x73, 0x73,
  0x00, 0x00, 0x13, 0x84, 0x8c, 0x9b, 0x20, 0x64, 0xdd, 0x0a, 0xe1, 0x17,
  0xd4, 0x61, 0x85, 0x00, 0x0e, 0xea, 0xb0, 0x42, 0x08, 0x07, 0x75, 0x58,
  0x21, 0x88, 0x83, 0x3a, 0xac, 0x10, 0xc6, 0x41, 0x1d, 0x56, 0x08, 0xe4,
  0xa0, 0x0e, 0x2b, 0x84, 0x72, 0x50, 0x87, 0x15, 0x82, 0x39, 0xa8, 0xc3,
  0x0a, 0xe1, 0x1c, 0xd4, 0x61, 0xc3, 0xb0, 0x0b, 0xb8, 0xb0, 0x07, 0x1b,
  0x06, 0x74, 0x40, 0x87, 0x3d, 0xd8, 0x10, 0xf0, 0xc2, 0x06, 0xa1, 0x17,
  0x7c, 0x61, 0xc3, 0x60, 0xe1, 0xc2, 0x1e, 0x6c, 0x18, 0xd8, 0x81, 0x1d,
  0xf6, 0x00, 0x33, 0x11, 0x64, 0x90, 0x34, 0xa3, 0x30, 0x13, 0x41, 0x06,
  0x49, 0x33, 0x0a, 0x33, 0x11, 0x64, 0x90, 0x34, 0xa3, 0x30, 0x13, 0x61,
  0x06, 0x49, 0x13, 0x0a, 0x33, 0x11, 0x69, 0x90, 0x34, 0xa3, 0x30, 0x13,
  0xb1, 0x06, 0x49, 0x33, 0x0a, 0x33, 0x11, 0x6b, 0x90, 0x34, 0xa3, 0xd0,
  0x13, 0x81, 0x0e, 0xcc, 0x80, 0x82, 0x64, 0xf4, 0x44, 0xb0, 0x83, 0x32,
  0xa0, 0x20, 0x19, 0x3d, 0x11, 0xf0, 0xc0, 0x0c, 0x28, 0x48, 0x46, 0x4f,
  0x04, 0x3d, 0x38, 0x03, 0x0a, 0x92, 0xd1, 0x13, 0x81, 0x0f, 0xd0, 0x80,
  0x82, 0x64, 0xf4, 0x44, 0xf0, 0x83, 0x34, 0xa0, 0x20, 0x19, 0x3d, 0x11,
  0x40, 0x41, 0x0d, 0x28, 0x48, 0x46, 0x4f, 0x04, 0x51, 0x58, 0x03, 0x0a,
  0x92, 0xd1, 0x13, 0x81, 0x14, 0xd8, 0x80, 0x82, 0x64, 0xf4, 0x44, 0x30,
  0x85, 0x36, 0xa0, 0x20, 0x19, 0x3d, 0x11, 0x50, 0xc1, 0x0d, 0x28, 0x48,
  0x46, 0x4f, 0x04, 0x55, 0x78, 0x03, 0x0a, 0x92, 0xd1, 0x13, 0x81, 0x15,
  0xe0, 0x80, 0x82, 0x64, 0xf4, 0x44, 0x70, 0x85, 0x38, 0xa0, 0x20, 0x19,
  0x3d, 0x11, 0x60, 0x41, 0x0e, 0x28, 0x48, 0x46, 0x4f, 0x84, 0x59, 0x98,
  0x03, 0x0a, 0x92, 0xd1, 0x13, 0xa1, 0x16, 0xe8, 0x80, 0x82, 0x64, 0xf4,
  0x44, 0xb8, 0x85, 0x3a, 0xa0, 0x20, 0x19, 0x3d, 0x11, 0x72, 0xc1, 0x0e,
  0x28, 0x48, 0x46, 0x4f, 0x84, 0x5d, 0xb8, 0x03, 0x0a, 0x92, 0xd1, 0x13,
  0xa1, 0x17, 0xf0, 0x80, 0x82, 0x64, 0xf4, 0x44, 0xf8, 0x85, 0x3c, 0xa0,
  0x20, 0x19, 0x3d, 0x11, 0xc2, 0x41, 0x0f, 0x28, 0x48, 0xc6, 0x70, 0x43,
  0x39, 0xd8, 0x41, 0x18, 0x0c, 0x37, 0x9c, 0xc3, 0x1d, 0x80, 0xc1, 0x74,
  0x43, 0x2f, 0xf0, 0x42, 0x30, 0xdd, 0xc0, 0x0b, 0xc1, 0x80, 0x01, 0x3f,
  0xc0, 0x40, 0x06, 0x58, 0xf4, 0x44, 0x48, 0x87, 0x80, 0x82, 0x64, 0x60,
  0x01, 0x0e, 0x30, 0x90, 0x01, 0x16, 0x3d, 0x11, 0xda, 0x21, 0xa0, 0x20,
  0x19, 0x98, 0x8c, 0x03, 0x0c, 0x64, 0x80, 0x45, 0x4f, 0x84, 0x78, 0x08,
  0x28, 0x48, 0x06, 0x36, 0xe6, 0x00, 0x03, 0x19, 0x60, 0xd1, 0x13, 0xa1,
  0x1e, 0x02, 0x0a, 0x92, 0x71, 0x73, 0x90, 0x07, 0x72, 0x81, 0x1c, 0xc8,
  0x18, 0xc2, 0x3d, 0x94, 0xc4, 0x05, 0x28, 0x71, 0x63, 0x08, 0xf9, 0xb0,
  0x0e, 0x67, 0x0a, 0xf6, 0xa0, 0xc3, 0x0d, 0x01, 0x4c, 0x80, 0xc1, 0xed,
  0xc3, 0x4d, 0x60, 0xc6, 0x82, 0xb6, 0x23, 0x06, 0x06, 0x02, 0x82, 0x60,
  0xb0, 0xf9, 0x84, 0x3c, 0x04, 0x19, 0x0b, 0xda, 0x8e, 0x18, 0x18, 0x08,
  0x08, 0x82, 0xc1, 0xf6, 0x13, 0xf3, 0x10, 0x64, 0x2c, 0x68, 0x3b, 0x62,
  0x60, 0x20, 0x20, 0x08, 0x06, 0x1b, 0x58, 0xd0, 0x43, 0xd0, 0xcd, 0x21,
  0x16, 0x5c, 0xc2, 0x25, 0x46, 0x0c, 0x0c, 0x04, 0x04, 0xc1, 0x60, 0x0b,
  0x0b, 0x79, 0x08, 0x2e, 0x29, 0x60, 0x96, 0x80, 0x38, 0x55, 0x70, 0x05,
  0xb9, 0x20, 0x15, 0xe4, 0x16, 0x9b, 0xb8, 0x23, 0x89, 0x90, 0x50, 0x0c,
  0xc4, 0xe2, 0x06, 0xf2, 0x16, 0xb4, 0x1d, 0x31, 0x30, 0x10, 0x10, 0x04,
  0x83, 0x0d, 0x2d, 0xf6, 0x21, 0x18, 0x31, 0x40, 0x12, 0x10, 0x04, 0x03,
  0x30, 0x30, 0x8b, 0xa0, 0x26, 0xf6, 0x41, 0x1c, 0x86, 0x1b, 0x8a, 0x9e,
  0x00, 0x83, 0x59, 0x06, 0x61, 0x08, 0xb0, 0x31, 0x8b, 0x1b, 0x38, 0xc2,
  0xd8, 0x59, 0x82, 0x22, 0x0d, 0x2c, 0x72, 0x17, 0xb4, 0xbd, 0x23, 0xd9,
  0x94, 0xb0, 0xc8, 0x5e, 0xd0, 0x16, 0xa9, 0xb6, 0xb8, 0x81, 0xbe, 0x0e,
  0xe0, 0xf0, 0x13, 0x3f, 0x91, 0x0c, 0x16, 0x9d, 0x18, 0x60, 0xa2, 0x08,
  0xfa, 0x3a, 0x8c, 0x83, 0x58, 0x98, 0xc4, 0x3d, 0x71, 0xb1, 0x19, 0x60,
  0xd1, 0x89, 0x81, 0x26, 0x92, 0x20, 0x25, 0x2c, 0x6e, 0xaa, 0x8b, 0xcd,
  0x00, 0x8b, 0x59, 0x02, 0x63, 0xa0, 0x22, 0x01, 0x17, 0xa0, 0x0c, 0x08,
  0x0c, 0xee, 0xe2, 0x06, 0x8e, 0x0b, 0x60, 0xb8, 0x21, 0x40, 0x03, 0x32,
  0x48, 0x02, 0x8b, 0x6e, 0x0e, 0xf1, 0xe0, 0x16, 0x41, 0x0e, 0x59, 0x0c,
  0x1b, 0x10, 0x42, 0x10, 0x00, 0x57, 0x80, 0x43, 0x9d, 0x11, 0x0e, 0x73,
  0x01, 0x38, 0xd4, 0x09, 0xe1, 0x30, 0x9d, 0x1c, 0xf4, 0x81, 0x2e, 0x8e,
  0x61, 0x03, 0x22, 0x10, 0x06, 0xe0, 0x8a, 0x5e, 0x10, 0x0c, 0xc4, 0x01,
  0x04, 0x3a, 0x39, 0xf0, 0xc3, 0x5d, 0x28, 0xc3, 0x06, 0x44, 0x20, 0x0c,
  0xc0, 0x19, 0xbe, 0x20, 0x18, 0x8c, 0x03, 0x08, 0x74, 0x72, 0xf0, 0x07,
  0xbd, 0x68, 0x86, 0x0d, 0x88, 0x40, 0x18, 0x00, 0x94, 0x52, 0x03, 0x06,
  0x86, 0x1b, 0x82, 0xd4, 0x00, 0x83, 0x59, 0x86, 0x80, 0x08, 0x06, 0x2a,
  0x12, 0x55, 0x10, 0x48, 0x61, 0x1b, 0xa8, 0x48, 0x5c, 0x41, 0x00, 0x85,
  0xed, 0x82, 0x3c, 0x80, 0xe1, 0x86, 0xba, 0x68, 0x0d, 0x30, 0x98, 0x25,
  0x10, 0x83, 0x81, 0x8a, 0x04, 0x66, 0x86, 0xb6, 0xd8, 0x66, 0x19, 0x0e,
  0x24, 0x0f, 0x2e, 0x00, 0x89, 0x3a, 0x21, 0x24, 0xe6, 0x02, 0x7f, 0xa8,
  0x13, 0xfe, 0x61, 0x66, 0x09, 0x90, 0x81, 0x8a, 0x44, 0x38, 0x74, 0xc6,
  0x18, 0xa8, 0x48, 0x8c, 0x83, 0x67, 0x8c, 0x81, 0x8a, 0x84, 0x39, 0x7c,
  0xc6, 0x38, 0xc4, 0x0e, 0x76, 0xb8, 0x21, 0xc8, 0x03, 0x32, 0x98, 0x65,
  0x48, 0x98, 0x60, 0x96, 0x41, 0x59, 0x44, 0xe1, 0x06, 0x3c, 0x80, 0x59,
  0x02, 0xe6, 0x06, 0x95, 0xa8, 0x23, 0x56, 0x62, 0x2e, 0x40, 0x89, 0x3a,
  0x21, 0x25, 0x66, 0x96, 0x80, 0x19, 0xe8, 0x48, 0x28, 0x45, 0x58, 0xdc,
  0x06, 0x19, 0xe8, 0x48, 0x28, 0xc5, 0x58, 0xe0, 0x06, 0x19, 0xe8, 0x48,
  0x1c, 0x85, 0x59, 0xe4, 0x06, 0x39, 0xe1, 0x1e, 0xe4, 0x08, 0x7b, 0x90,
  0x1b, 0xea, 0x41, 0x66, 0x09, 0x9c, 0xab, 0x58, 0x01, 0x46, 0x0c, 0x0c,
  0x04, 0x04, 0xc1, 0x60, 0x4b, 0x8f, 0xbe, 0xe8, 0x83, 0x11, 0x03, 0x44,
  0x01, 0x41, 0x30, 0x00, 0x83, 0xf3, 0xe8, 0x03, 0xdb, 0xe8, 0x8b, 0xb1,
  0x18, 0x6e, 0x08, 0x4c, 0x81, 0x0c, 0x66, 0x19, 0x26, 0x2d, 0x18, 0xa8,
  0x48, 0xfc, 0x86, 0x29, 0x05, 0x69, 0x96, 0xe1, 0x91, 0x9e, 0x0c, 0xb0,
  0xe8, 0xe6, 0xd0, 0x13, 0xba, 0x11, 0x50, 0x90, 0x85, 0xe1, 0x86, 0x60,
  0x37, 0xc0, 0x60, 0x96, 0x41, 0x82, 0x82, 0x4e, 0x0e, 0x62, 0xd1, 0x1b,
  0x04, 0x05, 0xc9, 0xc0, 0x80, 0x01, 0x81, 0x4e, 0x0e, 0x64, 0x01, 0x1e,
  0x07, 0x05, 0xc9, 0xc0, 0xc0, 0x01, 0x81, 0xe1, 0x06, 0x02, 0x36, 0xcc,
  0x60, 0xb8, 0x41, 0x88, 0x0d, 0x33, 0x98, 0x6e, 0x08, 0xe2, 0x42, 0x18,
  0x6e, 0x38, 0x74, 0x82, 0x0c, 0xa6, 0x1b, 0x82, 0xb9, 0x10, 0x86, 0x1b,
  0x0c, 0x9d, 0x20, 0x83, 0xe9, 0x86, 0xa0, 0x2e, 0x84, 0x59, 0x86, 0x48,
  0x0a, 0x6e, 0x41, 0x09, 0xb9, 0xc0, 0x82, 0x53, 0x50, 0x42, 0x4e, 0x08,
  0xa0, 0x93, 0x03, 0x5d, 0xb8, 0x47, 0x45, 0x41, 0x32, 0x2e, 0x50, 0x09,
  0x39, 0x22, 0x80, 0x0c, 0xb0, 0xe8, 0x80, 0xd0, 0x1e, 0x01, 0x05, 0xc0,
  0x98, 0x25, 0x90, 0x06, 0x4a, 0x00, 0x7f, 0x79, 0xfc, 0xc5, 0x11, 0x22,
  0x7f, 0x81, 0xd0, 0x1b, 0x91, 0x1b, 0xc0, 0xa0, 0x1d, 0x60, 0x20, 0x03,
  0x2c, 0x7a, 0x30, 0xa4, 0x07, 0x38, 0x04, 0xc3, 0x06, 0x44, 0x50, 0x0c,
  0x00, 0x8a, 0x01, 0x8a, 0xc0, 0xc0, 0x70, 0x43, 0x80, 0x22, 0x60, 0x30,
  0xcb, 0xd0, 0x38, 0xc1, 0x2c, 0x03, 0x55, 0xcd, 0xc3, 0xd1, 0x81, 0x3c,
  0xc0, 0x2c, 0x81, 0x75, 0x67, 0xb0, 0x17, 0x75, 0x68, 0xc0, 0x17, 0x73,
  0x41, 0x5e, 0xd4, 0x09, 0x7a, 0x31, 0xb3, 0x04, 0xd6, 0x40, 0x45, 0xa2,
  0x50, 0x48, 0x35, 0x50, 0x91, 0xd8, 0x03, 0x65, 0x54, 0x03, 0x15, 0x89,
  0x3e, 0x50, 0x46, 0x75, 0x83, 0x4e, 0xc8, 0x0d, 0x39, 0x21, 0x17, 0x08,
  0x70, 0x44, 0x4e, 0xc8, 0x09, 0x01, 0xcc, 0x12, 0x5c, 0x03, 0x15, 0x1f,
  0xda, 0x58, 0x6a, 0x93, 0x0d, 0x54, 0x24, 0x62, 0x64, 0xc1, 0x51, 0x76,
  0x01, 0x3c, 0xec, 0x70, 0x43, 0x80, 0x1a, 0x64, 0x30, 0xcb, 0x80, 0x65,
  0xc1, 0x09, 0x65, 0x21, 0x67, 0x04, 0x90, 0x01, 0x16, 0x1d, 0x10, 0x52,
  0x24, 0xa0, 0x00, 0x18, 0xb3, 0x04, 0xd9, 0x40, 0x06, 0x20, 0x60, 0x78,
  0x73, 0xf9, 0x47, 0x26, 0x58, 0xf4, 0x75, 0xa8, 0x0d, 0x1a, 0x09, 0x86,
  0x0d, 0x88, 0x60, 0x18, 0x80, 0x59, 0x86, 0x4b, 0x63, 0xc8, 0x1e, 0x80,
  0x31, 0x6c, 0x40, 0xd4, 0x43, 0x30, 0x00, 0x44, 0x0f, 0xc0, 0x18, 0x36,
  0x20, 0xe4, 0x21, 0x18, 0x80, 0x11, 0x03, 0x03, 0x01, 0x41, 0x30, 0xd8,
  0xd6, 0xa4, 0x3f, 0xfa, 0x61, 0xc4, 0xc0, 0x58, 0x42, 0x10, 0x0c, 0x3a,
  0x34, 0x31, 0x93, 0x32, 0x99, 0x25, 0xe0, 0x46, 0x0c, 0x8c, 0x25, 0x04,
  0xc1, 0xa0, 0x43, 0x13, 0x33, 0x29, 0x93, 0xb3, 0x85, 0x1f, 0x81, 0xe1,
  0x86, 0xe0, 0x24, 0xc8, 0x60, 0x96, 0xc1, 0x28, 0x82, 0x81, 0x8a, 0x04,
  0x94, 0xb4, 0x3b, 0x00, 0x83, 0x11, 0x03, 0x03, 0x01, 0x41, 0x30, 0xd8,
  0xd8, 0x04, 0x44, 0xfa, 0x21, 0x03, 0x2c, 0x66, 0x09, 0xba, 0x81, 0x8a,
  0x84, 0x94, 0xb8, 0xa7, 0xc3, 0xc0, 0x1f, 0x60, 0x20, 0x03, 0x2c, 0x7a,
  0x30, 0xb8, 0x08, 0x11, 0x50, 0x00, 0x8c, 0x2c, 0xb0, 0xe8, 0xeb, 0x10,
  0x1e, 0x61, 0x12, 0x0c, 0x1b, 0x10, 0xc1, 0x30, 0x00, 0x78, 0xc0, 0x09,
  0x0c, 0x0c, 0x37, 0x04, 0x70, 0x02, 0x06, 0xb3, 0x0c, 0x5e, 0x17, 0x74,
  0x62, 0x98, 0x11, 0xc5, 0x1f, 0x28, 0x00, 0x46, 0x27, 0x86, 0x1a, 0x61,
  0xfc, 0x81, 0x02, 0x60, 0xcc, 0x12, 0x7c, 0x03, 0x15, 0x49, 0xf5, 0xf9,
  0x92, 0x97, 0x01, 0x16, 0x7d, 0x1d, 0xd4, 0x43, 0x4d, 0x02, 0x0a, 0x80,
  0xd1, 0x53, 0xc2, 0x3d, 0xd8, 0x64, 0x60, 0x13, 0x0a, 0x80, 0x31, 0x62,
  0x80, 0x30, 0x21, 0x08, 0x16, 0xfe, 0x41, 0x85, 0xca, 0x90, 0x04, 0xc3,
  0x06, 0xc4, 0x10, 0x0c, 0x40, 0x4f, 0x89, 0xf8, 0x78, 0x13, 0x63, 0x46,
  0x28, 0x00, 0xc6, 0x88, 0x01, 0xc2, 0x84, 0x20, 0x58, 0xf8, 0x07, 0x45,
  0x2a, 0x86, 0x12, 0x0c, 0x1b, 0x10, 0x43, 0x30, 0x00, 0xa8, 0x80, 0x0a,
  0x0c, 0x0c, 0x37, 0x04, 0xa0, 0x02, 0x06, 0xb3, 0x0c, 0x60, 0xf0, 0x05,
  0x23, 0x06, 0x06, 0x02, 0x82, 0x60, 0xb0, 0xa1, 0x8a, 0x8e, 0xdc, 0x04,
  0x6e, 0xa2, 0x02, 0x03, 0xc3, 0x0d, 0x41, 0x9f, 0x80, 0xc1, 0x2c, 0xc3,
  0xc6, 0x05, 0x23, 0x06, 0x06, 0x02, 0x82, 0x60, 0xb0, 0xa9, 0xca, 0x8e,
  0x84, 0xc5, 0x88, 0x81, 0x81, 0x80, 0x20, 0x18, 0x6c, 0xaa, 0x92, 0x23,
  0x68, 0x31, 0x62, 0x60, 0x20, 0x20, 0x08, 0x06, 0x9b, 0xaa, 0xf0, 0x48,
  0x5a, 0x8c, 0x18, 0x18, 0x08, 0x08, 0x82, 0xc1, 0xa6, 0x2a, 0x3c, 0xa2,
  0x16, 0x23, 0x06, 0x06, 0x02, 0x82, 0x60, 0xb0, 0xa9, 0x0a, 0x8f, 0xac,
  0x85, 0x0e, 0x54, 0x24, 0xfa, 0x54, 0xf4, 0x02, 0x1d, 0x20, 0x3e, 0x04,
  0x30, 0x30, 0xdc, 0x10, 0xd0, 0x05, 0x19, 0xcc, 0x32, 0x8c, 0x01, 0x1d,
  0x04, 0x27, 0xa4, 0x47, 0xdd, 0xa0, 0x1e, 0x73, 0x41, 0x7a, 0xd4, 0x09,
  0xea, 0x31, 0x47, 0x8c, 0x86, 0xdc, 0x00, 0x1a, 0x72, 0x81, 0x00, 0x47,
  0xf8, 0x85, 0x9c, 0x10, 0x40, 0x32, 0x58, 0xcc, 0x12, 0x90, 0xc1, 0x40,
  0xc5, 0xc7, 0x43, 0x63, 0xe0, 0x43, 0x73, 0x30, 0x50, 0x91, 0xd8, 0xd4,
  0x18, 0x90, 0xd5, 0x1c, 0x60, 0x80, 0x12, 0x30, 0x30, 0xdc, 0x10, 0x88,
  0x08, 0x19, 0xcc, 0x32, 0x94, 0xc1, 0x1c, 0x04, 0x39, 0x60, 0xd1, 0x53,
  0x42, 0x45, 0x50, 0xc5, 0x08, 0x28, 0x00, 0xc6, 0x2c, 0x83, 0x19, 0xa8,
  0x81, 0x4a, 0x0c, 0x47, 0x04, 0x34, 0x22, 0xf8, 0xc7, 0x2c, 0x03, 0x1c,
  0x9c, 0x41, 0x30, 0xcb, 0x90, 0x06, 0x68, 0xb0, 0x1b, 0x69, 0x60, 0xd1,
  0x01, 0x61, 0x54, 0x02, 0x0a, 0x80, 0x31, 0x4b, 0x90, 0x06, 0x03, 0x19,
  0x80, 0x80, 0x06, 0x70, 0x74, 0x06, 0xfe, 0x81, 0x81, 0x21, 0xfe, 0xb3,
  0x04, 0x70, 0x30, 0xcb, 0xc0, 0x06, 0x6b, 0x00, 0x1e, 0xb9, 0x60, 0xd1,
  0x01, 0x01, 0x55, 0x02, 0x0a, 0x80, 0x31, 0x4b, 0xc0, 0x06, 0x03, 0x19,
  0x80, 0xb0, 0x06, 0x7a, 0xa4, 0x06, 0xfe, 0x81, 0xc1, 0x02, 0xfe, 0xc3,
  0x24, 0x89, 0xaa, 0xc0, 0x41, 0xd3, 0x06, 0x8c, 0x1b, 0x54, 0x6f, 0x30,
  0x62, 0x70, 0x30, 0x21, 0x08, 0x16, 0xfe, 0x61, 0xa9, 0x4b, 0xf0, 0x23,
  0xb3, 0x04, 0x70, 0x30, 0x62, 0x80, 0x30, 0x21, 0x08, 0x16, 0xfe, 0x41,
  0xb1, 0x8b, 0x00, 0x26, 0x3e, 0x32, 0x4b, 0x00, 0x07, 0x36, 0x80, 0xff,
  0x88, 0x81, 0xc1, 0x84, 0x20, 0x58, 0xf8, 0x87, 0xf4, 0x2e, 0x01, 0x06,
  0x62, 0x02, 0xfe, 0x38, 0x26, 0x01, 0xf9, 0xcf, 0x12, 0xc0, 0xc1, 0x40,
  0x0d, 0xc0, 0xb4, 0x81, 0xe2, 0x06, 0xc2, 0x1b, 0x60, 0x69, 0x40, 0x06,
  0x66, 0xe0, 0xb0, 0xc1, 0x5d, 0xe6, 0x21, 0x17, 0x70, 0x90, 0x01, 0x16,
  0xb3, 0x0c, 0x71, 0x20, 0x07, 0xf0, 0xd1, 0x01, 0xa1, 0x56, 0x02, 0x0a,
  0x80, 0x81, 0x81, 0x01, 0xfe, 0xb3, 0x04, 0x72, 0x30, 0x50, 0x01, 0x08,
  0x71, 0xe0, 0xc0, 0x41, 0x07, 0x84, 0x5d, 0x29, 0x86, 0x0d, 0x88, 0x40,
  0x18, 0x80, 0x59, 0x82, 0x39, 0x98, 0x65, 0x20, 0x03, 0x3a, 0x08, 0x03,
  0x74, 0x03, 0x79, 0x81, 0x81, 0xe1, 0x86, 0x40, 0x5e, 0xc0, 0x60, 0x96,
  0x21, 0x0c, 0xc4, 0x20, 0x08, 0x88, 0x01, 0x00, 0x00, 0x00, 0x5c, 0x00,
  0x00, 0x00, 0x5b, 0x06, 0x24, 0xc8, 0x85, 0x2d, 0x83, 0x12, 0xe4, 0xc2,
  0x96, 0x81, 0x09, 0x72, 0x61, 0xcb, 0xe0, 0x04, 0xb9, 0xb0, 0x65, 0x80,
  0x82, 0x5c, 0xd8, 0x32, 0x48, 0x41, 0x2e, 0x6c, 0x19, 0xa8, 0x20, 0x17,
  0xb6, 0x0c, 0x56, 0x90, 0x0b, 0x5b, 0x06, 0x2c, 0xc8, 0x85, 0x2d, 0x83,
  0x16, 0xe4, 0xc2, 0x96, 0x81, 0x0b, 0x72, 0x61, 0xcb, 0xe0, 0x05, 0xb9,
  0xb0, 0x65, 0x00, 0x83, 0x20, 0x17, 0xb6, 0x0c, 0x62, 0x10, 0xe4, 0xc2,
  0x96, 0x81, 0x0c, 0x82, 0x5c, 0xd8, 0x32, 0x98, 0x41, 0x90, 0x0b, 0x5b,
  0x06, 0x34, 0x08, 0x72, 0x61, 0xcb, 0xa0, 0x06, 0x41, 0x2e, 0x6c, 0x19,
  0xd8, 0x20, 0xc8, 0x85, 0x2d, 0x83, 0x1b, 0x04, 0xb9, 0xb0, 0x65, 0x80,
  0x83, 0x20, 0x17, 0xb6, 0x0c, 0x72, 0x10, 0xe4, 0xc2, 0x96, 0x81, 0x0e,
  0x82, 0x5c, 0xd8, 0x32, 0xf0, 0x41, 0x90, 0x0b, 0x5b, 0x06, 0x50, 0x08,
  0x72, 0x61, 0xcb, 0x40, 0x0a, 0x41, 0x2e, 0x6c, 0x19, 0x50, 0x21, 0xc8,
  0x85, 0x2d, 0x03, 0x48, 0x04, 0xe8, 0xb0, 0x65, 0x30, 0x89, 0x20, 0x17,
  0xb6, 0x0c, 0x2a, 0x11, 0xe4, 0xc2, 0x96, 0xc1, 0x25, 0x82, 0x5c, 0xd8,
  0x32, 0xc4, 0x84, 0xe4, 0x0b, 0x5b, 0x0a, 0xbe, 0x08, 0xd0, 0x81, 0x50,
  0x87, 0x2d, 0x03, 0x68, 0x04, 0xb9, 0xb0, 0x65, 0x18, 0x8d, 0x20, 0x17,
  0xb6, 0x0c, 0xb2, 0x11, 0xe4, 0xc2, 0x96, 0xe1, 0x36, 0x02, 0x76, 0xd8,
  0x32, 0xf8, 0x46, 0xc0, 0x0e, 0x5b, 0x86, 0xf0, 0x90, 0x7e, 0x61, 0xcb,
  0xc0, 0x1f, 0x01, 0x3b, 0x6c, 0x19, 0x42, 0x24, 0x60, 0x87, 0x2d, 0x83,
  0x88, 0x48, 0xe0, 0xb0, 0x65, 0x18, 0x91, 0x80, 0x1d, 0xb6, 0x0c, 0x24,
  0x12, 0xb0, 0xc3, 0x96, 0xa1, 0x44, 0x02, 0x76, 0xd8, 0x32, 0x98, 0x48,
  0xc0, 0x0e, 0x5b, 0x86, 0x16, 0x91, 0xc2, 0x61, 0xcb, 0x60, 0x23, 0x01,
  0x3b, 0x6c, 0x19, 0x72, 0x24, 0x60, 0x87, 0x2d, 0x03, 0x8f, 0x48, 0xe2,
  0xb0, 0x65, 0xf0, 0x91, 0x80, 0x1d, 0xb6, 0x0c, 0x60, 0x12, 0xb0, 0xc3,
  0x96, 0xa1, 0x4c, 0x02, 0x76, 0xd8, 0x32, 0x9c, 0x49, 0xc0, 0x0e, 0x5b,
  0x86, 0x34, 0x09, 0xd8, 0x61, 0xcb, 0xb0, 0x26, 0x01, 0x3b, 0x6c, 0x19,
  0xda, 0x24, 0x60, 0x87, 0x2d, 0x03, 0x9c, 0x48, 0xe3, 0xb0, 0x65, 0xa0,
  0x13, 0x89, 0x1c, 0xb6, 0x0c, 0xb1, 0x12, 0xb0, 0xc3, 0x96, 0x01, 0x57,
  0x02, 0x76, 0xd8, 0x32, 0x80, 0x4b, 0xc0, 0x0e, 0x5b, 0x06, 0x7a, 0x09,
  0xd8, 0x61, 0xcb, 0x90, 0x2f, 0x01, 0x3b, 0x6c, 0x19, 0xf6, 0x45, 0x2a,
  0x87, 0x2d, 0x83, 0xbf, 0x48, 0xe6, 0x00, 0x00, 0x00, 0x00, 0x00, 0x00,
  0x00, 0x00, 0x71, 0x20, 0x00, 0x00, 0x03, 0x00, 0x00, 0x00, 0x32, 0x0e,
  0x10, 0x22, 0x84, 0x02, 0xe2, 0x08, 0x38, 0xe0, 0x9b, 0x00, 0x00, 0x00,
  0x00, 0x00, 0x65, 0x0c, 0x00, 0x00, 0x61, 0x00, 0x00, 0x00, 0x12, 0x03,
  0x94, 0xf8, 0x02, 0x00, 0x00, 0x00, 0x03, 0x00, 0x00, 0x00, 0xc7, 0x01,
  0x00, 0x00, 0x0b, 0x00, 0x00, 0x00, 0x4c, 0x00, 0x00, 0x00, 0x01, 0x00,
  0x00, 0x00, 0x58, 0x00, 0x00, 0x00, 0x00, 0x00, 0x00, 0x00, 0x58, 0x00,
  0x00, 0x00, 0x0c, 0x00, 0x00, 0x00, 0x78, 0x01, 0x00, 0x00, 0x00, 0x00,
  0x00, 0x00, 0xd2, 0x01, 0x00, 0x00, 0x1c, 0x00, 0x00, 0x00, 0xa0, 0x00,
  0x00, 0x00, 0x09, 0x00, 0x00, 0x00, 0x50, 0x00, 0x00, 0x00, 0x00, 0x00,
  0x00, 0x00, 0x78, 0x01, 0x00, 0x00, 0x00, 0x00, 0x00, 0x00, 0x00, 0x00,
  0x00, 0x00, 0x0c, 0x00, 0x00, 0x00, 0x00, 0x00, 0x00, 0x00, 0xa0, 0x00,
  0x00, 0x00, 0x09, 0x00, 0x00, 0x00, 0xa0, 0x00, 0x00, 0x00, 0x09, 0x00,
  0x00, 0x00, 0xff, 0xff, 0xff, 0xff, 0x00, 0x24, 0x00, 0x00, 0xa9, 0x00,
  0x00, 0x00, 0x90, 0x00, 0x00, 0x00, 0xa9, 0x00, 0x00, 0x00, 0x90, 0x00,
  0x00, 0x00, 0xff, 0xff, 0xff, 0xff, 0x00, 0x30, 0x00, 0x00, 0x39, 0x01,
  0x00, 0x00, 0x10, 0x00, 0x00, 0x00, 0x39, 0x01, 0x00, 0x00, 0x10, 0x00,
  0x00, 0x00, 0xff, 0xff, 0xff, 0xff, 0x08, 0x24, 0x00, 0x00, 0x49, 0x01,
  0x00, 0x00, 0x12, 0x00, 0x00, 0x00, 0x49, 0x01, 0x00, 0x00, 0x12, 0x00,
  0x00, 0x00, 0xff, 0xff, 0xff, 0xff, 0x08, 0x24, 0x00, 0x00, 0x5b, 0x01,
  0x00, 0x00, 0x11, 0x00, 0x00, 0x00, 0x5b, 0x01, 0x00, 0x00, 0x11, 0x00,
  0x00, 0x00, 0xff, 0xff, 0xff, 0xff, 0x08, 0x24, 0x00, 0x00, 0x6c, 0x01,
  0x00, 0x00, 0x16, 0x00, 0x00, 0x00, 0x6c, 0x01, 0x00, 0x00, 0x16, 0x00,
  0x00, 0x00, 0xff, 0xff, 0xff, 0xff, 0x08, 0x2c, 0x00, 0x00, 0x82, 0x01,
  0x00, 0x00, 0x0b, 0x00, 0x00, 0x00, 0x82, 0x01, 0x00, 0x00, 0x0b, 0x00,
  0x00, 0x00, 0xff, 0xff, 0xff, 0xff, 0x08, 0x24, 0x00, 0x00, 0x8d, 0x01,
  0x00, 0x00, 0x18, 0x00, 0x00, 0x00, 0x8d, 0x01, 0x00, 0x00, 0x18, 0x00,
  0x00, 0x00, 0xff, 0xff, 0xff, 0xff, 0x08, 0x2c, 0x00, 0x00, 0xa5, 0x01,
  0x00, 0x00, 0x0e, 0x00, 0x00, 0x00, 0xa5, 0x01, 0x00, 0x00, 0x0e, 0x00,
  0x00, 0x00, 0xff, 0xff, 0xff, 0xff, 0x08, 0x24, 0x00, 0x00, 0xb3, 0x01,
  0x00, 0x00, 0x14, 0x00, 0x00, 0x00, 0xb3, 0x01, 0x00, 0x00, 0x14, 0x00,
  0x00, 0x00, 0xff, 0xff, 0xff, 0xff, 0x08, 0x2c, 0x00, 0x00, 0x00, 0x00,
  0x00, 0x00, 0x50, 0x00, 0x00, 0x00, 0x00, 0x00, 0x00, 0x00, 0x50, 0x00,
  0x00, 0x00, 0xff, 0xff, 0xff, 0xff, 0x00, 0x00, 0x00, 0x00, 0x50, 0x00,
  0x00, 0x00, 0x50, 0x00, 0x00, 0x00, 0x50, 0x00, 0x00, 0x00, 0x50, 0x00,
  0x00, 0x00, 0xff, 0xff, 0xff, 0xff, 0x00, 0x00, 0x00, 0x00, 0x00, 0x00,
  0x00, 0x00, 0x5d, 0x0c, 0x00, 0x00, 0x7f, 0x00, 0x00, 0x00, 0x12, 0x03,
  0x94, 0xee, 0x03, 0x00, 0x00, 0x00, 0x5f, 0x5a, 0x5a, 0x39, 0x6e, 0x76,
  0x63, 0x6f, 0x6e, 0x76, 0x34, 0x5f, 0x73, 0x50, 0x55, 0x39, 0x4d, 0x54,
  0x4c, 0x64, 0x65, 0x76, 0x69, 0x63, 0x65, 0x4b, 0x66, 0x53, 0x30, 0x5f,
  0x53, 0x30, 0x5f, 0x50, 0x55, 0x39, 0x4d, 0x54, 0x4c, 0x64, 0x65, 0x76,
  0x69, 0x63, 0x65, 0x66, 0x50, 0x55, 0x31, 0x31, 0x4d, 0x54, 0x4c, 0x63,
  0x6f, 0x6e, 0x73, 0x74, 0x61, 0x6e, 0x74, 0x4b, 0x6a, 0x53, 0x34, 0x5f,
  0x52, 0x53, 0x33, 0x5f, 0x44, 0x76, 0x33, 0x5f, 0x6a, 0x6a, 0x45, 0x32,
  0x41, 0x73, 0x5f, 0x5a, 0x5a, 0x39, 0x6e, 0x76, 0x63, 0x6f, 0x6e, 0x76,
  0x34, 0x5f, 0x73, 0x50, 0x55, 0x39, 0x4d, 0x54, 0x4c, 0x64, 0x65, 0x76,
  0x69, 0x63, 0x65, 0x4b, 0x66, 0x53, 0x30, 0x5f, 0x53, 0x30, 0x5f, 0x50,
  0x55, 0x39, 0x4d, 0x54, 0x4c, 0x64, 0x65, 0x76, 0x69, 0x63, 0x65, 0x66,
  0x50, 0x55, 0x31, 0x31, 0x4d, 0x54, 0x4c, 0x63, 0x6f, 0x6e, 0x73, 0x74,
  0x61, 0x6e, 0x74, 0x4b, 0x6a, 0x53, 0x34, 0x5f, 0x52, 0x53, 0x33, 0x5f,
  0x44, 0x76, 0x33, 0x5f, 0x6a, 0x6a, 0x45, 0x32, 0x42, 0x73, 0x6e, 0x76,
  0x63, 0x6f, 0x6e, 0x76, 0x34, 0x5f, 0x73, 0x5f, 0x5a, 0x4c, 0x31, 0x31,
  0x6e, 0x76, 0x63, 0x6f, 0x6e, 0x76, 0x5f, 0x62, 0x6f, 0x64, 0x79, 0x49,
  0x4c, 0x6a, 0x36, 0x34, 0x45, 0x4c, 0x6a, 0x33, 0x32, 0x45, 0x4c, 0x6a,
  0x34, 0x45, 0x4c, 0x6a, 0x32, 0x45, 0x45, 0x76, 0x50, 0x55, 0x39, 0x4d,
  0x54, 0x4c, 0x64, 0x65, 0x76, 0x69, 0x63, 0x65, 0x4b, 0x66, 0x53, 0x31,
  0x5f, 0x50, 0x55, 0x39, 0x4d, 0x54, 0x4c, 0x64, 0x65, 0x76, 0x69, 0x63,
  0x65, 0x66, 0x53, 0x31, 0x5f, 0x53, 0x31, 0x5f, 0x6a, 0x50, 0x55, 0x31,
  0x31, 0x4d, 0x54, 0x4c, 0x63, 0x6f, 0x6e, 0x73, 0x74, 0x61, 0x6e, 0x74,
  0x4b, 0x6a, 0x53, 0x35, 0x5f, 0x44, 0x76, 0x33, 0x5f, 0x6a, 0x6a, 0x50,
  0x41, 0x70, 0x6c, 0x54, 0x5f, 0x4c, 0x69, 0x34, 0x45, 0x5f, 0x55, 0x31,
  0x34, 0x4d, 0x54, 0x4c, 0x74, 0x68, 0x72, 0x65, 0x61, 0x64, 0x67, 0x72,
  0x6f, 0x75, 0x70, 0x66, 0x50, 0x41, 0x70, 0x6c, 0x54, 0x30, 0x5f, 0x4c,
  0x69, 0x34, 0x45, 0x5f, 0x53, 0x37, 0x5f, 0x61, 0x69, 0x72, 0x2e, 0x66,
  0x61, 0x73, 0x74, 0x5f, 0x65, 0x78, 0x70, 0x2e, 0x66, 0x33, 0x32, 0x61,
  0x69, 0x72, 0x2e, 0x66, 0x61, 0x73, 0x74, 0x5f, 0x63, 0x6c, 0x61, 0x6d,
  0x70, 0x2e, 0x66, 0x33, 0x32, 0x61, 0x69, 0x72, 0x2e, 0x66, 0x61, 0x73,
  0x74, 0x5f, 0x66, 0x6d, 0x61, 0x78, 0x2e, 0x66, 0x33, 0x32, 0x6c, 0x6c,
  0x76, 0x6d, 0x2e, 0x6c, 0x69, 0x66, 0x65, 0x74, 0x69, 0x6d, 0x65, 0x2e,
  0x65, 0x6e, 0x64, 0x2e, 0x70, 0x30, 0x69, 0x38, 0x61, 0x69, 0x72, 0x2e,
  0x66, 0x6d, 0x61, 0x2e, 0x66, 0x33, 0x32, 0x6c, 0x6c, 0x76, 0x6d, 0x2e,
  0x6c, 0x69, 0x66, 0x65, 0x74, 0x69, 0x6d, 0x65, 0x2e, 0x73, 0x74, 0x61,
  0x72, 0x74, 0x2e, 0x70, 0x30, 0x69, 0x38, 0x61, 0x69, 0x72, 0x2e, 0x77,
  0x67, 0x2e, 0x62, 0x61, 0x72, 0x72, 0x69, 0x65, 0x72, 0x6c, 0x6c, 0x76,
  0x6d, 0x2e, 0x6d, 0x65, 0x6d, 0x73, 0x65, 0x74, 0x2e, 0x70, 0x30, 0x69,
  0x38, 0x2e, 0x69, 0x36, 0x34, 0x33, 0x32, 0x30, 0x32, 0x33, 0x2e, 0x39,
  0x31, 0x37, 0x2e, 0x32, 0x61, 0x69, 0x72, 0x36, 0x34, 0x5f, 0x76, 0x32,
  0x37, 0x2d, 0x61, 0x70, 0x70, 0x6c, 0x65, 0x2d, 0x6d, 0x61, 0x63, 0x6f,
  0x73, 0x78, 0x31, 0x35, 0x2e, 0x37, 0x2e, 0x30, 0x00, 0x00, 0x00, 0x00,
  0x00, 0x00, 0x00, 0x00, 0x00, 0x00, 0x00, 0x00, 0x00, 0x00, 0x00, 0x00,
  0x00, 0x00, 0xde, 0xc0, 0x17, 0x0b, 0x00, 0x00, 0x00, 0x00, 0x14, 0x00,
  0x00, 0x00, 0x00, 0x21, 0x00, 0x00, 0xff, 0xff, 0xff, 0xff, 0x42, 0x43,
  0xc0, 0xde, 0x35, 0x14, 0x00, 0x00, 0x03, 0x00, 0x00, 0x00, 0x62, 0x0c,
  0x30, 0x24, 0x80, 0x10, 0x05, 0xc8, 0x14, 0x00, 0x00, 0x00, 0x21, 0x0c,
  0x00, 0x00, 0x52, 0x07, 0x00, 0x00, 0x0b, 0x02, 0x21, 0x00, 0x02, 0x00,
  0x00, 0x00, 0x16, 0x00, 0x00, 0x00, 0x07, 0x81, 0x23, 0x91, 0x41, 0xc8,
  0x04, 0x49, 0x06, 0x10, 0x32, 0x39, 0x92, 0x01, 0x84, 0x0c, 0x25, 0x05,
  0x08, 0x19, 0x1e, 0x04, 0x8b, 0x62, 0x80, 0x18, 0x45, 0x02, 0x42, 0x92,
  0x0b, 0x42, 0xc4, 0x10, 0x32, 0x14, 0x38, 0x08, 0x18, 0x4b, 0x0a, 0x32,
  0x62, 0x88, 0x48, 0x70, 0xc4, 0x21, 0x23, 0x44, 0x12, 0x87, 0x8c, 0x10,
  0x41, 0x92, 0x02, 0x64, 0xc8, 0x08, 0xb1, 0x14, 0x20, 0x43, 0x46, 0x88,
  0x20, 0xc9, 0x01, 0x32, 0x62, 0x84, 0x18, 0x2a, 0x28, 0x2a, 0x90, 0x31,
  0x7c, 0xb0, 0x5c, 0x91, 0x20, 0xc6, 0xc8, 0x00, 0x00, 0x00, 0x89, 0x20,
  0x00, 0x00, 0x2b, 0x00, 0x00, 0x00, 0x32, 0x22, 0x88, 0x09, 0x20, 0x62,
  0x46, 0x00, 0x21, 0x2b, 0x24, 0x98, 0x18, 0x21, 0x25, 0x24, 0x98, 0x18,
  0x19, 0x27, 0x0c, 0x85, 0xa4, 0x90, 0x60, 0x62, 0x64, 0x5c, 0x20, 0x24,
  0x66, 0x82, 0x40, 0x0e, 0x66, 0x00, 0x94, 0x30, 0x00, 0x50, 0x88, 0x60,
  0x10, 0x41, 0x18, 0x94, 0x08, 0x50, 0x08, 0x62, 0x10, 0xa1, 0x18, 0x46,
  0x00, 0x06, 0x11, 0x80, 0x60, 0x8e, 0x00, 0x0c, 0x06, 0x11, 0x12, 0x61,
  0x18, 0x61, 0x48, 0xcc, 0x72, 0x20, 0x08, 0x82, 0x20, 0x8a, 0xa2, 0x2c,
  0x09, 0x31, 0x83, 0x08, 0xc1, 0x30, 0x88, 0x40, 0x0c, 0xa6, 0x39, 0x10,
  0x04, 0x41, 0x90, 0x44, 0x51, 0x96, 0xc4, 0x79, 0x08, 0x32, 0x02, 0x00,
  0x90, 0x64, 0x08, 0x00, 0x00, 0x00, 0xa2, 0xcc, 0x00, 0x00, 0x00, 0x59,
  0x73, 0x04, 0xa0, 0x30, 0x47, 0x80, 0x50, 0x66, 0x86, 0x03, 0xd3, 0x68,
  0x33, 0xc3, 0x91, 0x24, 0xd4, 0xcd, 0x11, 0x04, 0xa6, 0x38, 0xb4, 0x0c,
  0xfb, 0x08, 0x1c, 0x08, 0x50, 0x81, 0x44, 0x11, 0x12, 0x22, 0x15, 0x21,
  0x23, 0x53, 0x09, 0x00, 0x45, 0x40, 0x29, 0x25, 0x54, 0x11, 0x00, 0x62,
  0xa7, 0x00, 0x28, 0x19, 0x44, 0x00, 0x06, 0x02, 0x00, 0x00, 0x51, 0x18,
  0x00, 0x00, 0x51, 0x01, 0x00, 0x00, 0x1b, 0xe4, 0x23, 0xf8, 0xff, 0xff,
  0xff, 0xff, 0x01, 0x58, 0x03, 0xc0, 0x14, 0x00, 0x89, 0x08, 0x07, 0x78,
  0x80, 0x07, 0x79, 0x78, 0x07, 0x7c, 0x68, 0x03, 0x73, 0xa8, 0x07, 0x77,
  0x18, 0x87, 0x36, 0x30, 0x07, 0x78, 0x68, 0x83, 0x76, 0x08, 0x07, 0x7a,
  0x40, 0x07, 0x80, 0x1e, 0xe4, 0xa1, 0x1e, 0xca, 0x01, 0x20, 0xcc, 0x41,
  0x1e, 0xc2, 0xa1, 0x1d, 0xca, 0xa1, 0x0d, 0xe0, 0xe1, 0x1d, 0xd2, 0xc1,
  0x1d, 0xe8, 0xa1, 0x1c, 0xe4, 0x01, 0x08, 0x07, 0x76, 0x60, 0x07, 0x80,
  0x68, 0x87, 0x74, 0x70, 0x87, 0x36, 0x60, 0x87, 0x72, 0x38, 0x87, 0x70,
  0x60, 0x87, 0x36, 0xb0, 0x87, 0x72, 0x18, 0x07, 0x7a, 0x78, 0x07, 0x79,
  0x68, 0x83, 0x7b, 0x48, 0x07, 0x72, 0xa0, 0x07, 0x74, 0x00, 0xf2, 0xc0,
  0x0e, 0x80, 0xc1, 0x1d, 0xde, 0xa1, 0x0d, 0xc4, 0xa1, 0x1e, 0xd2, 0x81,
  0x1d, 0xe8, 0x21, 0x1d, 0xdc, 0x61, 0x1e, 0x00, 0xc2, 0x1d, 0xde, 0xa1,
  0x0d, 0xd2, 0xc1, 0x1d, 0xcc, 0x61, 0x1e, 0xda, 0xc0, 0x1c, 0xe0, 0xa1,
  0x0d, 0xda, 0x21, 0x1c, 0xe8, 0x01, 0x1d, 0x00, 0x7a, 0x90, 0x87, 0x7a,
  0x28, 0x07, 0x80, 0x70, 0x87, 0x77, 0x68, 0x03, 0x77, 0x08, 0x07, 0x77,
  0x98, 0x87, 0x36, 0x30, 0x07, 0x78, 0x68, 0x83, 0x76, 0x08, 0x07, 0x7a,
  0x40, 0x07, 0x80, 0x1e, 0xe4, 0xa1, 0x1e, 0xca, 0x01, 0x20, 0xdc, 0xe1,
  0x1d, 0xda, 0x60, 0x1e, 0xd2, 0xe1, 0x1c, 0xdc, 0xa1, 0x1c, 0xc8, 0xa1,
  0x0d, 0xf4, 0xa1, 0x1c, 0xe4, 0xe1, 0x1d, 0xe6, 0xa1, 0x0d, 0xcc, 0x01,
  0x1e, 0xda, 0xa0, 0x1d, 0xc2, 0x81, 0x1e, 0xd0, 0x01, 0xa0, 0x07, 0x79,
  0xa8, 0x87, 0x72, 0x00, 0x08, 0x77, 0x78, 0x87, 0x36, 0xa0, 0x07, 0x79,
  0x08, 0x07, 0x78, 0x80, 0x87, 0x74, 0x70, 0x87, 0x73, 0x68, 0x83, 0x76,
  0x08, 0x07, 0x7a, 0x40, 0x07, 0x80, 0x1e, 0xe4, 0xa1, 0x1e, 0xca, 0x01,
  0x20, 0xe6, 0x81, 0x1e, 0xc2, 0x61, 0x1c, 0xd6, 0xa1, 0x0d, 0xe0, 0x41,
  0x1e, 0xde, 0x81, 0x1e, 0xca, 0x61, 0x1c, 0xe8, 0xe1, 0x1d, 0xe4, 0xa1,
  0x0d, 0xc4, 0xa1, 0x1e, 0xcc, 0xc1, 0x1c, 0xca, 0x41, 0x1e, 0xda, 0x60,
  0x1e, 0xd2, 0x41, 0x1f, 0xca, 0x01, 0xc0, 0x03, 0x80, 0xa8, 0x07, 0x77,
  0x98, 0x87, 0x70, 0x30, 0x87, 0x72, 0x68, 0x03, 0x73, 0x80, 0x87, 0x36,
  0x68, 0x87, 0x70, 0xa0, 0x07, 0x74, 0x00, 0xe8, 0x41, 0x1e, 0xea, 0xa1,
  0x1c, 0x80, 0x0d, 0x9d, 0x10, 0x00, 0x0b, 0x40, 0x0a, 0x40, 0x35, 0x84,
  0x43, 0x3a, 0xc8, 0x43, 0x1b, 0x88, 0x43, 0x3d, 0x98, 0x83, 0x39, 0x94,
  0x83, 0x3c, 0xb4, 0x81, 0x3b, 0xbc, 0x43, 0x1b, 0x84, 0x03, 0x3b, 0xa4,
  0x43, 0x38, 0xcc, 0x03, 0xb0, 0xa1, 0x1b, 0x04, 0x60, 0x01, 0x48, 0x01,
  0xa8, 0x86, 0x70, 0x48, 0x07, 0x79, 0x68, 0x03, 0x71, 0xa8, 0x07, 0x73,
  0x30, 0x87, 0x72, 0x90, 0x87, 0x36, 0x70, 0x87, 0x77, 0x68, 0x83, 0x70,
  0x60, 0x87, 0x74, 0x08, 0x87, 0x79, 0x00, 0x36, 0x64, 0xc4, 0x00, 0x90,
  0xc2, 0x10, 0x0e, 0xe9, 0x20, 0x0f, 0x6d, 0x20, 0x0e, 0xf5, 0x60, 0x0e,
  0xe6, 0x50, 0x0e, 0xf2, 0xd0, 0x06, 0xee, 0xf0, 0x0e, 0x6d, 0x10, 0x0e,
  0xec, 0x90, 0x0e, 0xe1, 0x30, 0x0f, 0xc0, 0x86, 0xac, 0x20, 0x00, 0x52,
  0x18, 0xc2, 0x21, 0x1d, 0xe4, 0xa1, 0x0d, 0xc4, 0xa1, 0x1e, 0xcc, 0xc1,
  0x1c, 0xca, 0x41, 0x1e, 0xda, 0xc0, 0x1d, 0xde, 0xa1, 0x0d, 0xc2, 0x81,
  0x1d, 0xd2, 0x21, 0x1c, 0xe6, 0x01, 0xd8, 0xd0, 0x19, 0x05, 0xb0, 0x00,
  0xa4, 0x00, 0xd0, 0xc1, 0x10, 0x0e, 0xe9, 0x20, 0x0f, 0x6d, 0x20, 0x0e,
  0xf5, 0x60, 0x0e, 0xe6, 0x50, 0x0e, 0xf2, 0xd0, 0x06, 0xee, 0xf0, 0x0e,
  0x6d, 0x10, 0x0e, 0xec, 0x90, 0x0e, 0xe1, 0x30, 0x0f, 0xc0, 0x86, 0xee,
  0x30, 0x80, 0x05, 0x20, 0x05, 0xa0, 0x1a, 0xc2, 0x21, 0x1d, 0xe4, 0xa1,
  0x0d, 0xc4, 0xa1, 0x1e, 0xcc, 0xc1, 0x1c, 0xca, 0x41, 0x1e, 0xda, 0xc0,
  0x1d, 0xde, 0xa1, 0x0d, 0xc2, 0x81, 0x1d, 0xd2, 0x21, 0x1c, 0xe6, 0x01,
  0xd8, 0xd0, 0x21, 0x07, 0xb0, 0x00, 0xa4, 0x00, 0x54, 0x43, 0x38, 0xa4,
  0x83, 0x3c, 0xb4, 0x81, 0x38, 0xd4, 0x83, 0x39, 0x98, 0x43, 0x39, 0xc8,
  0x43, 0x1b, 0xb8, 0xc3, 0x3b, 0xb4, 0x41, 0x38, 0xb0, 0x43, 0x3a, 0x84,
  0xc3, 0x3c, 0x00, 0x1b, 0xc6, 0x20, 0x41, 0x80, 0x05, 0x20, 0x05, 0xa0,
  0x0a, 0x02, 0x22, 0x48, 0x03, 0x62, 0x08, 0x87, 0x74, 0x90, 0x87, 0x36,
  0x10, 0x87, 0x7a, 0x30, 0x07, 0x73, 0x28, 0x07, 0x79, 0x68, 0x03, 0x77,
  0x78, 0x87, 0x36, 0x08, 0x07, 0x76, 0x48, 0x87, 0x70, 0x98, 0x07, 0x60,
  0x03, 0xa1, 0x24, 0x00, 0x29, 0x6c, 0x20, 0x16, 0x05, 0x20, 0x85, 0x0d,
  0xf4, 0xc1, 0xfc, 0xff, 0xff, 0xff, 0xff, 0x00, 0xac, 0x01, 0x40, 0x00,
  0xa6, 0x00, 0x48, 0x44, 0x38, 0xc0, 0x03, 0x3c, 0xc8, 0xc3, 0x3b, 0xe0,
  0x43, 0x1b, 0x98, 0x43, 0x3d, 0xb8, 0xc3, 0x38, 0xb4, 0x81, 0x39, 0xc0,
  0x43, 0x1b, 0xb4, 0x43, 0x38, 0xd0, 0x03, 0x3a, 0x00, 0xf4, 0x20, 0x0f,
  0xf5, 0x50, 0x0e, 0x00, 0x61, 0x0e, 0xf2, 0x10, 0x0e, 0xed, 0x50, 0x0e,
  0x6d, 0x00, 0x0f, 0xef, 0x90, 0x0e, 0xee, 0x40, 0x0f, 0xe5, 0x20, 0x0f,
  0x40, 0x38, 0xb0, 0x03, 0x3b, 0x00, 0x44, 0x3b, 0xa4, 0x83, 0x3b, 0xb4,
  0x01, 0x3b, 0x94, 0xc3, 0x39, 0x84, 0x03, 0x3b, 0xb4, 0x81, 0x3d, 0x94,
  0xc3, 0x38, 0xd0, 0xc3, 0x3b, 0xc8, 0x43, 0x1b, 0xdc, 0x43, 0x3a, 0x90,
  0x03, 0x3d, 0xa0, 0x03, 0x90, 0x07, 0x76, 0x00, 0x0c, 0xee, 0xf0, 0x0e,
  0x6d, 0x20, 0x0e, 0xf5, 0x90, 0x0e, 0xec, 0x40, 0x0f, 0xe9, 0xe0, 0x0e,
  0xf3, 0x00, 0x10, 0xee, 0xf0, 0x0e, 0x6d, 0x90, 0x0e, 0xee, 0x60, 0x0e,
  0xf3, 0xd0, 0x06, 0xe6, 0x00, 0x0f, 0x6d, 0xd0, 0x0e, 0xe1, 0x40, 0x0f,
  0xe8, 0x00, 0xd0, 0x83, 0x3c, 0xd4, 0x43, 0x39, 0x00, 0x84, 0x3b, 0xbc,
  0x43, 0x1b, 0xb8, 0x43, 0x38, 0xb8, 0xc3, 0x3c, 0xb4, 0x81, 0x39, 0xc0,
  0x43, 0x1b, 0xb4, 0x43, 0x38, 0xd0, 0x03, 0x3a, 0x00, 0xf4, 0x20, 0x0f,
  0xf5, 0x50, 0x0e, 0x00, 0xe1, 0x0e, 0xef, 0xd0, 0x06, 0xf3, 0x90, 0x0e,
  0xe7, 0xe0, 0x0e, 0xe5, 0x40, 0x0e, 0x6d, 0xa0, 0x0f, 0xe5, 0x20, 0x0f,
  0xef, 0x30, 0x0f, 0x6d, 0x60, 0x0e, 0xf0, 0xd0, 0x06, 0xed, 0x10, 0x0e,
  0xf4, 0x80, 0x0e, 0x00, 0x3d, 0xc8, 0x43, 0x3d, 0x94, 0x03, 0x40, 0xb8,
  0xc3, 0x3b, 0xb4, 0x01, 0x3d, 0xc8, 0x43, 0x38, 0xc0, 0x03, 0x3c, 0xa4,
  0x83, 0x3b, 0x9c, 0x43, 0x1b, 0xb4, 0x43, 0x38, 0xd0, 0x03, 0x3a, 0x00,
  0xf4, 0x20, 0x0f, 0xf5, 0x50, 0x0e, 0x00, 0x31, 0x0f, 0xf4, 0x10, 0x0e,
  0xe3, 0xb0, 0x0e, 0x6d, 0x00, 0x0f, 0xf2, 0xf0, 0x0e, 0xf4, 0x50, 0x0e,
  0xe3, 0x40, 0x0f, 0xef, 0x20, 0x0f, 0x6d, 0x20, 0x0e, 0xf5, 0x60, 0x0e,
  0xe6, 0x50, 0x0e, 0xf2, 0xd0, 0x06, 0xf3, 0x90, 0x0e, 0xfa, 0x50, 0x0e,
  0x00, 0x1e, 0x00, 0x44, 0x3d, 0xb8, 0xc3, 0x3c, 0x84, 0x83, 0x39, 0x94,
  0x43, 0x1b, 0x98, 0x03, 0x3c, 0xb4, 0x41, 0x3b, 0x84, 0x03, 0x3d, 0xa0,
  0x03, 0x40, 0x0f, 0xf2, 0x50, 0x0f, 0xe5, 0x00, 0x6c, 0x40, 0x9a, 0x00,
  0x58, 0x00, 0x52, 0x00, 0xaa, 0x0d, 0x88, 0x23, 0x00, 0x0b, 0x40, 0x0a,
  0x40, 0xb5, 0x01, 0x79, 0x06, 0x60, 0x01, 0x48, 0x01, 0xa0, 0x83, 0x0d,
  0x06, 0x44, 0x00, 0xa4, 0x00, 0x54, 0x1b, 0x8c, 0xa8, 0x00, 0x48, 0x01,
  0xa8, 0x36, 0x10, 0x92, 0x01, 0x90, 0xc2, 0x06, 0x64, 0x3a, 0x80, 0x05,
  0x20, 0x05, 0xa0, 0xda, 0x80, 0x50, 0x08, 0xb0, 0x00, 0xa4, 0x00, 0x54,
  0x1b, 0x8c, 0x6a, 0x01, 0x16, 0x80, 0x14, 0x36, 0x18, 0x16, 0x03, 0x2c,
  0x00, 0x29, 0x6c, 0x70, 0xae, 0xff, 0xff, 0xff, 0xff, 0x1f, 0x00, 0x53,
  0x00, 0xfc, 0x00, 0xf8, 0x03, 0x40, 0x02, 0x28, 0xa0, 0x0f, 0x36, 0x38,
  0xd8, 0xff, 0xff, 0xff, 0xff, 0x0f, 0x40, 0x1b, 0x00, 0xa7, 0x00, 0xf8,
  0x01, 0xf0, 0x07, 0x80, 0x04, 0xf4, 0xc1, 0x06, 0x22, 0x0b, 0x00, 0x3e,
  0xd8, 0x40, 0x68, 0x02, 0xb0, 0x6c, 0x50, 0xb6, 0xff, 0xff, 0xff, 0xff,
  0x1f, 0x80, 0x35, 0x00, 0x4c, 0x01, 0x90, 0x80, 0x3e, 0xd8, 0xc0, 0x70,
  0xff, 0xff, 0xff, 0xff, 0x3f, 0x00, 0x6d, 0x00, 0xf8, 0x01, 0x20, 0x01,
  0x7d, 0x00, 0xd0, 0xc1, 0x06, 0xa3, 0x0b, 0x80, 0x05, 0xa0, 0x83, 0x0d,
  0x84, 0x47, 0x00, 0x7c, 0xb0, 0x61, 0xfa, 0xfe, 0xff, 0xff, 0xff, 0x7f,
  0x00, 0xd6, 0x00, 0x50, 0x06, 0x77, 0x78, 0x87, 0x36, 0x10, 0x87, 0x7a,
  0x48, 0x07, 0x76, 0xa0, 0x87, 0x74, 0x70, 0x87, 0x79, 0x00, 0x36, 0x10,
  0x60, 0x10, 0x00, 0xa4, 0xb0, 0x81, 0x08, 0x03, 0x01, 0x20, 0x85, 0x0d,
  0x84, 0x18, 0x0c, 0x00, 0x29, 0x6c, 0x20, 0xc6, 0x80, 0x00, 0x48, 0x61,
  0x03, 0x41, 0x06, 0x05, 0x40, 0x0a, 0x1b, 0x88, 0x32, 0x38, 0x00, 0x52,
  0xd8, 0x40, 0x98, 0x01, 0x02, 0x90, 0xc2, 0x06, 0xe2, 0x0c, 0x16, 0x80,
  0x14, 0x36, 0x10, 0x68, 0xc0, 0x00, 0xa4, 0xb0, 0x81, 0x48, 0x83, 0xff,
  0xff, 0xff, 0xff, 0x1f, 0x00, 0x69, 0x03, 0xa1, 0x06, 0x02, 0x70, 0x06,
  0x1b, 0x98, 0x35, 0x08, 0x00, 0x52, 0x00, 0xce, 0x20, 0x08, 0x88, 0x20,
  0x0d, 0x40, 0x62, 0x03, 0xc3, 0x06, 0x01, 0x40, 0x0a, 0xc0, 0x19, 0x04,
  0x01, 0x11, 0xa4, 0x01, 0xb4, 0x01, 0x69, 0x83, 0xff, 0xff, 0xff, 0xff,
  0x1f, 0x80, 0x35, 0x00, 0x24, 0xa0, 0x0f, 0x36, 0x20, 0x6e, 0xf0, 0xff,
  0xff, 0xff, 0xff, 0x03, 0x20, 0x01, 0x14, 0xd0, 0x07, 0x00, 0x49, 0x18,
  0x00, 0x00, 0x13, 0x00, 0x00, 0x00, 0x13, 0x96, 0x40, 0x18, 0x88, 0xc2,
  0x38, 0x90, 0x44, 0x59, 0x26, 0x34, 0x4c, 0xe3, 0x3c, 0x50, 0x24, 0x4d,
  0x94, 0xb2, 0x54, 0xd6, 0x84, 0xe0, 0x9a, 0x30, 0x60, 0x99, 0x36, 0x21,
  0xd8, 0x26, 0x0c, 0x5c, 0xe7, 0x4d, 0x68, 0x3e, 0x30, 0x08, 0x03, 0x31,
  0x18, 0x03, 0x32, 0x90, 0xca, 0xc0, 0x0c, 0x94, 0xe5, 0x0c, 0xd0, 0x60,
  0x82, 0x90, 0x06, 0x6a, 0x30, 0x21, 0x58, 0x83, 0x09, 0x01, 0x1b, 0x4c,
  0x08, 0xda, 0x60, 0x42, 0xe0, 0x06, 0x00, 0x00, 0x00, 0x00, 0x13, 0xb8,
  0x70, 0x48, 0x07, 0x79, 0xb0, 0x03, 0x3a, 0xf8, 0x05, 0x7b, 0x90, 0x83,
  0x3b, 0x68, 0x83, 0x70, 0x80, 0x07, 0x78, 0x60, 0x87, 0x72, 0x68, 0x83,
  0x76, 0x08, 0x87, 0x71, 0x78, 0x87, 0x79, 0xc0, 0x87, 0x38, 0xa8, 0x03,
  0x37, 0xb8, 0x03, 0x37, 0x80, 0x83, 0x0d, 0xb7, 0x51, 0x0e, 0x6d, 0x00,
  0x0f, 0x7a, 0x60, 0x07, 0x74, 0xa0, 0x07, 0x76, 0x40, 0x07, 0x7a, 0x60,
  0x07, 0x74, 0xd0, 0x06, 0xe9, 0x10, 0x07, 0x7a, 0x80, 0x07, 0x7a, 0x80,
  0x07, 0x6d, 0x90, 0x0e, 0x78, 0xa0, 0x07, 0x78, 0xa0, 0x07, 0x78, 0xd0,
  0x06, 0xe9, 0x10, 0x07, 0x76, 0xa0, 0x07, 0x71, 0x60, 0x07, 0x7a, 0x10,
  0x07, 0x76, 0xd0, 0x06, 0xe9, 0x30, 0x07, 0x72, 0xa0, 0x07, 0x73, 0x20,
  0x07, 0x7a, 0x30, 0x07, 0x72, 0xd0, 0x06, 0xe9, 0x60, 0x07, 0x74, 0xa0,
  0x07, 0x76, 0x40, 0x07, 0x7a, 0x60, 0x07, 0x74, 0xd0, 0x06, 0xe6, 0x30,
  0x07, 0x72, 0xa0, 0x07, 0x73, 0x20, 0x07, 0x7a, 0x30, 0x07, 0x72, 0xd0,
  0x06, 0xe6, 0x60, 0x07, 0x74, 0xa0, 0x07, 0x76, 0x40, 0x07, 0x7a, 0x60,
  0x07, 0x74, 0xd0, 0x06, 0xf6, 0x10, 0x07, 0x76, 0xa0, 0x07, 0x71, 0x60,
  0x07, 0x7a, 0x10, 0x07, 0x76, 0xd0, 0x06, 0xf6, 0x20, 0x07, 0x74, 0xa0,
  0x07, 0x73, 0x20, 0x07, 0x7a, 0x30, 0x07, 0x72, 0xd0, 0x06, 0xf6, 0x30,
  0x07, 0x72, 0xa0, 0x07, 0x73, 0x20, 0x07, 0x7a, 0x30, 0x07, 0x72, 0xd0,
  0x06, 0xf6, 0x40, 0x07, 0x78, 0xa0, 0x07, 0x76, 0x40, 0x07, 0x7a, 0x60,
  0x07, 0x74, 0xd0, 0x06, 0xf6, 0x60, 0x07, 0x74, 0xa0, 0x07, 0x76, 0x40,
  0x07, 0x7a, 0x60, 0x07, 0x74, 0xd0, 0x06, 0xf6, 0x90, 0x07, 0x76, 0xa0,
  0x07, 0x71, 0x20, 0x07, 0x78, 0xa0, 0x07, 0x71, 0x20, 0x07, 0x78, 0xd0,
  0x06, 0xf6, 0x10, 0x07, 0x72, 0x80, 0x07, 0x7a, 0x10, 0x07, 0x72, 0x80,
  0x07, 0x7a, 0x10, 0x07, 0x72, 0x80, 0x07, 0x6d, 0x60, 0x0f, 0x71, 0x90,
  0x07, 0x72, 0xa0, 0x07, 0x72, 0x50, 0x07, 0x76, 0xa0, 0x07, 0x72, 0x50,
  0x07, 0x76, 0xd0, 0x06, 0xf6, 0x20, 0x07, 0x75, 0x60, 0x07, 0x7a, 0x20,
  0x07, 0x75, 0x60, 0x07, 0x7a, 0x20, 0x07, 0x75, 0x60, 0x07, 0x6d, 0x60,
  0x0f, 0x75, 0x10, 0x07, 0x72, 0xa0, 0x07, 0x75, 0x10, 0x07, 0x72, 0xa0,
  0x07, 0x75, 0x10, 0x07, 0x72, 0xd0, 0x06, 0xf6, 0x10, 0x07, 0x70, 0x20,
  0x07, 0x74, 0xa0, 0x07, 0x71, 0x00, 0x07, 0x72, 0x40, 0x07, 0x7a, 0x10,
  0x07, 0x70, 0x20, 0x07, 0x74, 0xd0, 0x06, 0xee, 0x80, 0x07, 0x7a, 0x10,
  0x07, 0x76, 0xa0, 0x07, 0x73, 0x20, 0x07, 0x4a, 0x0f, 0x08, 0x11, 0x92,
  0x41, 0x86, 0x8c, 0x14, 0x11, 0x01, 0x34, 0x42, 0x18, 0x36, 0x69, 0x2a,
  0xc1, 0x69, 0xaa, 0xfc, 0x0f, 0x76, 0x48, 0xc0, 0x2c, 0x08, 0x0e, 0x18,
  0x0c, 0x03, 0x00, 0x00, 0x00, 0x00, 0x00, 0x40, 0x30, 0x0b, 0xc0, 0x0e,
  0x69, 0x16, 0x66, 0xa1, 0x70, 0xc2, 0x60, 0x18, 0x00, 0x00, 0x00, 0x00,
  0x00, 0x00, 0x82, 0x59, 0x00, 0x86, 0x54, 0x66, 0x91, 0x30, 0x00, 0x00,
  0x04, 0x00, 0x00, 0x00, 0x02, 0x00, 0x00, 0x00, 0x00, 0x00, 0xb3, 0x00,
  0x0c, 0xa9, 0xde, 0x22, 0x26, 0x20, 0x04, 0x18, 0x04, 0x00, 0x00, 0x80,
  0x00, 0x00, 0x00, 0x00, 0x08, 0x80, 0x59, 0x00, 0x86, 0x54, 0xa0, 0x02,
  0x49, 0x40, 0x00, 0x0c, 0x00, 0x00, 0x00, 0x02, 0x00, 0x00, 0x00, 0x00,
  0x00, 0xb3, 0x00, 0x0c, 0xa9, 0x60, 0x45, 0xa2, 0x80, 0x00, 0x18, 0x00,
  0x00, 0x00, 0x04, 0x00, 0x00, 0x00, 0x00, 0x00, 0x66, 0x01, 0x18, 0x52,
  0x89, 0x4b, 0x64, 0x01, 0x01, 0x30, 0x00, 0x00, 0x00, 0x08, 0x00, 0x00,
  0x00, 0x00, 0x00, 0xcc, 0x02, 0x30, 0xa4, 0x9a, 0x17, 0x6b, 0x03, 0x02,
  0x80, 0x00, 0x00, 0x00, 0x00, 0x00, 0x00, 0x00, 0x00, 0x00, 0x98, 0x05,
  0x60, 0x48, 0x95, 0x32, 0x0b, 0x05, 0x04, 0xc0, 0x00, 0x00, 0x00, 0x20,
  0x00, 0x00, 0x00, 0x00, 0x00, 0x30, 0x0b, 0xc0, 0x90, 0x8a, 0x66, 0xb0,
  0x0d, 0x08, 0x00, 0x02, 0x00, 0x00, 0x00, 0x00, 0x00, 0x00, 0x00, 0x00,
  0x60, 0x16, 0x80, 0x21, 0x15, 0xdb, 0x38, 0x1d, 0x10, 0x00, 0x05, 0x00,
  0x00, 0x80, 0x00, 0x00, 0x00, 0x00, 0x00, 0xc0, 0x2c, 0x00, 0x43, 0x2a,
  0xbd, 0xa1, 0xc0, 0x00, 0x08, 0x00, 0x03, 0x00, 0x00, 0x00, 0x00, 0x00,
  0x00, 0x00, 0x00, 0x60, 0x16, 0x00, 0x89, 0x0d, 0x02, 0x85, 0xa9, 0x0e,
  0x00, 0x00, 0xb2, 0x40, 0x00, 0x00, 0x10, 0x00, 0x00, 0x00, 0x32, 0x1e,
  0x98, 0x18, 0x19, 0x11, 0x4c, 0x90, 0x8c, 0x09, 0x26, 0x47, 0xc6, 0x04,
  0x43, 0x4a, 0x8a, 0xa0, 0x04, 0x0a, 0xa1, 0x1c, 0xca, 0xa7, 0x00, 0x05,
  0x0a, 0xa2, 0x40, 0x46, 0x00, 0xca, 0xa0, 0x14, 0xca, 0xa5, 0x18, 0x4a,
  0xa7, 0x78, 0x4a, 0x82, 0xb0, 0x11, 0x00, 0xca, 0x46, 0x00, 0x8a, 0x80,
  0x84, 0x19, 0x00, 0x2a, 0x66, 0x00, 0x68, 0x1c, 0x4b, 0xd8, 0x00, 0x00,
  0x00, 0x00, 0xb1, 0x18, 0x00, 0x00, 0xa5, 0x00, 0x00, 0x00, 0x33, 0x08,
  0x80, 0x1c, 0xc4, 0xe1, 0x1c, 0x66, 0x14, 0x01, 0x3d, 0x88, 0x43, 0x38,
  0x84, 0xc3, 0x8c, 0x42, 0x80, 0x07, 0x79, 0x78, 0x07, 0x73, 0x98, 0x71,
  0x0c, 0xe6, 0x00, 0x0f, 0xed, 0x10, 0x0e, 0xf4, 0x80, 0x0e, 0x33, 0x0c,
  0x42, 0x1e, 0xc2, 0xc1, 0x1d, 0xce, 0xa1, 0x1c, 0x66, 0x30, 0x05, 0x3d,
  0x88, 0x43, 0x38, 0x84, 0x83, 0x1b, 0xcc, 0x03, 0x3d, 0xc8, 0x43, 0x3d,
  0x8c, 0x03, 0x3d, 0xcc, 0x78, 0x8c, 0x74, 0x70, 0x07, 0x7b, 0x08, 0x07,
  0x79, 0x48, 0x87, 0x70, 0x70, 0x07, 0x7a, 0x70, 0x03, 0x76, 0x78, 0x87,
  0x70, 0x20, 0x87, 0x19, 0xcc, 0x11, 0x0e, 0xec, 0x90, 0x0e, 0xe1, 0x30,
  0x0f, 0x6e, 0x30, 0x0f, 0xe3, 0xf0, 0x0e, 0xf0, 0x50, 0x0e, 0x33, 0x10,
  0xc4, 0x1d, 0xde, 0x21, 0x1c, 0xd8, 0x21, 0x1d, 0xc2, 0x61, 0x1e, 0x66,
  0x30, 0x89, 0x3b, 0xbc, 0x83, 0x3b, 0xd0, 0x43, 0x39, 0xb4, 0x03, 0x3c,
  0xbc, 0x83, 0x3c, 0x84, 0x03, 0x3b, 0xcc, 0xf0, 0x14, 0x76, 0x60, 0x07,
  0x7b, 0x68, 0x07, 0x37, 0x68, 0x87, 0x72, 0x68, 0x07, 0x37, 0x80, 0x87,
  0x70, 0x90, 0x87, 0x70, 0x60, 0x07, 0x76, 0x28, 0x07, 0x76, 0xf8, 0x05,
  0x76, 0x78, 0x87, 0x77, 0x80, 0x87, 0x5f, 0x08, 0x87, 0x71, 0x18, 0x87,
  0x72, 0x98, 0x87, 0x79, 0x98, 0x81, 0x2c, 0xee, 0xf0, 0x0e, 0xee, 0xe0,
  0x0e, 0xf5, 0xc0, 0x0e, 0xec, 0x30, 0x03, 0x62, 0xc8, 0xa1, 0x1c, 0xe4,
  0xa1, 0x1c, 0xcc, 0xa1, 0x1c, 0xe4, 0xa1, 0x1c, 0xdc, 0x61, 0x1c, 0xca,
  0x21, 0x1c, 0xc4, 0x81, 0x1d, 0xca, 0x61, 0x06, 0xd6, 0x90, 0x43, 0x39,
  0xc8, 0x43, 0x39, 0x98, 0x43, 0x39, 0xc8, 0x43, 0x39, 0xb8, 0xc3, 0x38,
  0x94, 0x43, 0x38, 0x88, 0x03, 0x3b, 0x94, 0xc3, 0x2f, 0xbc, 0x83, 0x3c,
  0xfc, 0x82, 0x3b, 0xd4, 0x03, 0x3b, 0xb0, 0xc3, 0x0c, 0xc7, 0x69, 0x87,
  0x70, 0x58, 0x87, 0x72, 0x70, 0x83, 0x74, 0x68, 0x07, 0x78, 0x60, 0x87,
  0x74, 0x18, 0x87, 0x74, 0xa0, 0x87, 0x19, 0xce, 0x53, 0x0f, 0xee, 0x00,
  0x0f, 0xf2, 0x50, 0x0e, 0xe4, 0x90, 0x0e, 0xe3, 0x40, 0x0f, 0xe1, 0x20,
  0x0e, 0xec, 0x50, 0x0e, 0x33, 0x20, 0x28, 0x1d, 0xdc, 0xc1, 0x1e, 0xc2,
  0x41, 0x1e, 0xd2, 0x21, 0x1c, 0xdc, 0x81, 0x1e, 0xdc, 0xe0, 0x1c, 0xe4,
  0xe1, 0x1d, 0xea, 0x01, 0x1e, 0x66, 0x18, 0x51, 0x38, 0xb0, 0x43, 0x3a,
  0x9c, 0x83, 0x3b, 0xcc, 0x50, 0x24, 0x76, 0x60, 0x07, 0x7b, 0x68, 0x07,
  0x37, 0x60, 0x87, 0x77, 0x78, 0x07, 0x78, 0x98, 0x51, 0x4c, 0xf4, 0x90,
  0x0f, 0xf0, 0x50, 0x0e, 0x33, 0x1e, 0x6a, 0x1e, 0xca, 0x61, 0x1c, 0xe8,
  0x21, 0x1d, 0xde, 0xc1, 0x1d, 0x7e, 0x01, 0x1e, 0xe4, 0xa1, 0x1c, 0xcc,
  0x21, 0x1d, 0xf0, 0x61, 0x06, 0x54, 0x85, 0x83, 0x38, 0xcc, 0xc3, 0x3b,
  0xb0, 0x43, 0x3d, 0xd0, 0x43, 0x39, 0xfc, 0xc2, 0x3c, 0xe4, 0x43, 0x3b,
  0x88, 0xc3, 0x3b, 0xb0, 0xc3, 0x8c, 0xc5, 0x0a, 0x87, 0x79, 0x98, 0x87,
  0x77, 0x18, 0x87, 0x74, 0x08, 0x07, 0x7a, 0x28, 0x07, 0x72, 0x98, 0x81,
  0x5c, 0xe3, 0x10, 0x0e, 0xec, 0xc0, 0x0e, 0xe5, 0x50, 0x0e, 0xf3, 0x30,
  0x23, 0xc1, 0xd2, 0x41, 0x1e, 0xe4, 0xe1, 0x17, 0xd8, 0xe1, 0x1d, 0xde,
  0x01, 0x1e, 0x66, 0x48, 0x19, 0x3b, 0xb0, 0x83, 0x3d, 0xb4, 0x83, 0x1b,
  0x84, 0xc3, 0x38, 0x8c, 0x43, 0x39, 0xcc, 0xc3, 0x3c, 0xb8, 0xc1, 0x39,
  0xc8, 0xc3, 0x3b, 0xd4, 0x03, 0x3c, 0xcc, 0x48, 0xb4, 0x71, 0x08, 0x07,
  0x76, 0x60, 0x07, 0x71, 0x08, 0x87, 0x71, 0x58, 0x87, 0x19, 0xdb, 0xc6,
  0x0e, 0xec, 0x60, 0x0f, 0xed, 0xe0, 0x06, 0xf0, 0x20, 0x0f, 0xe5, 0x30,
  0x0f, 0xe5, 0x20, 0x0f, 0xf6, 0x50, 0x0e, 0x6e, 0x10, 0x0e, 0xe3, 0x30,
  0x0e, 0xe5, 0x30, 0x0f, 0xf3, 0xe0, 0x06, 0xe9, 0xe0, 0x0e, 0xe4, 0x50,
  0x0e, 0xf8, 0x30, 0x23, 0xe2, 0xec, 0x61, 0x1c, 0xc2, 0x81, 0x1d, 0xd8,
  0xe1, 0x17, 0xec, 0x21, 0x1d, 0xe6, 0x21, 0x1d, 0xc4, 0x21, 0x1d, 0xd8,
  0x21, 0x1d, 0xe8, 0x21, 0x1f, 0x66, 0x20, 0x9d, 0x3b, 0xbc, 0x43, 0x3d,
  0xb8, 0x03, 0x39, 0x94, 0x83, 0x39, 0xcc, 0x58, 0xbc, 0x70, 0x70, 0x07,
  0x77, 0x78, 0x07, 0x7a, 0x08, 0x07, 0x7a, 0x48, 0x87, 0x77, 0x70, 0x87,
  0x19, 0xce, 0x87, 0x0e, 0xe5, 0x10, 0x0e, 0xf0, 0x10, 0x0e, 0xec, 0xc0,
  0x0e, 0xef, 0x30, 0x0e, 0xf3, 0x90, 0x0e, 0xf4, 0x50, 0x0e, 0x33, 0x28,
  0x30, 0x08, 0x87, 0x74, 0x90, 0x07, 0x37, 0x30, 0x87, 0x7a, 0x70, 0x87,
  0x71, 0xa0, 0x87, 0x74, 0x78, 0x07, 0x77, 0xf8, 0x85, 0x73, 0x90, 0x87,
  0x77, 0xa8, 0x07, 0x78, 0x98, 0x07, 0x00, 0x00, 0x00, 0x00, 0x79, 0x20,
  0x00, 0x00, 0x38, 0x01, 0x00, 0x00, 0x72, 0x1e, 0x48, 0x20, 0x43, 0x88,
  0x0c, 0x19, 0x09, 0x72, 0x32, 0x48, 0x20, 0x23, 0x81, 0x8c, 0x91, 0x91,
  0xd1, 0x44, 0xa0, 0x10, 0x28, 0x64, 0x3c, 0x31, 0x32, 0x42, 0x8e, 0x90,
  0x21, 0xa3, 0xa8, 0x06, 0x64, 0xf0, 0x4f, 0x00, 0x00, 0x00, 0x8b, 0xd2,
  0x58, 0xd8, 0x06, 0x6d, 0xd0, 0x1c, 0x14, 0x1b, 0x47, 0x06, 0x8a, 0x84,
  0x44, 0xd1, 0x15, 0x15, 0xcc, 0x30, 0x10, 0x83, 0x33, 0x10, 0x82, 0xf0,
  0x0c, 0x60, 0x50, 0x0c, 0xdf, 0x30, 0x3c, 0x0f, 0x00, 0x00, 0x53, 0x44,
  0x4b, 0x20, 0x56, 0x65, 0x72, 0x73, 0x69, 0x6f, 0x6e, 0x77, 0x63, 0x68,
  0x61, 0x72, 0x5f, 0x73, 0x69, 0x7a, 0x65, 0x66, 0x72, 0x61, 0x6d, 0x65,
  0x2d, 0x70, 0x6f, 0x69, 0x6e, 0x74, 0x65, 0x72, 0x61, 0x69, 0x72, 0x2e,
  0x6d, 0x61, 0x78, 0x5f, 0x64, 0x65, 0x76, 0x69, 0x63, 0x65, 0x5f, 0x62,
  0x75, 0x66, 0x66, 0x65, 0x72, 0x73, 0x61, 0x69, 0x72, 0x2e, 0x6d, 0x61,
  0x78, 0x5f, 0x63, 0x6f, 0x6e, 0x73, 0x74, 0x61, 0x6e, 0x74, 0x5f, 0x62,
  0x75, 0x66, 0x66, 0x65, 0x72, 0x73, 0x61, 0x69, 0x72, 0x2e, 0x6d, 0x61,
  0x78, 0x5f, 0x74, 0x68, 0x72, 0x65, 0x61, 0x64, 0x67, 0x72, 0x6f, 0x75,
  0x70, 0x5f, 0x62, 0x75, 0x66, 0x66, 0x65, 0x72, 0x73, 0x61, 0x69, 0x72,
  0x2e, 0x6d, 0x61, 0x78, 0x5f, 0x74, 0x65, 0x78, 0x74, 0x75, 0x72, 0x65,
  0x73, 0x61, 0x69, 0x72, 0x2e, 0x6d, 0x61, 0x78, 0x5f, 0x72, 0x65, 0x61,
  0x64, 0x5f, 0x77, 0x72, 0x69, 0x74, 0x65, 0x5f, 0x74, 0x65, 0x78, 0x74,
  0x75, 0x72, 0x65, 0x73, 0x61, 0x69, 0x72, 0x2e, 0x6d, 0x61, 0x78, 0x5f,
  0x73, 0x61, 0x6d, 0x70, 0x6c, 0x65, 0x72, 0x73, 0x41, 0x70, 0x70, 0x6c,
  0x65, 0x20, 0x6d, 0x65, 0x74, 0x61, 0x6c, 0x20, 0x76, 0x65, 0x72, 0x73,
  0x69, 0x6f, 0x6e, 0x20, 0x33, 0x32, 0x30, 0x32, 0x33, 0x2e, 0x39, 0x31,
  0x37, 0x20, 0x28, 0x6d, 0x65, 0x74, 0x61, 0x6c, 0x66, 0x65, 0x2d, 0x33,
  0x32, 0x30, 0x32, 0x33, 0x2e, 0x39, 0x31, 0x37, 0x2e, 0x32, 0x29, 0x4d,
  0x65, 0x74, 0x61, 0x6c, 0x61, 0x69, 0x72, 0x2e, 0x63, 0x6f, 0x6d, 0x70,
  0x69, 0x6c, 0x65, 0x2e, 0x64, 0x65, 0x6e, 0x6f, 0x72, 0x6d, 0x73, 0x5f,
  0x64, 0x69, 0x73, 0x61, 0x62, 0x6c, 0x65, 0x61, 0x69, 0x72, 0x2e, 0x63,
  0x6f, 0x6d, 0x70, 0x69, 0x6c, 0x65, 0x2e, 0x66, 0x61, 0x73, 0x74, 0x5f,
  0x6d, 0x61, 0x74, 0x68, 0x5f, 0x65, 0x6e, 0x61, 0x62, 0x6c, 0x65, 0x61,
  0x69, 0x72, 0x2e, 0x63, 0x6f, 0x6d, 0x70, 0x69, 0x6c, 0x65, 0x2e, 0x66,
  0x72, 0x61, 0x6d, 0x65, 0x62, 0x75, 0x66, 0x66, 0x65, 0x72, 0x5f, 0x66,
  0x65, 0x74, 0x63, 0x68, 0x5f, 0x65, 0x6e, 0x61, 0x62, 0x6c, 0x65, 0x61,
  0x69, 0x72, 0x2e, 0x62, 0x75, 0x66, 0x66, 0x65, 0x72, 0x61, 0x69, 0x72,
  0x2e, 0x6c, 0x6f, 0x63, 0x61, 0x74, 0x69, 0x6f, 0x6e, 0x5f, 0x69, 0x6e,
  0x64, 0x65, 0x78, 0x61, 0x69, 0x72, 0x2e, 0x72, 0x65, 0x61, 0x64, 0x61,
  0x69, 0x72, 0x2e, 0x61, 0x64, 0x64, 0x72, 0x65, 0x73, 0x73, 0x5f, 0x73,
  0x70, 0x61, 0x63, 0x65, 0x61, 0x69, 0x72, 0x2e, 0x61, 0x72, 0x67, 0x5f,
  0x74, 0x79, 0x70, 0x65, 0x5f, 0x73, 0x69, 0x7a, 0x65, 0x61, 0x69, 0x72,
  0x2e, 0x61, 0x72, 0x67, 0x5f, 0x74, 0x79, 0x70, 0x65, 0x5f, 0x61, 0x6c,
  0x69, 0x67, 0x6e, 0x5f, 0x73, 0x69, 0x7a, 0x65, 0x61, 0x69, 0x72, 0x2e,
  0x61, 0x72, 0x67, 0x5f, 0x74, 0x79, 0x70, 0x65, 0x5f, 0x6e, 0x61, 0x6d,
  0x65, 0x66, 0x6c, 0x6f, 0x61, 0x74, 0x61, 0x69, 0x72, 0x2e, 0x61, 0x72,
  0x67, 0x5f, 0x6e, 0x61, 0x6d, 0x65, 0x73, 0x72, 0x63, 0x77, 0x74, 0x73,
  0x62, 0x69, 0x61, 0x73, 0x72, 0x65, 0x73, 0x61, 0x69, 0x72, 0x2e, 0x72,
  0x65, 0x61, 0x64, 0x5f, 0x77, 0x72, 0x69, 0x74, 0x65, 0x64, 0x73, 0x74,
  0x75, 0x69, 0x6e, 0x74, 0x6b, 0x70, 0x63, 0x70, 0x61, 0x69, 0x72, 0x2e,
  0x62, 0x75, 0x66, 0x66, 0x65, 0x72, 0x5f, 0x73, 0x69, 0x7a, 0x65, 0x65,
  0x70, 0x69, 0x61, 0x69, 0x72, 0x2e, 0x74, 0x68, 0x72, 0x65, 0x61, 0x64,
  0x67, 0x72, 0x6f, 0x75, 0x70, 0x5f, 0x70, 0x6f, 0x73, 0x69, 0x74, 0x69,
  0x6f, 0x6e, 0x5f, 0x69, 0x6e, 0x5f, 0x67, 0x72, 0x69, 0x64, 0x75, 0x69,
  0x6e, 0x74, 0x33, 0x74, 0x67, 0x70, 0x61, 0x69, 0x72, 0x2e, 0x74, 0x68,
  0x72, 0x65, 0x61, 0x64, 0x5f, 0x69, 0x6e, 0x64, 0x65, 0x78, 0x5f, 0x69,
  0x6e, 0x5f, 0x74, 0x68, 0x72, 0x65, 0x61, 0x64, 0x67, 0x72, 0x6f, 0x75,
  0x70, 0x6c, 0x69, 0x64, 0x69, 0x6e, 0x74, 0x6f, 0x6d, 0x6e, 0x69, 0x70,
  0x6f, 0x74, 0x65, 0x6e, 0x74, 0x20, 0x63, 0x68, 0x61, 0x72, 0x53, 0x69,
  0x6d, 0x70, 0x6c, 0x65, 0x20, 0x43, 0x2b, 0x2b, 0x20, 0x54, 0x42, 0x41,
  0x41, 0x00, 0xe6, 0xb5, 0x00, 0x00, 0x00, 0x00, 0x00, 0x00, 0x30, 0x82,
  0x90, 0x30, 0x23, 0x08, 0x63, 0x10, 0x06, 0x23, 0x08, 0x49, 0x33, 0x82,
  0x90, 0x38, 0x23, 0x08, 0xc9, 0x33, 0x82, 0x90, 0x40, 0x23, 0x08, 0x49,
  0x34, 0x82, 0x90, 0x48, 0x23, 0x08, 0xc9, 0x34, 0x82, 0x90, 0x50, 0x23,
  0x08, 0x49, 0x35, 0x82, 0xd0, 0x08, 0x23, 0x08, 0x89, 0x35, 0x82, 0x90,
  0x5c, 0x23, 0x08, 0x09, 0x36, 0x82, 0x90, 0x64, 0x23, 0x08, 0x89, 0x36,
  0x82, 0x90, 0x6c, 0x23, 0x08, 0x18, 0x37, 0xc3, 0xb0, 0x06, 0x01, 0x1b,
  0xcc, 0x30, 0xb4, 0x81, 0xe0, 0x06, 0x33, 0x0c, 0x6f, 0x30, 0xac, 0xc1,
  0x0c, 0xc3, 0x1b, 0x10, 0x70, 0x30, 0xc3, 0xf0, 0x06, 0x05, 0x1c, 0xcc,
  0x30, 0xbc, 0x81, 0x01, 0x07, 0x33, 0x0c, 0x6f, 0x70, 0xc4, 0xc1, 0x0c,
  0xc3, 0x1b, 0x20, 0x72, 0x30, 0xc3, 0xf0, 0x06, 0xc9, 0x1c, 0xcc, 0x10,
  0x28, 0x33, 0x0c, 0x6b, 0xf0, 0x06, 0x74, 0x30, 0x03, 0xb1, 0xd4, 0xc1,
  0x1a, 0xd0, 0xc1, 0x0c, 0x01, 0x33, 0x43, 0xd0, 0xcc, 0x10, 0x38, 0x33,
  0x00, 0x33, 0x40, 0x74, 0xf0, 0x40, 0x74, 0xd0, 0x06, 0x91, 0xd4, 0x06,
  0x93, 0x1b, 0x50, 0x6e, 0x50, 0x59, 0x17, 0x36, 0x03, 0xd4, 0x06, 0x0f,
  0xd4, 0x06, 0x6d, 0x10, 0x49, 0x6d, 0x30, 0xb9, 0x01, 0xe5, 0x06, 0x95,
  0x75, 0x65, 0x33, 0x40, 0x6b, 0xf0, 0x40, 0x6b, 0xd0, 0x06, 0x91, 0xd4,
  0x06, 0x93, 0x1b, 0x50, 0x6e, 0x50, 0x59, 0x97, 0x36, 0x03, 0x54, 0x07,
  0x0f, 0x54, 0x07, 0x6d, 0x10, 0x49, 0x6d, 0x30, 0xb9, 0x01, 0xe5, 0x06,
  0x95, 0x75, 0x6d, 0x33, 0x40, 0x6e, 0xf0, 0x40, 0x6e, 0xd0, 0x06, 0x9c,
  0xd4, 0x06, 0x93, 0x1b, 0x50, 0x6e, 0x50, 0x59, 0x57, 0x37, 0x03, 0x74,
  0x07, 0x0f, 0x84, 0x07, 0x6d, 0x10, 0x49, 0x6b, 0x30, 0xb9, 0x01, 0xe5,
  0x06, 0x95, 0x77, 0x7d, 0x33, 0x40, 0x79, 0xf0, 0x40, 0x7a, 0xd0, 0x06,
  0x91, 0xb4, 0x06, 0x93, 0x1b, 0x50, 0x6e, 0x50, 0x79, 0x17, 0x18, 0xcc,
  0x20, 0xbd, 0xc1, 0x13, 0x06, 0x6e, 0x00, 0xed, 0x41, 0x1b, 0x44, 0xd2,
  0x1a, 0x4c, 0x6e, 0x40, 0xb9, 0x41, 0xe5, 0x5d, 0x62, 0x30, 0x83, 0x21,
  0x07, 0x63, 0x50, 0x91, 0xc1, 0x55, 0x06, 0x33, 0x18, 0x7c, 0x60, 0x06,
  0x95, 0x77, 0x9d, 0xc1, 0x0c, 0x8a, 0x2b, 0xbc, 0x02, 0x2c, 0xc4, 0x82,
  0x2c, 0xcc, 0x02, 0x2d, 0xd4, 0x82, 0x2d, 0xdc, 0xc2, 0x0c, 0x83, 0x1d,
  0xb4, 0x02, 0x2e, 0xcc, 0x10, 0xa8, 0xc1, 0x0c, 0x43, 0x1a, 0xe8, 0x42,
  0x1f, 0xcc, 0x30, 0xa0, 0xc1, 0x2e, 0xf4, 0xc1, 0x0c, 0x03, 0x2f, 0xf0,
  0x42, 0x1f, 0xdc, 0x1c, 0x00, 0x1c, 0x1a, 0x70, 0x1c, 0xc7, 0x71, 0x1c,
  0xc7, 0x71, 0x1c, 0xc7, 0x71, 0x1c, 0xc7, 0x71, 0x6e, 0xe0, 0x06, 0x6e,
  0xe0, 0x06, 0x6e, 0xe0, 0x06, 0x6e, 0xe0, 0x06, 0x6e, 0x60, 0xd1, 0x81,
  0x1e, 0x58, 0x96, 0x05, 0xd1, 0x04, 0x4d, 0xd0, 0x04, 0x4d, 0xd0, 0x04,
  0x4d, 0xe8, 0x84, 0x5c, 0xb0, 0x82, 0x29, 0xa0, 0x04, 0x1d, 0x70, 0x74,
  0x40, 0x07, 0x32, 0x12, 0x98, 0xa0, 0x8c, 0xd8, 0xd8, 0xec, 0xda, 0x5c,
  0xda, 0xde, 0xc8, 0xea, 0xd8, 0xca, 0x5c, 0xcc, 0xd8, 0xc2, 0xce, 0xe6,
  0x46, 0x49, 0xfa, 0xc0, 0x0f, 0xfe, 0x00, 0x14, 0x42, 0x41, 0x14, 0x46,
  0x81, 0x14, 0x4a, 0x21, 0x15, 0x36, 0x36, 0xbb, 0x36, 0x97, 0x34, 0xb2,
  0x32, 0x37, 0xba, 0x51, 0x02, 0x53, 0xc8, 0x25, 0x2c, 0x4d, 0xce, 0xc5,
  0xae, 0x4c, 0x6e, 0x2e, 0xed, 0xcd, 0x6d, 0x94, 0xe0, 0x14, 0x92, 0x0a,
  0x4b, 0x93, 0x73, 0x61, 0x0b, 0x73, 0x3b, 0xab, 0x0b, 0x3b, 0x2b, 0xfb,
  0xb2, 0x2b, 0x93, 0x9b, 0x4b, 0x7b, 0x73, 0x1b, 0x25, 0x40, 0x85, 0x9c,
  0xc2, 0xd2, 0xe4, 0x5c, 0xc6, 0xde, 0xda, 0xe0, 0xd2, 0xd8, 0xca, 0xbe,
  0xde, 0xe0, 0xe8, 0xd2, 0xde, 0xdc, 0xe6, 0x46, 0x19, 0x52, 0x41, 0x15,
  0x56, 0x21, 0x95, 0xb0, 0x34, 0x39, 0x97, 0xb5, 0x32, 0x39, 0xb7, 0x32,
  0xb6, 0x51, 0x02, 0x5c, 0x00, 0x00, 0xa9, 0x18, 0x00, 0x00, 0x25, 0x00,
  0x00, 0x00, 0x0b, 0x0a, 0x72, 0x28, 0x87, 0x77, 0x80, 0x07, 0x7a, 0x58,
  0x70, 0x98, 0x43, 0x3d, 0xb8, 0xc3, 0x38, 0xb0, 0x43, 0x39, 0xd0, 0xc3,
  0x82, 0xe6, 0x1c, 0xc6, 0xa1, 0x0d, 0xe8, 0x41, 0x1e, 0xc2, 0xc1, 0x1d,
  0xe6, 0x21, 0x1d, 0xe8, 0x21, 0x1d, 0xde, 0xc1, 0x1d, 0x16, 0x34, 0xe3,
  0x60, 0x0e, 0xe7, 0x50, 0x0f, 0xe1, 0x20, 0x0f, 0xe4, 0x40, 0x0f, 0xe1,
  0x20, 0x0f, 0xe7, 0x50, 0x0e, 0xf4, 0xb0, 0x80, 0x81, 0x07, 0x79, 0x28,
  0x87, 0x70, 0x60, 0x07, 0x76, 0x78, 0x87, 0x71, 0x08, 0x07, 0x7a, 0x28,
  0x07, 0x72, 0x58, 0x70, 0x9c, 0xc3, 0x38, 0xb4, 0x01, 0x3b, 0xa4, 0x83,
  0x3d, 0x94, 0xc3, 0x02, 0x6b, 0x1c, 0xd8, 0x21, 0x1c, 0xdc, 0xe1, 0x1c,
  0xdc, 0x20, 0x1c, 0xe4, 0x61, 0x1c, 0xdc, 0x20, 0x1c, 0xe8, 0x81, 0x1e,
  0xc2, 0x61, 0x1c, 0xd0, 0xa1, 0x1c, 0xc8, 0x61, 0x1c, 0xc2, 0x81, 0x1d,
  0xd8, 0x61, 0xc1, 0x01, 0x0f, 0xf4, 0x20, 0x0f, 0xe1, 0x50, 0x0f, 0xf4,
  0x80, 0x0e, 0x00, 0x00, 0x00, 0x00, 0xd1, 0x10, 0x00, 0x00, 0x06, 0x00,
  0x00, 0x00, 0x07, 0xcc, 0x3c, 0xa4, 0x83, 0x3b, 0x9c, 0x03, 0x3b, 0x94,
  0x03, 0x3d, 0xa0, 0x83, 0x3c, 0x94, 0x43, 0x38, 0x90, 0xc3, 0x01, 0x00,
  0x00, 0x00, 0x61, 0x20, 0x00, 0x00, 0x5f, 0x00, 0x00, 0x00, 0x13, 0x04,
  0x41, 0x2c, 0x10, 0x00, 0x00, 0x00, 0x05, 0x00, 0x00, 0x00, 0xe4, 0x0c,
  0x75, 0x08, 0x03, 0x80, 0x71, 0x18, 0x47, 0xcf, 0x50, 0x47, 0x61, 0x04,
  0x18, 0x87, 0x71, 0x00, 0x00, 0x00, 0xf1, 0x30, 0x00, 0x00, 0x4a, 0x00,
  0x00, 0x00, 0x22, 0x47, 0xc8, 0x90, 0x51, 0x26, 0xc8, 0x6c, 0x00, 0x00,
  0x00, 0x00, 0x9b, 0x65, 0x59, 0x96, 0x65, 0x59, 0x16, 0x00, 0x61, 0x69,
  0x72, 0x2d, 0x61, 0x6c, 0x69, 0x61, 0x73, 0x2d, 0x73, 0x63, 0x6f, 0x70,
  0x65, 0x73, 0x28, 0x6e, 0x76, 0x63, 0x6f, 0x6e, 0x76, 0x35, 0x5f, 0x62,
  0x29, 0x61, 0x69, 0x72, 0x2d, 0x61, 0x6c, 0x69, 0x61, 0x73, 0x2d, 0x73,
  0x63, 0x6f, 0x70, 0x65, 0x2d, 0x61, 0x72, 0x67, 0x28, 0x37, 0x29, 0x61,
  0x69, 0x72, 0x2d, 0x61, 0x6c, 0x69, 0x61, 0x73, 0x2d, 0x73, 0x63, 0x6f,
  0x70, 0x65, 0x2d, 0x61, 0x72, 0x67, 0x28, 0x36, 0x29, 0x61, 0x69, 0x72,
  0x2d, 0x61, 0x6c, 0x69, 0x61, 0x73, 0x2d, 0x73, 0x63, 0x6f, 0x70, 0x65,
  0x2d, 0x61, 0x72, 0x67, 0x28, 0x35, 0x29, 0x61, 0x69, 0x72, 0x2d, 0x61,
  0x6c, 0x69, 0x61, 0x73, 0x2d, 0x73, 0x63, 0x6f, 0x70, 0x65, 0x2d, 0x61,
  0x72, 0x67, 0x28, 0x34, 0x29, 0x61, 0x69, 0x72, 0x2d, 0x61, 0x6c, 0x69,
  0x61, 0x73, 0x2d, 0x73, 0x63, 0x6f, 0x70, 0x65, 0x2d, 0x61, 0x72, 0x67,
  0x28, 0x33, 0x29, 0x61, 0x69, 0x72, 0x2d, 0x61, 0x6c, 0x69, 0x61, 0x73,
  0x2d, 0x73, 0x63, 0x6f, 0x70, 0x65, 0x2d, 0x61, 0x72, 0x67, 0x28, 0x32,
  0x29, 0x61, 0x69, 0x72, 0x2d, 0x61, 0x6c, 0x69, 0x61, 0x73, 0x2d, 0x73,
  0x63, 0x6f, 0x70, 0x65, 0x2d, 0x61, 0x72, 0x67, 0x28, 0x31, 0x29, 0x61,
  0x69, 0x72, 0x2d, 0x61, 0x6c, 0x69, 0x61, 0x73, 0x2d, 0x73, 0x63, 0x6f,
  0x70, 0x65, 0x2d, 0x61, 0x72, 0x67, 0x28, 0x30, 0x29, 0x00, 0x2b, 0x84,
  0x73, 0xf0, 0x85, 0x15, 0x03, 0x3a, 0x9c, 0xc3, 0x2f, 0xac, 0x18, 0xd2,
  0xe1, 0x1c, 0xc0, 0x61, 0xc5, 0xa0, 0x0e, 0xe7, 0x10, 0x0e, 0x2b, 0x86,
  0x75, 0x38, 0x07, 0x71, 0x58, 0x31, 0xb0, 0xc3, 0x39, 0x8c, 0xc3, 0x8a,
  0xa1, 0x1d, 0xce, 0x81, 0x1c, 0x56, 0x0c, 0xee, 0x70, 0x0e, 0xe5, 0xb0,
  0x62, 0x78, 0x87, 0x73, 0x30, 0x87, 0x0d, 0x01, 0x3a, 0x6c, 0x38, 0xde,
  0xc1, 0x1d, 0xda, 0x81, 0x1d, 0xd6, 0x41, 0x1d, 0xd2, 0x01, 0x54, 0x24,
  0x63, 0xc4, 0x00, 0x3a, 0x62, 0x10, 0x0c, 0x20, 0x36, 0x68, 0x98, 0x64,
  0x51, 0x02, 0xe4, 0x28, 0x88, 0x41, 0xd0, 0x80, 0x18, 0x00, 0x03, 0x00,
  0x00, 0x00, 0x5b, 0x0e, 0x20, 0xe0, 0x85, 0xe3, 0x1d, 0x10, 0x78, 0x00,
  0x00, 0x00, 0x00, 0x00, 0x00, 0x00, 0x61, 0x20, 0x00, 0x00, 0x7c, 0x02,
  0x00, 0x00, 0x13, 0x04, 0x79, 0x10, 0x0b, 0x04, 0x00, 0x00, 0x14, 0x00,
  0x00, 0x00, 0x94, 0x94, 0x47, 0x0d, 0x14, 0x54, 0xe1, 0x15, 0x68, 0x40,
  0x51, 0x94, 0x05, 0x61, 0x05, 0x54, 0x20, 0x05, 0x51, 0x80, 0x02, 0x25,
  0x54, 0x44, 0x65, 0x54, 0x4a, 0xc5, 0x54, 0x4e, 0x05, 0x55, 0x52, 0x85,
  0x55, 0x5a, 0xc5, 0x55, 0x5e, 0x05, 0x56, 0x62, 0x25, 0x51, 0x14, 0x65,
  0x51, 0x38, 0xa5, 0x53, 0x3c, 0xe5, 0x53, 0x02, 0xf4, 0x8d, 0x00, 0x10,
  0x30, 0x02, 0x30, 0x46, 0x00, 0x82, 0x20, 0x88, 0x7f, 0x63, 0x04, 0x20,
  0x08, 0x82, 0x2c, 0x18, 0x10, 0x32, 0x02, 0x00, 0x00, 0x00, 0xf1, 0x30,
  0x00, 0x00, 0x23, 0x00, 0x00, 0x00, 0x22, 0x47, 0xc8, 0x90, 0x51, 0x0a,
  0x84, 0x07, 0x84, 0x05, 0x00, 0x00, 0x62, 0x6f, 0x6f, 0x6c, 0x6c, 0x6c,
  0x76, 0x6d, 0x2e, 0x6c, 0x6f, 0x6f, 0x70, 0x2e, 0x6d, 0x75, 0x73, 0x74,
  0x70, 0x72, 0x6f, 0x67, 0x72, 0x65, 0x73, 0x73, 0x00, 0x00, 0x13, 0x84,
  0xac, 0x9b, 0x20, 0x64, 0xde, 0x0a, 0x41, 0x1c, 0xe0, 0x61, 0x85, 0x30,
  0x0e, 0xf0, 0xb0, 0x42, 0x20, 0x07, 0x78, 0x58, 0x21, 0x94, 0x03, 0x3c,
  0xac, 0x10, 0xcc, 0x01, 0x1e, 0x56, 0x08, 0xe7, 0x00, 0x0f, 0x2b, 0x04,
  0x74, 0x80, 0x87, 0x15, 0x42, 0x3a, 0xc0, 0xc3, 0x0a, 0x41, 0x1d, 0xe0,
  0x61, 0x85, 0xb0, 0x0e, 0xf0, 0xb0, 0x42, 0x60, 0x07, 0x78, 0x58, 0x21,
  0xb4, 0x03, 0x3c, 0x6c, 0x18, 0x7c, 0x61, 0x17, 0xfa, 0x60, 0xc3, 0xe0,
  0x0e, 0xee, 0xd0, 0x07, 0x1b, 0x82, 0x5f, 0xd8, 0x20, 0x80, 0x43, 0x38,
  0x6c, 0x18, 0xac, 0x5d, 0xe8, 0x83, 0x0d, 0x83, 0x3c, 0xc8, 0x43, 0x1f,
  0x00, 0x00, 0x33, 0x11, 0x64, 0x90, 0x34, 0xa3, 0x30, 0x13, 0x41, 0x06,
  0x49, 0x33, 0x0a, 0x33, 0x11, 0x64, 0x90, 0x34, 0xa3, 0x30, 0x13, 0x61,
  0x06, 0x49, 0x13, 0x0a, 0x33, 0x11, 0x69, 0x90, 0x34, 0xa3, 0x30, 0x13,
  0x81, 0x06, 0x49, 0x33, 0x0a, 0x33, 0x11, 0x6c, 0x90, 0x34, 0xa3, 0x30,
  0x13, 0x81, 0x06, 0x49, 0x33, 0x0a, 0x3d, 0x11, 0xe6, 0xe0, 0x0c, 0x28,
  0x48, 0x46, 0x4f, 0x84, 0x3a, 0x28, 0x03, 0x0a, 0x92, 0xd1, 0x13, 0xe1,
  0x0e, 0xcc, 0x80, 0x82, 0x64, 0xf4, 0x44, 0xc8, 0x83, 0x33, 0xa0, 0x20,
  0x19, 0x3d, 0x11, 0xf6, 0x00, 0x0d, 0x28, 0x48, 0x46, 0x4f, 0x84, 0x3e,
  0x48, 0x03, 0x0a, 0x92, 0xd1, 0x13, 0xe1, 0x0f, 0xd4, 0x80, 0x82, 0x64,
  0xf4, 0x44, 0x08, 0x85, 0x35, 0xa0, 0x20, 0x19, 0x3d, 0x11, 0x46, 0x81,
  0x0d, 0x28, 0x48, 0x46, 0x4f, 0x84, 0x52, 0x68, 0x03, 0x0a, 0x92, 0xd1,
  0x13, 0xe1, 0x14, 0xdc, 0x80, 0x82, 0x64, 0xf4, 0x44, 0x48, 0x85, 0x37,
  0xa0, 0x20, 0x19, 0x3d, 0x11, 0x56, 0x01, 0x0e, 0x28, 0x48, 0x46, 0x4f,
  0x84, 0x56, 0x88, 0x03, 0x0a, 0x92, 0xd1, 0x13, 0xe1, 0x15, 0xe4, 0x80,
  0x82, 0x64, 0xf4, 0x44, 0x90, 0x85, 0x51, 0xa0, 0x20, 0x19, 0x3d, 0x11,
  0x68, 0xa1, 0x0e, 0x28, 0x48, 0x46, 0x4f, 0x04, 0x5b, 0xb0, 0x03, 0x0a,
  0x92, 0xd1, 0x13, 0x01, 0x17, 0xee, 0x80, 0x82, 0x64, 0xf4, 0x44, 0xd0,
  0x05, 0x3c, 0xa0, 0x20, 0x19, 0x3d, 0x11, 0x78, 0x21, 0x0f, 0x28, 0x48,
  0x46, 0x4f, 0x04, 0x5f, 0xd0, 0x03, 0x0a, 0x92, 0xd1, 0x13, 0x01, 0x1c,
  0xf6, 0x80, 0x82, 0x64, 0x0c, 0x37, 0x90, 0xc3, 0x1d, 0x84, 0xc1, 0x70,
  0x83, 0x39, 0xe0, 0x01, 0x18, 0x4c, 0x37, 0xf0, 0xc2, 0x2e, 0x04, 0xd3,
  0x0d, 0xbb, 0x10, 0x0c, 0x18, 0xf0, 0x03, 0x0c, 0x64, 0x80, 0x45, 0x4f,
  0x04, 0x74, 0x08, 0x28, 0x48, 0x06, 0x16, 0xf7, 0x00, 0x03, 0x19, 0x60,
  0xd1, 0x13, 0x81, 0x1d, 0x02, 0x0a, 0x92, 0x81, 0xc9, 0x38, 0xc0, 0x40,
  0x06, 0x58, 0xf4, 0x44, 0x80, 0x87, 0x80, 0x82, 0x64, 0x60, 0x63, 0x0e,
  0x30, 0x90, 0x01, 0x16, 0x3d, 0x11, 0xe8, 0x21, 0xa0, 0x20, 0x19, 0x37,
  0x07, 0x79, 0x20, 0x17, 0xc8, 0x81, 0x8c, 0x21, 0xd8, 0x03, 0x49, 0x5c,
  0x20, 0x13, 0x37, 0x86, 0x80, 0x0f, 0xb4, 0x70, 0xa6, 0x50, 0x0f, 0x3a,
  0xdc, 0x10, 0xc0, 0x04, 0x18, 0x9c, 0x3e, 0xdc, 0x04, 0xa6, 0x2c, 0x68,
  0x3b, 0x62, 0x60, 0x20, 0x20, 0x08, 0x06, 0x9b, 0x4f, 0xc8, 0x43, 0x90,
  0xb2, 0xa0, 0xed, 0x88, 0x81, 0x81, 0x80, 0x20, 0x18, 0x6c, 0x3f, 0x31,
  0x0f, 0x41, 0xca, 0x82, 0xb6, 0x23, 0x06, 0x06, 0x02, 0x82, 0x60, 0xb0,
  0x81, 0x05, 0x3d, 0x04, 0xdd, 0x1c, 0x64, 0xa1, 0x25, 0x5a, 0x62, 0xc4,
  0xc0, 0x40, 0x40, 0x10, 0x0c, 0xb6, 0xb0, 0x98, 0x87, 0xe0, 0x92, 0x02,
  0x66, 0x09, 0x88, 0x53, 0x05, 0x57, 0x90, 0x0b, 0x52, 0x41, 0x6e, 0xa9,
  0x89, 0xbb, 0x91, 0x00, 0x09, 0xc5, 0x60, 0x2c, 0x6e, 0x20, 0x71, 0x41,
  0xdb, 0x11, 0x03, 0x03, 0x01, 0x41, 0x30, 0xd8, 0xd0, 0x22, 0x1f, 0x82,
  0x11, 0x03, 0x24, 0x01, 0x41, 0x30, 0x00, 0x03, 0xb3, 0x08, 0x68, 0x22,
  0x1f, 0xc4, 0x61, 0xb8, 0xa1, 0xe8, 0x09, 0x30, 0x98, 0x65, 0x10, 0x86,
  0x00, 0x9b, 0x9e, 0xb8, 0x81, 0x23, 0x8c, 0x9d, 0x25, 0x28, 0xd2, 0xc0,
  0x22, 0x79, 0x41, 0xdb, 0x3b, 0x92, 0x4d, 0x09, 0x8b, 0xf4, 0x05, 0x6d,
  0xd3, 0x17, 0xb4, 0xc5, 0xaa, 0x2c, 0x6e, 0x60, 0x96, 0xc0, 0x18, 0xa8,
  0x48, 0x5c, 0x05, 0x28, 0x03, 0x02, 0x03, 0xb7, 0xb8, 0x81, 0x9b, 0x02,
  0x18, 0x6e, 0x08, 0x3e, 0x32, 0x48, 0x02, 0x8b, 0x6e, 0x0e, 0xe9, 0x40,
  0x16, 0x41, 0x0e, 0x59, 0x0c, 0x1b, 0x10, 0x42, 0x10, 0x00, 0x57, 0xdc,
  0x42, 0x9d, 0x81, 0x0b, 0x73, 0xc1, 0x2d, 0xd4, 0x09, 0xb8, 0x30, 0x9d,
  0x1c, 0xe4, 0x41, 0x2d, 0x8e, 0x61, 0x03, 0x22, 0x10, 0x06, 0xe0, 0x0a,
  0x5a, 0x10, 0x0c, 0x72, 0x01, 0x04, 0x3a, 0x39, 0xd0, 0x43, 0x5b, 0x28,
  0xc3, 0x06, 0x44, 0x20, 0x0c, 0xc0, 0x19, 0xb5, 0x20, 0x18, 0xe8, 0x02,
  0x08, 0x74, 0x72, 0xb0, 0x07, 0xb8, 0x68, 0x86, 0x0d, 0x88, 0x40, 0x18,
  0x00, 0x94, 0x40, 0x03, 0x06, 0x86, 0x1b, 0x02, 0xbe, 0x00, 0x83, 0x59,
  0x86, 0x80, 0x08, 0x06, 0x2a, 0x12, 0x3c, 0x10, 0xe4, 0xa0, 0x1b, 0xa8,
  0x48, 0xf8, 0x40, 0x60, 0x83, 0xee, 0x02, 0x38, 0x80, 0xe1, 0x86, 0xb5,
  0x20, 0x0d, 0x30, 0x98, 0x25, 0x30, 0x83, 0x81, 0x8a, 0xc4, 0x5f, 0x86,
  0xbe, 0xe8, 0x66, 0x19, 0x0e, 0x04, 0x0e, 0x2e, 0xb8, 0x87, 0x3a, 0x01,
  0x1f, 0xe6, 0x82, 0x7a, 0xa8, 0x13, 0xec, 0x61, 0x66, 0x09, 0x90, 0x81,
  0x8a, 0x44, 0x38, 0x50, 0xc6, 0x18, 0xa8, 0x48, 0x8c, 0x43, 0x65, 0x8c,
  0x81, 0x8a, 0x84, 0x39, 0x58, 0xc6, 0x38, 0xa4, 0x0d, 0x76, 0xb8, 0x21,
  0x80, 0x03, 0x32, 0x98, 0x65, 0x48, 0x98, 0x60, 0x96, 0x41, 0x59, 0xf2,
  0xe0, 0x86, 0x37, 0x80, 0x59, 0x02, 0xe6, 0x86, 0x90, 0xa8, 0x23, 0x44,
  0x62, 0x2e, 0xf8, 0x87, 0x3a, 0x01, 0x24, 0x66, 0x96, 0x80, 0x19, 0xe8,
  0x48, 0x28, 0x45, 0x58, 0x78, 0x06, 0x19, 0xe8, 0x48, 0x28, 0xc5, 0x58,
  0x7c, 0x06, 0x19, 0xe8, 0x48, 0x1c, 0x85, 0x59, 0xc0, 0x06, 0x39, 0xc1,
  0x1d, 0xe4, 0x88, 0x76, 0x90, 0x1b, 0xd8, 0x41, 0x66, 0x09, 0x9c, 0xab,
  0x46, 0x01, 0x46, 0x0c, 0x0c, 0x04, 0x04, 0xc1, 0x60, 0x03, 0x8f, 0xb9,
  0xa0, 0x83, 0x11, 0x03, 0x44, 0x01, 0x41, 0x30, 0x00, 0x03, 0xdf, 0xa0,
  0x03, 0xd6, 0x98, 0x0b, 0x9d, 0x18, 0x6e, 0x08, 0xfa, 0x80, 0x0c, 0x66,
  0x19, 0x26, 0x2d, 0x18, 0xa8, 0x48, 0xd8, 0x86, 0x29, 0x05, 0x69, 0x96,
  0xe1, 0x91, 0x9e, 0x0c, 0xb0, 0xe8, 0xe6, 0x50, 0x13, 0xb0, 0x11, 0x50,
  0x90, 0x85, 0xe1, 0x86, 0x20, 0x36, 0xc0, 0x60, 0x96, 0x41, 0x82, 0x82,
  0x4e, 0x0e, 0x3a, 0x31, 0x1b, 0x04, 0x05, 0xc9, 0xc0, 0x80, 0x01, 0x81,
  0x4e, 0x0e, 0x3c, 0x61, 0x1b, 0x07, 0x05, 0xc9, 0xc0, 0xc0, 0x01, 0x81,
  0xe1, 0x06, 0xc2, 0x34, 0xcc, 0x60, 0xb8, 0x41, 0x38, 0x0d, 0x33, 0x98,
  0x6e, 0x08, 0xd0, 0x42, 0x18, 0x6e, 0x38, 0x62, 0x82, 0x0c, 0xa6, 0x1b,
  0x02, 0xb5, 0x10, 0x86, 0x1b, 0x8c, 0x98, 0x20, 0x83, 0xe9, 0x86, 0x80,
  0x2d, 0x84, 0x59, 0x86, 0x48, 0x0a, 0x6e, 0xf9, 0x07, 0xb9, 0xc0, 0x82,
  0x53, 0xfe, 0x41, 0x4e, 0x08, 0xa0, 0x93, 0x03, 0x5b, 0x90, 0x47, 0x45,
  0x41, 0x32, 0x2e, 0x08, 0x09, 0x39, 0x22, 0x80, 0x0c, 0xb0, 0xe8, 0x80,
  0x30, 0x1e, 0x01, 0x05, 0xc0, 0x98, 0x25, 0x90, 0x06, 0x4a, 0x00, 0x77,
  0x79, 0xdc, 0xc5, 0x11, 0x22, 0x77, 0x81, 0xd0, 0xd3, 0x8f, 0x1b, 0xc0,
  0x80, 0x1c, 0x60, 0x20, 0x03, 0x2c, 0x7a, 0x30, 0xfc, 0xc6, 0x2d, 0x04,
  0xc3, 0x06, 0x44, 0x50, 0x0c, 0x00, 0x8a, 0xc1, 0x7f, 0xc0, 0xc0, 0x70,
  0x43, 0xb0, 0x1f, 0x60, 0x30, 0xcb, 0xd0, 0x38, 0xc1, 0x2c, 0x03, 0x55,
  0xa9, 0xc3, 0xd1, 0x41, 0x3a, 0xc0, 0x2c, 0x81, 0x75, 0x67, 0x20, 0x17,
  0x75, 0x68, 0x30, 0x17, 0x73, 0x01, 0x5c, 0xd4, 0x09, 0x71, 0x31, 0xb3,
  0x04, 0xd6, 0x40, 0x45, 0xa2, 0x50, 0x48, 0x35, 0x50, 0x91, 0xd8, 0x03,
  0x65, 0x54, 0x03, 0x15, 0x89, 0x3e, 0x50, 0x46, 0x75, 0x43, 0x4c, 0xc8,
  0x0d, 0x30, 0x21, 0x17, 0x08, 0x70, 0x04, 0x4c, 0xc8, 0x09, 0x01, 0xcc,
  0x12, 0x5c, 0x03, 0x15, 0x89, 0x0b, 0x59, 0x57, 0x86, 0x81, 0x39, 0xc0,
  0xc0, 0x70, 0x43, 0xe0, 0x17, 0x64, 0x30, 0xcb, 0x80, 0x65, 0xc1, 0x09,
  0x3b, 0x21, 0x57, 0x04, 0x90, 0x01, 0x16, 0x1d, 0x10, 0xfc, 0x23, 0xa0,
  0x00, 0x18, 0xb3, 0x04, 0xd9, 0x40, 0x06, 0x20, 0x60, 0x66, 0x73, 0xf9,
  0x47, 0x26, 0x58, 0x74, 0x74, 0x60, 0x8d, 0x14, 0x09, 0x86, 0x0d, 0x88,
  0x60, 0x18, 0x00, 0x5c, 0x72, 0x04, 0x06, 0x86, 0x1b, 0x82, 0x1c, 0x01,
  0x83, 0x59, 0x06, 0xed, 0x0a, 0x66, 0x09, 0xb8, 0x11, 0x03, 0x03, 0x01,
  0x41, 0x30, 0xd8, 0xc2, 0x44, 0x3e, 0xe6, 0x61, 0xc4, 0xc0, 0x58, 0x42,
  0x10, 0x0c, 0x3a, 0x1f, 0xe1, 0x91, 0x1d, 0x99, 0x25, 0xf0, 0x06, 0x2a,
  0x12, 0x34, 0xd2, 0x1e, 0x2e, 0x03, 0x2c, 0x3a, 0x3a, 0xc4, 0x86, 0x8b,
  0x04, 0x14, 0x00, 0x03, 0x89, 0x7e, 0x80, 0x81, 0x0c, 0xb0, 0xe8, 0xc4,
  0x10, 0x22, 0xf7, 0x10, 0x0c, 0x1b, 0x10, 0x01, 0x31, 0x00, 0x78, 0x88,
  0x09, 0x0c, 0x0c, 0x37, 0x04, 0x62, 0x02, 0x06, 0xb3, 0x0c, 0x1b, 0x17,
  0x8c, 0x18, 0x18, 0x4b, 0x08, 0x82, 0x41, 0x77, 0x26, 0x65, 0x42, 0x26,
  0xe7, 0x0b, 0x3e, 0x02, 0xc3, 0x0d, 0x81, 0x49, 0x90, 0xc1, 0x2c, 0x83,
  0x51, 0x04, 0x03, 0x15, 0x89, 0x1f, 0x6d, 0x71, 0x20, 0x06, 0x23, 0x06,
  0x06, 0x02, 0x82, 0x60, 0xb0, 0xad, 0xc9, 0x7f, 0xf0, 0xc3, 0x88, 0x81,
  0x81, 0x80, 0x20, 0x18, 0x6c, 0x6b, 0xe2, 0x1f, 0xfb, 0x90, 0x01, 0x16,
  0xb3, 0x04, 0xdf, 0x40, 0x45, 0x22, 0x4a, 0xde, 0xf3, 0x61, 0xc0, 0x0f,
  0x30, 0x90, 0x01, 0x16, 0x3d, 0x18, 0x58, 0x84, 0x08, 0x28, 0x00, 0x46,
  0x16, 0x58, 0x74, 0x76, 0x08, 0x8f, 0x1f, 0x09, 0x86, 0x0d, 0x88, 0x60,
  0x18, 0x00, 0x3c, 0xde, 0x04, 0x06, 0x86, 0x1b, 0x82, 0x35, 0x01, 0x83,
  0x59, 0x06, 0x30, 0xf8, 0x82, 0x81, 0x8a, 0xe4, 0x01, 0x03, 0x5a, 0xfa,
  0x30, 0x80, 0x09, 0x18, 0xc8, 0x00, 0x8b, 0x4e, 0x0c, 0x34, 0xd2, 0x04,
  0x14, 0x00, 0x23, 0x0b, 0x2c, 0x3a, 0x3a, 0xa4, 0x07, 0x9a, 0x04, 0xc3,
  0x06, 0x44, 0x30, 0x0c, 0x00, 0x1e, 0x78, 0x02, 0x03, 0xc3, 0x0d, 0x01,
  0x9e, 0x80, 0xc1, 0x2c, 0x43, 0x18, 0x80, 0x41, 0x30, 0x50, 0x91, 0x34,
  0x63, 0x60, 0x4e, 0x60, 0x90, 0x01, 0x16, 0x9d, 0x1d, 0xde, 0xa3, 0x4d,
  0x02, 0x0a, 0x80, 0x31, 0x4b, 0x40, 0x06, 0x23, 0x06, 0x06, 0x02, 0x82,
  0x60, 0xb0, 0x91, 0x4a, 0x8d, 0xc8, 0xc4, 0x88, 0x81, 0x81, 0x80, 0x20,
  0x18, 0x6c, 0xa4, 0x62, 0x23, 0x33, 0x81, 0x98, 0x9f, 0xc0, 0xc0, 0x70,
  0x43, 0x90, 0x27, 0x60, 0x30, 0xcb, 0xd0, 0x79, 0x01, 0x1a, 0xa0, 0x02,
  0x03, 0xc3, 0x0d, 0x01, 0x9f, 0x80, 0xc1, 0x2c, 0x83, 0x18, 0x84, 0x41,
  0x30, 0x50, 0x91, 0xd8, 0x53, 0x18, 0x3c, 0x64, 0x90, 0x01, 0x16, 0x1d,
  0x1d, 0xec, 0xa3, 0x4e, 0x02, 0x0a, 0x80, 0xd1, 0x53, 0x62, 0x3f, 0xee,
  0x64, 0x19, 0x28, 0x00, 0xc6, 0x88, 0x01, 0xc2, 0x84, 0x20, 0x58, 0xf8,
  0x07, 0xd5, 0x2a, 0xcb, 0x10, 0x0c, 0x1b, 0x10, 0x43, 0x30, 0x00, 0x78,
  0xa4, 0x0a, 0x0c, 0x0c, 0x37, 0x04, 0xa9, 0x02, 0x06, 0xb3, 0x0c, 0x63,
  0x40, 0x06, 0xc1, 0x88, 0x81, 0x81, 0x80, 0x20, 0x18, 0x6c, 0xb1, 0x02,
  0x26, 0x68, 0x31, 0x62, 0x60, 0x20, 0x20, 0x08, 0x06, 0x5b, 0xac, 0x84,
  0xc9, 0x5b, 0x8c, 0x18, 0x18, 0x08, 0x08, 0x82, 0xc1, 0x16, 0x2b, 0x63,
  0x02, 0x17, 0x23, 0x06, 0x06, 0x02, 0x82, 0x60, 0xb0, 0xc5, 0xca, 0x98,
  0xc4, 0xc5, 0x88, 0x81, 0x81, 0x80, 0x20, 0x18, 0x6c, 0xb1, 0x32, 0x26,
  0x72, 0xa1, 0x03, 0x15, 0x09, 0x4a, 0x15, 0xbf, 0x80, 0x07, 0x88, 0x12,
  0x01, 0x0c, 0x0c, 0x37, 0x04, 0x7b, 0x41, 0x06, 0xb3, 0x0c, 0x67, 0x80,
  0x07, 0xc1, 0x09, 0xf0, 0x51, 0x37, 0xc4, 0xc7, 0x5c, 0x00, 0x1f, 0x75,
  0x42, 0x7c, 0xcc, 0x11, 0xaa, 0x21, 0x37, 0x9c, 0x86, 0x5c, 0x20, 0xc0,
  0x11, 0xa5, 0x21, 0x27, 0x04, 0x90, 0x0c, 0x16, 0xb3, 0x04, 0x68, 0x30,
  0x50, 0x91, 0x88, 0xd5, 0x19, 0x84, 0xc2, 0x1d, 0x60, 0x70, 0x13, 0x30,
  0x30, 0xdc, 0x10, 0xa0, 0x08, 0x19, 0xcc, 0x32, 0xa4, 0xc1, 0x1d, 0x04,
  0x39, 0x60, 0xd1, 0x53, 0x22, 0x46, 0x5a, 0xa5, 0x08, 0x28, 0x00, 0xc6,
  0x2c, 0x83, 0x1a, 0xb8, 0x41, 0x4e, 0x0c, 0x47, 0x04, 0x3b, 0x22, 0xf8,
  0xc7, 0x2c, 0x03, 0x1d, 0xac, 0x41, 0x30, 0xcb, 0xd0, 0x06, 0x6c, 0x10,
  0x1e, 0x69, 0x60, 0xd1, 0x01, 0x01, 0x55, 0x02, 0x0a, 0x80, 0x31, 0x4b,
  0xd0, 0x06, 0x03, 0x19, 0x80, 0xc0, 0x06, 0x7e, 0xb4, 0x06, 0xfe, 0x81,
  0x81, 0x21, 0xfe, 0xb3, 0x04, 0x74, 0x30, 0xcb, 0x00, 0x07, 0x6f, 0x60,
  0x1e, 0xb9, 0x60, 0xd1, 0x01, 0xa1, 0x55, 0x02, 0x0a, 0x80, 0x31, 0x4b,
  0x00, 0x07, 0x03, 0x19, 0x80, 0xf0, 0x06, 0xa8, 0xe4, 0x06, 0xfe, 0x81,
  0xc1, 0x02, 0xfe, 0xc3, 0x24, 0xc9, 0xab, 0xd0, 0x41, 0x13, 0x07, 0x8c,
  0x1c, 0x54, 0x73, 0x30, 0x62, 0x70, 0x30, 0x21, 0x08, 0x16, 0xfe, 0x61,
  0xc1, 0x4b, 0x60, 0x26, 0xb3, 0x04, 0x74, 0x30, 0x62, 0x80, 0x30, 0x21,
  0x08, 0x16, 0xfe, 0x41, 0xc9, 0x8b, 0x70, 0x26, 0x65, 0x32, 0x4b, 0x40,
  0x07, 0x36, 0x80, 0xff, 0x88, 0x81, 0xc1, 0x84, 0x20, 0x58, 0xf8, 0x87,
  0x54, 0x2f, 0x01, 0x06, 0x69, 0x02, 0xfe, 0xa8, 0x26, 0x01, 0xf9, 0xcf,
  0x12, 0xd0, 0xc1, 0x40, 0x0d, 0xc0, 0xc4, 0x81, 0x22, 0x07, 0xc2, 0x1c,
  0x60, 0x6d, 0x40, 0x06, 0x6a, 0xe0, 0xc0, 0xc1, 0x5d, 0xec, 0x21, 0x17,
  0x6c, 0x90, 0x01, 0x16, 0xb3, 0x0c, 0x75, 0x60, 0x07, 0xf6, 0xd1, 0x01,
  0x41, 0x57, 0x02, 0x0a, 0x80, 0x81, 0x81, 0x01, 0xfe, 0xb3, 0x04, 0x76,
  0x30, 0x50, 0x01, 0x08, 0x75, 0xe0, 0xd0, 0x41, 0x07, 0x04, 0x70, 0x29,
  0x86, 0x0d, 0x88, 0x40, 0x18, 0x80, 0x59, 0x82, 0x3b, 0x40, 0x30, 0xc0,
  0x17, 0x18, 0x18, 0x6e, 0x08, 0xf0, 0x05, 0x0c, 0x66, 0x19, 0xf0, 0x00,
  0x0d, 0x02, 0x7c, 0x03, 0x7d, 0x81, 0x81, 0xe1, 0x86, 0xc0, 0x5e, 0xc0,
  0x60, 0x96, 0xa1, 0x0c, 0xcc, 0x20, 0x08, 0x88, 0x01, 0x00, 0x5c, 0x00,
  0x00, 0x00, 0x5b, 0x86, 0x24, 0xe0, 0x85, 0x2d, 0xc3, 0x12, 0xf0, 0xc2,
  0x96, 0xa1, 0x09, 0x78, 0x61, 0xcb, 0xf0, 0x04, 0xbc, 0xb0, 0x65, 0x88,
  0x02, 0x5e, 0xd8, 0x32, 0x4c, 0x01, 0x2f, 0x6c, 0x19, 0xaa, 0x80, 0x17,
  0xb6, 0x0c, 0x57, 0xc0, 0x0b, 0x5b, 0x86, 0x2c, 0xe0, 0x85, 0x2d, 0xc3,
  0x16, 0xf0, 0xc2, 0x96, 0xa1, 0x0b, 0x78, 0x61, 0xcb, 0xf0, 0x05, 0xbc,
  0xb0, 0x65, 0x08, 0x83, 0x80, 0x17, 0xb6, 0x0c, 0x63, 0x10, 0xf0, 0xc2,
  0x96, 0xa1, 0x0c, 0x02, 0x5e, 0xd8, 0x32, 0x9c, 0x41, 0xc0, 0x0b, 0x5b,
  0x86, 0x34, 0x08, 0x78, 0x61, 0xcb, 0xb0, 0x06, 0x01, 0x2f, 0x6c, 0x19,
  0xda, 0x20, 0xe0, 0x85, 0x2d, 0xc3, 0x1b, 0x04, 0xbc, 0xb0, 0x65, 0x88,
  0x83, 0x80, 0x17, 0xb6, 0x0c, 0x73, 0x10, 0xf0, 0xc2, 0x96, 0xa1, 0x0e,
  0x02, 0x5e, 0xd8, 0x32, 0xf4, 0x41, 0xc0, 0x0b, 0x5b, 0x86, 0x50, 0x08,
  0x78, 0x61, 0xcb, 0x50, 0x0a, 0x01, 0x2f, 0x6c, 0x19, 0x52, 0x21, 0xe0,
  0x85, 0x2d, 0x03, 0x3e, 0x04, 0xee, 0xb0, 0x65, 0xf0, 0x87, 0x80, 0x17,
  0xb6, 0x0c, 0x22, 0x11, 0xf0, 0xc2, 0x96, 0xc1, 0x24, 0x02, 0x5e, 0xd8,
  0x32, 0xa4, 0x84, 0x14, 0x0e, 0x5b, 0x0a, 0xba, 0x08, 0xdc, 0x81, 0x80,
  0x87, 0x2d, 0x03, 0x5e, 0x04, 0xbc, 0xb0, 0x65, 0xd8, 0x8b, 0x80, 0x17,
  0xb6, 0x0c, 0xaa, 0x11, 0xf0, 0xc2, 0x96, 0xe1, 0x35, 0x02, 0x79, 0xd8,
  0x32, 0xd8, 0x46, 0x20, 0x0f, 0x5b, 0x86, 0xdc, 0x90, 0xc4, 0x61, 0xcb,
  0x30, 0x1f, 0x81, 0x3c, 0x6c, 0x19, 0xf0, 0x23, 0x90, 0x87, 0x2d, 0xc3,
  0x7e, 0x48, 0xe3, 0xb0, 0x65, 0x18, 0x91, 0x40, 0x1e, 0xb6, 0x0c, 0x27,
  0x12, 0xc8, 0xc3, 0x96, 0x41, 0x45, 0x24, 0x72, 0xd8, 0x32, 0xb8, 0x88,
  0x54, 0x0e, 0x5b, 0x06, 0x1c, 0x09, 0xe4, 0x61, 0xcb, 0xb0, 0x23, 0x81,
  0x3c, 0x6c, 0x19, 0x7c, 0x44, 0x32, 0x87, 0x2d, 0xc3, 0x98, 0x04, 0xf2,
  0xb0, 0x65, 0x30, 0x93, 0x40, 0x1e, 0xb6, 0x0c, 0x69, 0x22, 0x9d, 0xc3,
  0x96, 0xa1, 0x4d, 0x02, 0x79, 0xd8, 0x32, 0xcc, 0x89, 0x84, 0x0e, 0x5b,
  0x06, 0x3b, 0x91, 0xd2, 0x61, 0xcb, 0xa0, 0x27, 0x81, 0x3c, 0x6c, 0x19,
  0xf8, 0x24, 0x90, 0x87, 0x2d, 0x83, 0x9f, 0x04, 0xf2, 0xb0, 0x65, 0x08,
  0x15, 0x49, 0x1d, 0xb6, 0x0c, 0xbd, 0x12, 0xc8, 0xc3, 0x96, 0x81, 0x5c,
  0x02, 0x79, 0xd8, 0x32, 0xb0, 0x4b, 0x20, 0x0f, 0x5b, 0x06, 0x90, 0x09,
  0xe4, 0x61, 0xcb, 0x50, 0x32, 0x81, 0x3c, 0x6c, 0x19, 0x52, 0x46, 0x5a,
  0x87, 0x2d, 0x03, 0xcb, 0x48, 0xec, 0x00, 0x00, 0x00, 0x00, 0x00, 0x00,
  0x00, 0x00, 0x71, 0x20, 0x00, 0x00, 0x03, 0x00, 0x00, 0x00, 0x32, 0x0e,
  0x10, 0x22, 0x84, 0x02, 0xf5, 0x08, 0x38, 0x60, 0x9d, 0x00, 0x00, 0x00,
  0x00, 0x00, 0x65, 0x0c, 0x00, 0x00, 0x61, 0x00, 0x00, 0x00, 0x12, 0x03,
  0x94, 0xf8, 0x02, 0x00, 0x00, 0x00, 0x03, 0x00, 0x00, 0x00, 0xce, 0x01,
  0x00, 0x00, 0x0b, 0x00, 0x00, 0x00, 0x4c, 0x00, 0x00, 0x00, 0x01, 0x00,
  0x00, 0x00, 0x58, 0x00, 0x00, 0x00, 0x00, 0x00, 0x00, 0x00, 0x58, 0x00,
  0x00, 0x00, 0x0c, 0x00, 0x00, 0x00, 0x78, 0x01, 0x00, 0x00, 0x00, 0x00,
  0x00, 0x00, 0xd9, 0x01, 0x00, 0x00, 0x1c, 0x00, 0x00, 0x00, 0xa6, 0x00,
  0x00, 0x00, 0x09, 0x00, 0x00, 0x00, 0x53, 0x00, 0x00, 0x00, 0x00, 0x00,
  0x00, 0x00, 0x78, 0x01, 0x00, 0x00, 0x00, 0x00, 0x00, 0x00, 0x00, 0x00,
  0x00, 0x00, 0x0c, 0x00, 0x00, 0x00, 0x00, 0x00, 0x00, 0x00, 0xa6, 0x00,
  0x00, 0x00, 0x09, 0x00, 0x00, 0x00, 0xa6, 0x00, 0x00, 0x00, 0x09, 0x00,
  0x00, 0x00, 0xff, 0xff, 0xff, 0xff, 0x00, 0x24, 0x00, 0x00, 0xaf, 0x00,
  0x00, 0x00, 0x91, 0x00, 0x00, 0x00, 0xaf, 0x00, 0x00, 0x00, 0x91, 0x00,
  0x00, 0x00, 0xff, 0xff, 0xff, 0xff, 0x00, 0x30, 0x00, 0x00, 0x40, 0x01,
  0x00, 0x00, 0x10, 0x00, 0x00, 0x00, 0x40, 0x01, 0x00, 0x00, 0x10, 0x00,
  0x00, 0x00, 0xff, 0xff, 0xff, 0xff, 0x08, 0x24, 0x00, 0x00, 0x50, 0x01,
  0x00, 0x00, 0x12, 0x00, 0x00, 0x00, 0x50, 0x01, 0x00, 0x00, 0x12, 0x00,
  0x00, 0x00, 0xff, 0xff, 0xff, 0xff, 0x08, 0x24, 0x00, 0x00, 0x62, 0x01,
  0x00, 0x00, 0x11, 0x00, 0x00, 0x00, 0x62, 0x01, 0x00, 0x00, 0x11, 0x00,
  0x00, 0x00, 0xff, 0xff, 0xff, 0xff, 0x08, 0x24, 0x00, 0x00, 0x73, 0x01,
  0x00, 0x00, 0x16, 0x00, 0x00, 0x00, 0x73, 0x01, 0x00, 0x00, 0x16, 0x00,
  0x00, 0x00, 0xff, 0xff, 0xff, 0xff, 0x08, 0x2c, 0x00, 0x00, 0x89, 0x01,
  0x00, 0x00, 0x0b, 0x00, 0x00, 0x00, 0x89, 0x01, 0x00, 0x00, 0x0b, 0x00,
  0x00, 0x00, 0xff, 0xff, 0xff, 0xff, 0x08, 0x24, 0x00, 0x00, 0x94, 0x01,
  0x00, 0x00, 0x18, 0x00, 0x00, 0x00, 0x94, 0x01, 0x00, 0x00, 0x18, 0x00,
  0x00, 0x00, 0xff, 0xff, 0xff, 0xff, 0x08, 0x2c, 0x00, 0x00, 0xac, 0x01,
  0x00, 0x00, 0x0e, 0x00, 0x00, 0x00, 0xac, 0x01, 0x00, 0x00, 0x0e, 0x00,
  0x00, 0x00, 0xff, 0xff, 0xff, 0xff, 0x08, 0x24, 0x00, 0x00, 0xba, 0x01,
  0x00, 0x00, 0x14, 0x00, 0x00, 0x00, 0xba, 0x01, 0x00, 0x00, 0x14, 0x00,
  0x00, 0x00, 0xff, 0xff, 0xff, 0xff, 0x08, 0x2c, 0x00, 0x00, 0x00, 0x00,
  0x00, 0x00, 0x53, 0x00, 0x00, 0x00, 0x00, 0x00, 0x00, 0x00, 0x53, 0x00,
  0x00, 0x00, 0xff, 0xff, 0xff, 0xff, 0x00, 0x00, 0x00, 0x00, 0x53, 0x00,
  0x00, 0x00, 0x53, 0x00, 0x00, 0x00, 0x53, 0x00, 0x00, 0x00, 0x53, 0x00,
  0x00, 0x00, 0xff, 0xff, 0xff, 0xff, 0x00, 0x00, 0x00, 0x00, 0x00, 0x00,
  0x00, 0x00, 0x5d, 0x0c, 0x00, 0x00, 0x81, 0x00, 0x00, 0x00, 0x12, 0x03,
  0x94, 0xf5, 0x03, 0x00, 0x00, 0x00, 0x5f, 0x5a, 0x5a, 0x39, 0x6e, 0x76,
  0x63, 0x6f, 0x6e, 0x76, 0x35, 0x5f, 0x62, 0x50, 0x55, 0x39, 0x4d, 0x54,
  0x4c, 0x64, 0x65, 0x76, 0x69, 0x63, 0x65, 0x4b, 0x66, 0x53, 0x30, 0x5f,
  0x53, 0x30, 0x5f, 0x53, 0x30, 0x5f, 0x50, 0x55, 0x39, 0x4d, 0x54, 0x4c,
  0x64, 0x65, 0x76, 0x69, 0x63, 0x65, 0x66, 0x50, 0x55, 0x31, 0x31, 0x4d,
  0x54, 0x4c, 0x63, 0x6f, 0x6e, 0x73, 0x74, 0x61, 0x6e, 0x74, 0x4b, 0x6a,
  0x53, 0x34, 0x5f, 0x52, 0x53, 0x33, 0x5f, 0x44, 0x76, 0x33, 0x5f, 0x6a,
  0x6a, 0x45, 0x32, 0x41, 0x73, 0x5f, 0x5a, 0x5a, 0x39, 0x6e, 0x76, 0x63,
  0x6f, 0x6e, 0x76, 0x35, 0x5f, 0x62, 0x50, 0x55, 0x39, 0x4d, 0x54, 0x4c,
  0x64, 0x65, 0x76, 0x69, 0x63, 0x65, 0x4b, 0x66, 0x53, 0x30, 0x5f, 0x53,
  0x30, 0x5f, 0x53, 0x30, 0x5f, 0x50, 0x55, 0x39, 0x4d, 0x54, 0x4c, 0x64,
  0x65, 0x76, 0x69, 0x63, 0x65, 0x66, 0x50, 0x55, 0x31, 0x31, 0x4d, 0x54,
  0x4c, 0x63, 0x6f, 0x6e, 0x73, 0x74, 0x61, 0x6e, 0x74, 0x4b, 0x6a, 0x53,
  0x34, 0x5f, 0x52, 0x53, 0x33, 0x5f, 0x44, 0x76, 0x33, 0x5f, 0x6a, 0x6a,
  0x45, 0x32, 0x42, 0x73, 0x6e, 0x76, 0x63, 0x6f, 0x6e, 0x76, 0x35, 0x5f,
  0x62, 0x5f, 0x5a, 0x4c, 0x31, 0x31, 0x6e, 0x76, 0x63, 0x6f, 0x6e, 0x76,
  0x5f, 0x62, 0x6f, 0x64, 0x79, 0x49, 0x4c, 0x6a, 0x31, 0x32, 0x38, 0x45,
  0x4c, 0x6a, 0x36, 0x34, 0x45, 0x4c, 0x6a, 0x38, 0x45, 0x4c, 0x6a, 0x34,
  0x45, 0x45, 0x76, 0x50, 0x55, 0x39, 0x4d, 0x54, 0x4c, 0x64, 0x65, 0x76,
  0x69, 0x63, 0x65, 0x4b, 0x66, 0x53, 0x31, 0x5f, 0x50, 0x55, 0x39, 0x4d,
  0x54, 0x4c, 0x64, 0x65, 0x76, 0x69, 0x63, 0x65, 0x66, 0x53, 0x31, 0x5f,
  0x53, 0x31, 0x5f, 0x6a, 0x50, 0x55, 0x31, 0x31, 0x4d, 0x54, 0x4c, 0x63,
  0x6f, 0x6e, 0x73, 0x74, 0x61, 0x6e, 0x74, 0x4b, 0x6a, 0x53, 0x35, 0x5f,
  0x44, 0x76, 0x33, 0x5f, 0x6a, 0x6a, 0x50, 0x41, 0x70, 0x6c, 0x54, 0x5f,
  0x4c, 0x69, 0x34, 0x45, 0x5f, 0x55, 0x31, 0x34, 0x4d, 0x54, 0x4c, 0x74,
  0x68, 0x72, 0x65, 0x61, 0x64, 0x67, 0x72, 0x6f, 0x75, 0x70, 0x66, 0x50,
  0x41, 0x70, 0x6c, 0x54, 0x30, 0x5f, 0x4c, 0x69, 0x34, 0x45, 0x5f, 0x53,
  0x37, 0x5f, 0x61, 0x69, 0x72, 0x2e, 0x66, 0x61, 0x73, 0x74, 0x5f, 0x65,
  0x78, 0x70, 0x2e, 0x66, 0x33, 0x32, 0x61, 0x69, 0x72, 0x2e, 0x66, 0x61,
  0x73, 0x74, 0x5f, 0x63, 0x6c, 0x61, 0x6d, 0x70, 0x2e, 0x66, 0x33, 0x32,
  0x61, 0x69, 0x72, 0x2e, 0x66, 0x61, 0x73, 0x74, 0x5f, 0x66, 0x6d, 0x61,
  0x78, 0x2e, 0x66, 0x33, 0x32, 0x6c, 0x6c, 0x76, 0x6d, 0x2e, 0x6c, 0x69,
  0x66, 0x65, 0x74, 0x69, 0x6d, 0x65, 0x2e, 0x65, 0x6e, 0x64, 0x2e, 0x70,
  0x30, 0x69, 0x38, 0x61, 0x69, 0x72, 0x2e, 0x66, 0x6d, 0x61, 0x2e, 0x66,
  0x33, 0x32, 0x6c, 0x6c, 0x76, 0x6d, 0x2e, 0x6c, 0x69, 0x66, 0x65, 0x74,
  0x69, 0x6d, 0x65, 0x2e, 0x73, 0x74, 0x61, 0x72, 0x74, 0x2e, 0x70, 0x30,
  0x69, 0x38, 0x61, 0x69, 0x72, 0x2e, 0x77, 0x67, 0x2e, 0x62, 0x61, 0x72,
  0x72, 0x69, 0x65, 0x72, 0x6c, 0x6c, 0x76, 0x6d, 0x2e, 0x6d, 0x65, 0x6d,
  0x73, 0x65, 0x74, 0x2e, 0x70, 0x30, 0x69, 0x38, 0x2e, 0x69, 0x36, 0x34,
  0x33, 0x32, 0x30, 0x32, 0x33, 0x2e, 0x39, 0x31, 0x37, 0x2e, 0x32, 0x61,
  0x69, 0x72, 0x36, 0x34, 0x5f, 0x76, 0x32, 0x37, 0x2d, 0x61, 0x70, 0x70,
  0x6c, 0x65, 0x2d, 0x6d, 0x61, 0x63, 0x6f, 0x73, 0x78, 0x31, 0x35, 0x2e,
  0x37, 0x2e, 0x30, 0x00, 0x00, 0x00, 0x00, 0x00, 0x00, 0x00, 0x00, 0x00,
  0x00, 0x00, 0x00, 0x00, 0x00, 0x00, 0x00, 0x00, 0x00, 0x00, 0xde, 0xc0,
  0x17, 0x0b, 0x00, 0x00, 0x00, 0x00, 0x14, 0x00, 0x00, 0x00, 0xa4, 0x20,
  0x00, 0x00, 0xff, 0xff, 0xff, 0xff, 0x42, 0x43, 0xc0, 0xde, 0x35, 0x14,
  0x00, 0x00, 0x03, 0x00, 0x00, 0x00, 0x62, 0x0c, 0x30, 0x24, 0x80, 0x10,
  0x05, 0xc8, 0x14, 0x00, 0x00, 0x00, 0x21, 0x0c, 0x00, 0x00, 0x3c, 0x07,
  0x00, 0x00, 0x0b, 0x02, 0x21, 0x00, 0x02, 0x00, 0x00, 0x00, 0x16, 0x00,
  0x00, 0x00, 0x07, 0x81, 0x23, 0x91, 0x41, 0xc8, 0x04, 0x49, 0x06, 0x10,
  0x32, 0x39, 0x92, 0x01, 0x84, 0x0c, 0x25, 0x05, 0x08, 0x19, 0x1e, 0x04,
  0x8b, 0x62, 0x80, 0x18, 0x45, 0x02, 0x42, 0x92, 0x0b, 0x42, 0xc4, 0x10,
  0x32, 0x14, 0x38, 0x08, 0x18, 0x4b, 0x0a, 0x32, 0x62, 0x88, 0x48, 0x70,
  0xc4, 0x21, 0x23, 0x44, 0x12, 0x87, 0x8c, 0x10, 0x41, 0x92, 0x02, 0x64,
  0xc8, 0x08, 0xb1, 0x14, 0x20, 0x43, 0x46, 0x88, 0x20, 0xc9, 0x01, 0x32,
  0x62, 0x84, 0x18, 0x2a, 0x28, 0x2a, 0x90, 0x31, 0x7c, 0xb0, 0x5c, 0x91,
  0x20, 0xc6, 0xc8, 0x00, 0x00, 0x00, 0x89, 0x20, 0x00, 0x00, 0x2b, 0x00,
  0x00, 0x00, 0x32, 0x22, 0x88, 0x09, 0x20, 0x62, 0x46, 0x00, 0x21, 0x2b,
  0x24, 0x98, 0x18, 0x21, 0x25, 0x24, 0x98, 0x18, 0x19, 0x27, 0x0c, 0x85,
  0xa4, 0x90, 0x60, 0x62, 0x64, 0x5c, 0x20, 0x24, 0x66, 0x82, 0x20, 0x0e,
  0x66, 0x00, 0x94, 0x08, 0x50, 0x88, 0x60, 0x10, 0x41, 0x18, 0x94, 0x04,
  0x50, 0x08, 0x62, 0x10, 0xa1, 0x18, 0x46, 0x00, 0x06, 0x11, 0x80, 0x60,
  0x8e, 0x00, 0x0c, 0x06, 0x11, 0x12, 0x61, 0x18, 0x61, 0x48, 0xcc, 0x72,
  0x20, 0x08, 0x82, 0x20, 0x8a, 0xa2, 0x2c, 0x09, 0x31, 0x83, 0x08, 0xc1,
  0x30, 0x88, 0x40, 0x0c, 0xa6, 0x39, 0x10, 0x04, 0x41, 0x90, 0x44, 0x51,
  0x96, 0xc4, 0x79, 0x08, 0x32, 0x02, 0x00, 0x90, 0x64, 0x08, 0x00, 0x00,
  0x00, 0xa2, 0xcc, 0x00, 0x00, 0x00, 0x59, 0x73, 0x04, 0xa0, 0x30, 0x47,
  0x80, 0x50, 0x66, 0x86, 0x03, 0xd3, 0x68, 0x33, 0xc3, 0x91, 0x24, 0xd4,
  0xcd, 0x11, 0x04, 0xa6, 0x38, 0xb4, 0x0c, 0xfb, 0x08, 0x1c, 0x08, 0x50,
  0x81, 0x44, 0x09, 0x12, 0x22, 0x95, 0x20, 0x23, 0x53, 0x05, 0x00, 0x25,
  0x40, 0x29, 0x55, 0x02, 0x80, 0xd6, 0x29, 0x00, 0x02, 0x06, 0x11, 0x80,
  0x81, 0x12, 0x00, 0x00, 0x00, 0x00, 0x51, 0x18, 0x00, 0x00, 0x51, 0x01,
  0x00, 0x00, 0x1b, 0xe4, 0x23, 0xf8, 0xff, 0xff, 0xff, 0xff, 0x01, 0x58,
  0x03, 0xc0, 0x14, 0x00, 0x89, 0x08, 0x07, 0x78, 0x80, 0x07, 0x79, 0x78,
  0x07, 0x7c, 0x68, 0x03, 0x73, 0xa8, 0x07, 0x77, 0x18, 0x87, 0x36, 0x30,
  0x07, 0x78, 0x68, 0x83, 0x76, 0x08, 0x07, 0x7a, 0x40, 0x07, 0x80, 0x1e,
  0xe4, 0xa1, 0x1e, 0xca, 0x01, 0x20, 0xcc, 0x41, 0x1e, 0xc2, 0xa1, 0x1d,
  0xca, 0xa1, 0x0d, 0xe0, 0xe1, 0x1d, 0xd2, 0xc1, 0x1d, 0xe8, 0xa1, 0x1c,
  0xe4, 0x01, 0x08, 0x07, 0x76, 0x60, 0x07, 0x80, 0x68, 0x87, 0x74, 0x70,
  0x87, 0x36, 0x60, 0x87, 0x72, 0x38, 0x87, 0x70, 0x60, 0x87, 0x36, 0xb0,
  0x87, 0x72, 0x18, 0x07, 0x7a, 0x78, 0x07, 0x79, 0x68, 0x83, 0x7b, 0x48,
  0x07, 0x72, 0xa0, 0x07, 0x74, 0x00, 0xf2, 0xc0, 0x0e, 0x80, 0xc1, 0x1d,
  0xde, 0xa1, 0x0d, 0xc4, 0xa1, 0x1e, 0xd2, 0x81, 0x1d, 0xe8, 0x21, 0x1d,
  0xdc, 0x61, 0x1e, 0x00, 0xc2, 0x1d, 0xde, 0xa1, 0x0d, 0xd2, 0xc1, 0x1d,
  0xcc, 0x61, 0x1e, 0xda, 0xc0, 0x1c, 0xe0, 0xa1, 0x0d, 0xda, 0x21, 0x1c,
  0xe8, 0x01, 0x1d, 0x00, 0x7a, 0x90, 0x87, 0x7a, 0x28, 0x07, 0x80, 0x70,
  0x87, 0x77, 0x68, 0x03, 0x77, 0x08, 0x07, 0x77, 0x98, 0x87, 0x36, 0x30,
  0x07, 0x78, 0x68, 0x83, 0x76, 0x08, 0x07, 0x7a, 0x40, 0x07, 0x80, 0x1e,
  0xe4, 0xa1, 0x1e, 0xca, 0x01, 0x20, 0xdc, 0xe1, 0x1d, 0xda, 0x60, 0x1e,
  0xd2, 0xe1, 0x1c, 0xdc, 0xa1, 0x1c, 0xc8, 0xa1, 0x0d, 0xf4, 0xa1, 0x1c,
  0xe4, 0xe1, 0x1d, 0xe6, 0xa1, 0x0d, 0xcc, 0x01, 0x1e, 0xda, 0xa0, 0x1d,
  0xc2, 0x81, 0x1e, 0xd0, 0x01, 0xa0, 0x07, 0x79, 0xa8, 0x87, 0x72, 0x00,
  0x08, 0x77, 0x78, 0x87, 0x36, 0xa0, 0x07, 0x79, 0x08, 0x07, 0x78, 0x80,
  0x87, 0x74, 0x70, 0x87, 0x73, 0x68, 0x83, 0x76, 0x08, 0x07, 0x7a, 0x40,
  0x07, 0x80, 0x1e, 0xe4, 0xa1, 0x1e, 0xca, 0x01, 0x20, 0xe6, 0x81, 0x1e,
  0xc2, 0x61, 0x1c, 0xd6, 0xa1, 0x0d, 0xe0, 0x41, 0x1e, 0xde, 0x81, 0x1e,
  0xca, 0x61, 0x1c, 0xe8, 0xe1, 0x1d, 0xe4, 0xa1, 0x0d, 0xc4, 0xa1, 0x1e,
  0xcc, 0xc1, 0x1c, 0xca, 0x41, 0x1e, 0xda, 0x60, 0x1e, 0xd2, 0x41, 0x1f,
  0xca, 0x01, 0xc0, 0x03, 0x80, 0xa8, 0x07, 0x77, 0x98, 0x87, 0x70, 0x30,
  0x87, 0x72, 0x68, 0x03, 0x73, 0x80, 0x87, 0x36, 0x68, 0x87, 0x70, 0xa0,
  0x07, 0x74, 0x00, 0xe8, 0x41, 0x1e, 0xea, 0xa1, 0x1c, 0x80, 0x0d, 0x9d,
  0x10, 0x00, 0x0b, 0x40, 0x0a, 0x40, 0x35, 0x84, 0x43, 0x3a, 0xc8, 0x43,
  0x1b, 0x88, 0x43, 0x3d, 0x98, 0x83, 0x39, 0x94, 0x83, 0x3c, 0xb4, 0x81,
  0x3b, 0xbc, 0x43, 0x1b, 0x84, 0x03, 0x3b, 0xa4, 0x43, 0x38, 0xcc, 0x03,
  0xb0, 0xa1, 0x1b, 0x04, 0x60, 0x01, 0x48, 0x01, 0xa8, 0x86, 0x70, 0x48,
  0x07, 0x79, 0x68, 0x03, 0x71, 0xa8, 0x07, 0x73, 0x30, 0x87, 0x72, 0x90,
  0x87, 0x36, 0x70, 0x87, 0x77, 0x68, 0x83, 0x70, 0x60, 0x87, 0x74, 0x08,
  0x87, 0x79, 0x00, 0x36, 0x64, 0xc4, 0x00, 0x90, 0xc2, 0x10, 0x0e, 0xe9,
  0x20, 0x0f, 0x6d, 0x20, 0x0e, 0xf5, 0x60, 0x0e, 0xe6, 0x50, 0x0e, 0xf2,
  0xd0, 0x06, 0xee, 0xf0, 0x0e, 0x6d, 0x10, 0x0e, 0xec, 0x90, 0x0e, 0xe1,
  0x30, 0x0f, 0xc0, 0x86, 0xac, 0x20, 0x00, 0x52, 0x18, 0xc2, 0x21, 0x1d,
  0xe4, 0xa1, 0x0d, 0xc4, 0xa1, 0x1e, 0xcc, 0xc1, 0x1c, 0xca, 0x41, 0x1e,
  0xda, 0xc0, 0x1d, 0xde, 0xa1, 0x0d, 0xc2, 0x81, 0x1d, 0xd2, 0x21, 0x1c,
  0xe6, 0x01, 0xd8, 0xd0, 0x19, 0x05, 0xb0, 0x00, 0xa4, 0x00, 0xd0, 0xc1,
  0x10, 0x0e, 0xe9, 0x20, 0x0f, 0x6d, 0x20, 0x0e, 0xf5, 0x60, 0x0e, 0xe6,
  0x50, 0x0e, 0xf2, 0xd0, 0x06, 0xee, 0xf0, 0x0e, 0x6d, 0x10, 0x0e, 0xec,
  0x90, 0x0e, 0xe1, 0x30, 0x0f, 0xc0, 0x86, 0xee, 0x30, 0x80, 0x05, 0x20,
  0x05, 0xa0, 0x1a, 0xc2, 0x21, 0x1d, 0xe4, 0xa1, 0x0d, 0xc4, 0xa1, 0x1e,
  0xcc, 0xc1, 0x1c, 0xca, 0x41, 0x1e, 0xda, 0xc0, 0x1d, 0xde, 0xa1, 0x0d,
  0xc2, 0x81, 0x1d, 0xd2, 0x21, 0x1c, 0xe6, 0x01, 0xd8, 0xd0, 0x21, 0x07,
  0xb0, 0x00, 0xa4, 0x00, 0x54, 0x43, 0x38, 0xa4, 0x83, 0x3c, 0xb4, 0x81,
  0x38, 0xd4, 0x83, 0x39, 0x98, 0x43, 0x39, 0xc8, 0x43, 0x1b, 0xb8, 0xc3,
  0x3b, 0xb4, 0x41, 0x38, 0xb0, 0x43, 0x3a, 0x84, 0xc3, 0x3c, 0x00, 0x1b,
  0xc6, 0x20, 0x41, 0x80, 0x05, 0x20, 0x05, 0xa0, 0x0a, 0x02, 0x22, 0x48,
  0x03, 0x62, 0x08, 0x87, 0x74, 0x90, 0x87, 0x36, 0x10, 0x87, 0x7a, 0x30,
  0x07, 0x73, 0x28, 0x07, 0x79, 0x68, 0x03, 0x77, 0x78, 0x87, 0x36, 0x08,
  0x07, 0x76, 0x48, 0x87, 0x70, 0x98, 0x07, 0x60, 0x03, 0xa1, 0x24, 0x00,
  0x29, 0x6c, 0x20, 0x16, 0x05, 0x20, 0x85, 0x0d, 0xf4, 0xc1, 0xfc, 0xff,
  0xff, 0xff, 0xff, 0x00, 0xac, 0x01, 0x40, 0x00, 0xa6, 0x00, 0x48, 0x44,
  0x38, 0xc0, 0x03, 0x3c, 0xc8, 0xc3, 0x3b, 0xe0, 0x43, 0x1b, 0x98, 0x43,
  0x3d, 0xb8, 0xc3, 0x38, 0xb4, 0x81, 0x39, 0xc0, 0x43, 0x1b, 0xb4, 0x43,
  0x38, 0xd0, 0x03, 0x3a, 0x00, 0xf4, 0x20, 0x0f, 0xf5, 0x50, 0x0e, 0x00,
  0x61, 0x0e, 0xf2, 0x10, 0x0e, 0xed, 0x50, 0x0e, 0x6d, 0x00, 0x0f, 0xef,
  0x90, 0x0e, 0xee, 0x40, 0x0f, 0xe5, 0x20, 0x0f, 0x40, 0x38, 0xb0, 0x03,
  0x3b, 0x00, 0x44, 0x3b, 0xa4, 0x83, 0x3b, 0xb4, 0x01, 0x3b, 0x94, 0xc3,
  0x39, 0x84, 0x03, 0x3b, 0xb4, 0x81, 0x3d, 0x94, 0xc3, 0x38, 0xd0, 0xc3,
  0x3b, 0xc8, 0x43, 0x1b, 0xdc, 0x43, 0x3a, 0x90, 0x03, 0x3d, 0xa0, 0x03,
  0x90, 0x07, 0x76, 0x00, 0x0c, 0xee, 0xf0, 0x0e, 0x6d, 0x20, 0x0e, 0xf5,
  0x90, 0x0e, 0xec, 0x40, 0x0f, 0xe9, 0xe0, 0x0e, 0xf3, 0x00, 0x10, 0xee,
  0xf0, 0x0e, 0x6d, 0x90, 0x0e, 0xee, 0x60, 0x0e, 0xf3, 0xd0, 0x06, 0xe6,
  0x00, 0x0f, 0x6d, 0xd0, 0x0e, 0xe1, 0x40, 0x0f, 0xe8, 0x00, 0xd0, 0x83,
  0x3c, 0xd4, 0x43, 0x39, 0x00, 0x84, 0x3b, 0xbc, 0x43, 0x1b, 0xb8, 0x43,
  0x38, 0xb8, 0xc3, 0x3c, 0xb4, 0x81, 0x39, 0xc0, 0x43, 0x1b, 0xb4, 0x43,
  0x38, 0xd0, 0x03, 0x3a, 0x00, 0xf4, 0x20, 0x0f, 0xf5, 0x50, 0x0e, 0x00,
  0xe1, 0x0e, 0xef, 0xd0, 0x06, 0xf3, 0x90, 0x0e, 0xe7, 0xe0, 0x0e, 0xe5,
  0x40, 0x0e, 0x6d, 0xa0, 0x0f, 0xe5, 0x20, 0x0f, 0xef, 0x30, 0x0f, 0x6d,
  0x60, 0x0e, 0xf0, 0xd0, 0x06, 0xed, 0x10, 0x0e, 0xf4, 0x80, 0x0e, 0x00,
  0x3d, 0xc8, 0x43, 0x3d, 0x94, 0x03, 0x40, 0xb8, 0xc3, 0x3b, 0xb4, 0x01,
  0x3d, 0xc8, 0x43, 0x38, 0xc0, 0x03, 0x3c, 0xa4, 0x83, 0x3b, 0x9c, 0x43,
  0x1b, 0xb4, 0x43, 0x38, 0xd0, 0x03, 0x3a, 0x00, 0xf4, 0x20, 0x0f, 0xf5,
  0x50, 0x0e, 0x00, 0x31, 0x0f, 0xf4, 0x10, 0x0e, 0xe3, 0xb0, 0x0e, 0x6d,
  0x00, 0x0f, 0xf2, 0xf0, 0x0e, 0xf4, 0x50, 0x0e, 0xe3, 0x40, 0x0f, 0xef,
  0x20, 0x0f, 0x6d, 0x20, 0x0e, 0xf5, 0x60, 0x0e, 0xe6, 0x50, 0x0e, 0xf2,
  0xd0, 0x06, 0xf3, 0x90, 0x0e, 0xfa, 0x50, 0x0e, 0x00, 0x1e, 0x00, 0x44,
  0x3d, 0xb8, 0xc3, 0x3c, 0x84, 0x83, 0x39, 0x94, 0x43, 0x1b, 0x98, 0x03,
  0x3c, 0xb4, 0x41, 0x3b, 0x84, 0x03, 0x3d, 0xa0, 0x03, 0x40, 0x0f, 0xf2,
  0x50, 0x0f, 0xe5, 0x00, 0x6c, 0x40, 0x9a, 0x00, 0x58, 0x00, 0x52, 0x00,
  0xaa, 0x0d, 0x88, 0x23, 0x00, 0x0b, 0x40, 0x0a, 0x40, 0xb5, 0x01, 0x79,
  0x06, 0x60, 0x01, 0x48, 0x01, 0xa0, 0x83, 0x0d, 0x06, 0x44, 0x00, 0xa4,
  0x00, 0x54, 0x1b, 0x8c, 0xa8, 0x00, 0x48, 0x01, 0xa8, 0x36, 0x10, 0x92,
  0x01, 0x90, 0xc2, 0x06, 0x64, 0x3a, 0x80, 0x05, 0x20, 0x05, 0xa0, 0xda,
  0x80, 0x50, 0x08, 0xb0, 0x00, 0xa4, 0x00, 0x54, 0x1b, 0x8c, 0x6a, 0x01,
  0x16, 0x80, 0x14, 0x36, 0x18, 0x16, 0x03, 0x2c, 0x00, 0x29, 0x6c, 0x70,
  0xae, 0xff, 0xff, 0xff, 0xff, 0x1f, 0x00, 0x53, 0x00, 0xfc, 0x00, 0xf8,
  0x03, 0x40, 0x02, 0x28, 0xa0, 0x0f, 0x36, 0x38, 0xd8, 0xff, 0xff, 0xff,
  0xff, 0x0f, 0x40, 0x1b, 0x00, 0xa7, 0x00, 0xf8, 0x01, 0xf0, 0x07, 0x80,
  0x04, 0xf4, 0xc1, 0x06, 0x22, 0x0b, 0x00, 0x3e, 0xd8, 0x40, 0x68, 0x02,
  0xb0, 0x6c, 0x50, 0xb6, 0xff, 0xff, 0xff, 0xff, 0x1f, 0x80, 0x35, 0x00,
  0x4c, 0x01, 0x90, 0x80, 0x3e, 0xd8, 0xc0, 0x70, 0xff, 0xff, 0xff, 0xff,
  0x3f, 0x00, 0x6d, 0x00, 0xf8, 0x01, 0x20, 0x01, 0x7d, 0x00, 0xd0, 0xc1,
  0x06, 0xa3, 0x0b, 0x80, 0x05, 0xa0, 0x83, 0x0d, 0x84, 0x47, 0x00, 0x7c,
  0xb0, 0x61, 0xfa, 0xfe, 0xff, 0xff, 0xff, 0x7f, 0x00, 0xd6, 0x00, 0x50,
  0x06, 0x77, 0x78, 0x87, 0x36, 0x10, 0x87, 0x7a, 0x48, 0x07, 0x76, 0xa0,
  0x87, 0x74, 0x70, 0x87, 0x79, 0x00, 0x36, 0x10, 0x60, 0x10, 0x00, 0xa4,
  0xb0, 0x81, 0x08, 0x03, 0x01, 0x20, 0x85, 0x0d, 0x84, 0x18, 0x0c, 0x00,
  0x29, 0x6c, 0x20, 0xc6, 0x80, 0x00, 0x48, 0x61, 0x03, 0x41, 0x06, 0x05,
  0x40, 0x0a, 0x1b, 0x88, 0x32, 0x38, 0x00, 0x52, 0xd8, 0x40, 0x98, 0x01,
  0x02, 0x90, 0xc2, 0x06, 0xe2, 0x0c, 0x16, 0x80, 0x14, 0x36, 0x10, 0x68,
  0xc0, 0x00, 0xa4, 0xb0, 0x81, 0x48, 0x83, 0xff, 0xff, 0xff, 0xff, 0x1f,
  0x00, 0x69, 0x03, 0xa1, 0x06, 0x02, 0x70, 0x06, 0x1b, 0x98, 0x35, 0x08,
  0x00, 0x52, 0x00, 0xce, 0x20, 0x08, 0x88, 0x20, 0x0d, 0xc0, 0x60, 0x03,
  0xc3, 0x06, 0x01, 0x40, 0x0a, 0xc0, 0x19, 0x04, 0x01, 0x11, 0xa4, 0x01,
  0xb4, 0x01, 0x69, 0x83, 0xff, 0xff, 0xff, 0xff, 0x1f, 0x80, 0x35, 0x00,
  0x24, 0xa0, 0x0f, 0x36, 0x20, 0x6e, 0xf0, 0xff, 0xff, 0xff, 0xff, 0x03,
  0x20, 0x01, 0x14, 0xd0, 0x07, 0x00, 0x49, 0x18, 0x00, 0x00, 0x13, 0x00,
  0x00, 0x00, 0x13, 0x96, 0x40, 0x18, 0x88, 0xc2, 0x38, 0x90, 0x44, 0x59,
  0x26, 0x34, 0x4c, 0xe3, 0x3c, 0x50, 0x24, 0x4d, 0x94, 0xb2, 0x54, 0xd6,
  0x84, 0xe0, 0x9a, 0x30, 0x60, 0x99, 0x36, 0x21, 0xd8, 0x26, 0x0c, 0x5c,
  0xe7, 0x4d, 0x68, 0x3e, 0x30, 0x08, 0x03, 0x31, 0x18, 0x03, 0x32, 0x90,
  0xca, 0xc0, 0x0c, 0x94, 0xe5, 0x0c, 0xd0, 0x60, 0x82, 0x90, 0x06, 0x6a,
  0x30, 0x21, 0x58, 0x83, 0x09, 0x01, 0x1b, 0x4c, 0x08, 0xda, 0x60, 0x42,
  0xe0, 0x06, 0x00, 0x00, 0x00, 0x00, 0x13, 0xb8, 0x70, 0x48, 0x07, 0x79,
  0xb0, 0x03, 0x3a, 0xf8, 0x05, 0x7b, 0x90, 0x83, 0x3b, 0x68, 0x83, 0x70,
  0x80, 0x07, 0x78, 0x60, 0x87, 0x72, 0x68, 0x83, 0x76, 0x08, 0x87, 0x71,
  0x78, 0x87, 0x79, 0xc0, 0x87, 0x38, 0xa8, 0x03, 0x37, 0xb8, 0x03, 0x37,
  0x80, 0x83, 0x0d, 0xb7, 0x51, 0x0e, 0x6d, 0x00, 0x0f, 0x7a, 0x60, 0x07,
  0x74, 0xa0, 0x07, 0x76, 0x40, 0x07, 0x7a, 0x60, 0x07, 0x74, 0xd0, 0x06,
  0xe9, 0x10, 0x07, 0x7a, 0x80, 0x07, 0x7a, 0x80, 0x07, 0x6d, 0x90, 0x0e,
  0x78, 0xa0, 0x07, 0x78, 0xa0, 0x07, 0x78, 0xd0, 0x06, 0xe9, 0x10, 0x07,
  0x76, 0xa0, 0x07, 0x71, 0x60, 0x07, 0x7a, 0x10, 0x07, 0x76, 0xd0, 0x06,
  0xe9, 0x30, 0x07, 0x72, 0xa0, 0x07, 0x73, 0x20, 0x07, 0x7a, 0x30, 0x07,
  0x72, 0xd0, 0x06, 0xe9, 0x60, 0x07, 0x74, 0xa0, 0x07, 0x76, 0x40, 0x07,
  0x7a, 0x60, 0x07, 0x74, 0xd0, 0x06, 0xe6, 0x30, 0x07, 0x72, 0xa0, 0x07,
  0x73, 0x20, 0x07, 0x7a, 0x30, 0x07, 0x72, 0xd0, 0x06, 0xe6, 0x60, 0x07,
  0x74, 0xa0, 0x07, 0x76, 0x40, 0x07, 0x7a, 0x60, 0x07, 0x74, 0xd0, 0x06,
  0xf6, 0x10, 0x07, 0x76, 0xa0, 0x07, 0x71, 0x60, 0x07, 0x7a, 0x10, 0x07,
  0x76, 0xd0, 0x06, 0xf6, 0x20, 0x07, 0x74, 0xa0, 0x07, 0x73, 0x20, 0x07,
  0x7a, 0x30, 0x07, 0x72, 0xd0, 0x06, 0xf6, 0x30, 0x07, 0x72, 0xa0, 0x07,
  0x73, 0x20, 0x07, 0x7a, 0x30, 0x07, 0x72, 0xd0, 0x06, 0xf6, 0x40, 0x07,
  0x78, 0xa0, 0x07, 0x76, 0x40, 0x07, 0x7a, 0x60, 0x07, 0x74, 0xd0, 0x06,
  0xf6, 0x60, 0x07, 0x74, 0xa0, 0x07, 0x76, 0x40, 0x07, 0x7a, 0x60, 0x07,
  0x74, 0xd0, 0x06, 0xf6, 0x90, 0x07, 0x76, 0xa0, 0x07, 0x71, 0x20, 0x07,
  0x78, 0xa0, 0x07, 0x71, 0x20, 0x07, 0x78, 0xd0, 0x06, 0xf6, 0x10, 0x07,
  0x72, 0x80, 0x07, 0x7a, 0x10, 0x07, 0x72, 0x80, 0x07, 0x7a, 0x10, 0x07,
  0x72, 0x80, 0x07, 0x6d, 0x60, 0x0f, 0x71, 0x90, 0x07, 0x72, 0xa0, 0x07,
  0x72, 0x50, 0x07, 0x76, 0xa0, 0x07, 0x72, 0x50, 0x07, 0x76, 0xd0, 0x06,
  0xf6, 0x20, 0x07, 0x75, 0x60, 0x07, 0x7a, 0x20, 0x07, 0x75, 0x60, 0x07,
  0x7a, 0x20, 0x07, 0x75, 0x60, 0x07, 0x6d, 0x60, 0x0f, 0x75, 0x10, 0x07,
  0x72, 0xa0, 0x07, 0x75, 0x10, 0x07, 0x72, 0xa0, 0x07, 0x75, 0x10, 0x07,
  0x72, 0xd0, 0x06, 0xf6, 0x10, 0x07, 0x70, 0x20, 0x07, 0x74, 0xa0, 0x07,
  0x71, 0x00, 0x07, 0x72, 0x40, 0x07, 0x7a, 0x10, 0x07, 0x70, 0x20, 0x07,
  0x74, 0xd0, 0x06, 0xee, 0x80, 0x07, 0x7a, 0x10, 0x07, 0x76, 0xa0, 0x07,
  0x73, 0x20, 0x07, 0x4a, 0x0f, 0x08, 0x11, 0x92, 0x41, 0x86, 0x8c, 0x14,
  0x11, 0x01, 0x34, 0x42, 0x18, 0x36, 0x69, 0x2a, 0xc1, 0x69, 0xaa, 0xfc,
  0x97, 0x76, 0x48, 0xc0, 0x2c, 0x08, 0x0e, 0x18, 0x0c, 0x03, 0x00, 0x00,
  0x00, 0x00, 0x00, 0x40, 0x30, 0x0b, 0xc0, 0x0e, 0x69, 0x16, 0x66, 0xa1,
  0x70, 0xc2, 0x60, 0x18, 0x00, 0x00, 0x00, 0x00, 0x00, 0x00, 0x82, 0x59,
  0x00, 0x86, 0x54, 0x66, 0x91, 0x30, 0x00, 0x00, 0x04, 0x00, 0x00, 0x00,
  0x02, 0x00, 0x00, 0x00, 0x00, 0x00, 0xb3, 0x00, 0x0c, 0xa9, 0xde, 0x02,
  0x26, 0x20, 0x04, 0x18, 0x04, 0x00, 0x00, 0x80, 0x00, 0x00, 0x00, 0x00,
  0x08, 0x80, 0x59, 0x00, 0x86, 0x54, 0x7f, 0x02, 0x49, 0x40, 0x00, 0x0c,
  0x00, 0x00, 0x00, 0x02, 0x00, 0x00, 0x00, 0x00, 0x00, 0xb3, 0x00, 0x0c,
  0xa9, 0x5e, 0x45, 0xa2, 0x80, 0x00, 0x18, 0x00, 0x00, 0x00, 0x04, 0x00,
  0x00, 0x00, 0x00, 0x00, 0x66, 0x01, 0x18, 0x52, 0x85, 0x4b, 0x64, 0x01,
  0x01, 0x30, 0x00, 0x00, 0x00, 0x08, 0x00, 0x00, 0x00, 0x00, 0x00, 0xcc,
  0x02, 0x30, 0xa4, 0x92, 0x17, 0x6b, 0x03, 0x02, 0x80, 0x00, 0x00, 0x00,
  0x00, 0x00, 0x00, 0x00, 0x00, 0x00, 0x98, 0x05, 0x60, 0x48, 0x85, 0x32,
  0x0b, 0x05, 0x04, 0xc0, 0x00, 0x00, 0x00, 0x20, 0x00, 0x00, 0x00, 0x00,
  0x00, 0x30, 0x0b, 0xc0, 0x90, 0x6a, 0x66, 0xb0, 0x0d, 0x08, 0x00, 0x02,
  0x00, 0x00, 0x00, 0x00, 0x00, 0x00, 0x00, 0x00, 0x60, 0x16, 0x80, 0x21,
  0xd5, 0xda, 0x38, 0x1d, 0x10, 0x00, 0x05, 0x00, 0x00, 0x80, 0x00, 0x00,
  0x00, 0x00, 0x00, 0xc0, 0x2c, 0x00, 0x43, 0xaa, 0xbc, 0xa1, 0xc0, 0x00,
  0x08, 0x00, 0x03, 0x00, 0x00, 0x00, 0x00, 0x00, 0x00, 0x00, 0x00, 0x60,
  0x16, 0x00, 0x89, 0x0d, 0x02, 0x85, 0x7d, 0x0e, 0x00, 0x00, 0xb2, 0x40,
  0x00, 0x00, 0x10, 0x00, 0x00, 0x00, 0x32, 0x1e, 0x98, 0x18, 0x19, 0x11,
  0x4c, 0x90, 0x8c, 0x09, 0x26, 0x47, 0xc6, 0x04, 0x43, 0x4a, 0x8a, 0xa0,
  0x04, 0x0a, 0xa1, 0x1c, 0xca, 0xa7, 0x00, 0x05, 0x0a, 0xa2, 0x40, 0x46,
  0x00, 0xca, 0xa0, 0x14, 0xca, 0xa5, 0x18, 0x4a, 0xa7, 0x78, 0x4a, 0x82,
  0xb0, 0x11, 0x00, 0xca, 0x46, 0x00, 0x8a, 0x80, 0x84, 0x19, 0x00, 0x2a,
  0x66, 0x00, 0x68, 0x1c, 0x4b, 0xd8, 0x00, 0x00, 0x00, 0x00, 0xb1, 0x18,
  0x00, 0x00, 0xa5, 0x00, 0x00, 0x00, 0x33, 0x08, 0x80, 0x1c, 0xc4, 0xe1,
  0x1c, 0x66, 0x14, 0x01, 0x3d, 0x88, 0x43, 0x38, 0x84, 0xc3, 0x8c, 0x42,
  0x80, 0x07, 0x79, 0x78, 0x07, 0x73, 0x98, 0x71, 0x0c, 0xe6, 0x00, 0x0f,
  0xed, 0x10, 0x0e, 0xf4, 0x80, 0x0e, 0x33, 0x0c, 0x42, 0x1e, 0xc2, 0xc1,
  0x1d, 0xce, 0xa1, 0x1c, 0x66, 0x30, 0x05, 0x3d, 0x88, 0x43, 0x38, 0x84,
  0x83, 0x1b, 0xcc, 0x03, 0x3d, 0xc8, 0x43, 0x3d, 0x8c, 0x03, 0x3d, 0xcc,
  0x78, 0x8c, 0x74, 0x70, 0x07, 0x7b, 0x08, 0x07, 0x79, 0x48, 0x87, 0x70,
  0x70, 0x07, 0x7a, 0x70, 0x03, 0x76, 0x78, 0x87, 0x70, 0x20, 0x87, 0x19,
  0xcc, 0x11, 0x0e, 0xec, 0x90, 0x0e, 0xe1, 0x30, 0x0f, 0x6e, 0x30, 0x0f,
  0xe3, 0xf0, 0x0e, 0xf0, 0x50, 0x0e, 0x33, 0x10, 0xc4, 0x1d, 0xde, 0x21,
  0x1c, 0xd8, 0x21, 0x1d, 0xc2, 0x61, 0x1e, 0x66, 0x30, 0x89, 0x3b, 0xbc,
  0x83, 0x3b, 0xd0, 0x43, 0x39, 0xb4, 0x03, 0x3c, 0xbc, 0x83, 0x3c, 0x84,
  0x03, 0x3b, 0xcc, 0xf0, 0x14, 0x76, 0x60, 0x07, 0x7b, 0x68, 0x07, 0x37,
  0x68, 0x87, 0x72, 0x68, 0x07, 0x37, 0x80, 0x87, 0x70, 0x90, 0x87, 0x70,
  0x60, 0x07, 0x76, 0x28, 0x07, 0x76, 0xf8, 0x05, 0x76, 0x78, 0x87, 0x77,
  0x80, 0x87, 0x5f, 0x08, 0x87, 0x71, 0x18, 0x87, 0x72, 0x98, 0x87, 0x79,
  0x98, 0x81, 0x2c, 0xee, 0xf0, 0x0e, 0xee, 0xe0, 0x0e, 0xf5, 0xc0, 0x0e,
  0xec, 0x30, 0x03, 0x62, 0xc8, 0xa1, 0x1c, 0xe4, 0xa1, 0x1c, 0xcc, 0xa1,
  0x1c, 0xe4, 0xa1, 0x1c, 0xdc, 0x61, 0x1c, 0xca, 0x21, 0x1c, 0xc4, 0x81,
  0x1d, 0xca, 0x61, 0x06, 0xd6, 0x90, 0x43, 0x39, 0xc8, 0x43, 0x39, 0x98,
  0x43, 0x39, 0xc8, 0x43, 0x39, 0xb8, 0xc3, 0x38, 0x94, 0x43, 0x38, 0x88,
  0x03, 0x3b, 0x94, 0xc3, 0x2f, 0xbc, 0x83, 0x3c, 0xfc, 0x82, 0x3b, 0xd4,
  0x03, 0x3b, 0xb0, 0xc3, 0x0c, 0xc7, 0x69, 0x87, 0x70, 0x58, 0x87, 0x72,
  0x70, 0x83, 0x74, 0x68, 0x07, 0x78, 0x60, 0x87, 0x74, 0x18, 0x87, 0x74,
  0xa0, 0x87, 0x19, 0xce, 0x53, 0x0f, 0xee, 0x00, 0x0f, 0xf2, 0x50, 0x0e,
  0xe4, 0x90, 0x0e, 0xe3, 0x40, 0x0f, 0xe1, 0x20, 0x0e, 0xec, 0x50, 0x0e,
  0x33, 0x20, 0x28, 0x1d, 0xdc, 0xc1, 0x1e, 0xc2, 0x41, 0x1e, 0xd2, 0x21,
  0x1c, 0xdc, 0x81, 0x1e, 0xdc, 0xe0, 0x1c, 0xe4, 0xe1, 0x1d, 0xea, 0x01,
  0x1e, 0x66, 0x18, 0x51, 0x38, 0xb0, 0x43, 0x3a, 0x9c, 0x83, 0x3b, 0xcc,
  0x50, 0x24, 0x76, 0x60, 0x07, 0x7b, 0x68, 0x07, 0x37, 0x60, 0x87, 0x77,
  0x78, 0x07, 0x78, 0x98, 0x51, 0x4c, 0xf4, 0x90, 0x0f, 0xf0, 0x50, 0x0e,
  0x33, 0x1e, 0x6a, 0x1e, 0xca, 0x61, 0x1c, 0xe8, 0x21, 0x1d, 0xde, 0xc1,
  0x1d, 0x7e, 0x01, 0x1e, 0xe4, 0xa1, 0x1c, 0xcc, 0x21, 0x1d, 0xf0, 0x61,
  0x06, 0x54, 0x85, 0x83, 0x38, 0xcc, 0xc3, 0x3b, 0xb0, 0x43, 0x3d, 0xd0,
  0x43, 0x39, 0xfc, 0xc2, 0x3c, 0xe4, 0x43, 0x3b, 0x88, 0xc3, 0x3b, 0xb0,
  0xc3, 0x8c, 0xc5, 0x0a, 0x87, 0x79, 0x98, 0x87, 0x77, 0x18, 0x87, 0x74,
  0x08, 0x07, 0x7a, 0x28, 0x07, 0x72, 0x98, 0x81, 0x5c, 0xe3, 0x10, 0x0e,
  0xec, 0xc0, 0x0e, 0xe5, 0x50, 0x0e, 0xf3, 0x30, 0x23, 0xc1, 0xd2, 0x41,
  0x1e, 0xe4, 0xe1, 0x17, 0xd8, 0xe1, 0x1d, 0xde, 0x01, 0x1e, 0x66, 0x48,
  0x19, 0x3b, 0xb0, 0x83, 0x3d, 0xb4, 0x83, 0x1b, 0x84, 0xc3, 0x38, 0x8c,
  0x43, 0x39, 0xcc, 0xc3, 0x3c, 0xb8, 0xc1, 0x39, 0xc8, 0xc3, 0x3b, 0xd4,
  0x03, 0x3c, 0xcc, 0x48, 0xb4, 0x71, 0x08, 0x07, 0x76, 0x60, 0x07, 0x71,
  0x08, 0x87, 0x71, 0x58, 0x87, 0x19, 0xdb, 0xc6, 0x0e, 0xec, 0x60, 0x0f,
  0xed, 0xe0, 0x06, 0xf0, 0x20, 0x0f, 0xe5, 0x30, 0x0f, 0xe5, 0x20, 0x0f,
  0xf6, 0x50, 0x0e, 0x6e, 0x10, 0x0e, 0xe3, 0x30, 0x0e, 0xe5, 0x30, 0x0f,
  0xf3, 0xe0, 0x06, 0xe9, 0xe0, 0x0e, 0xe4, 0x50, 0x0e, 0xf8, 0x30, 0x23,
  0xe2, 0xec, 0x61, 0x1c, 0xc2, 0x81, 0x1d, 0xd8, 0xe1, 0x17, 0xec, 0x21,
  0x1d, 0xe6, 0x21, 0x1d, 0xc4, 0x21, 0x1d, 0xd8, 0x21, 0x1d, 0xe8, 0x21,
  0x1f, 0x66, 0x20, 0x9d, 0x3b, 0xbc, 0x43, 0x3d, 0xb8, 0x03, 0x39, 0x94,
  0x83, 0x39, 0xcc, 0x58, 0xbc, 0x70, 0x70, 0x07, 0x77, 0x78, 0x07, 0x7a,
  0x08, 0x07, 0x7a, 0x48, 0x87, 0x77, 0x70, 0x87, 0x19, 0xce, 0x87, 0x0e,
  0xe5, 0x10, 0x0e, 0xf0, 0x10, 0x0e, 0xec, 0xc0, 0x0e, 0xef, 0x30, 0x0e,
  0xf3, 0x90, 0x0e, 0xf4, 0x50, 0x0e, 0x33, 0x28, 0x30, 0x08, 0x87, 0x74,
  0x90, 0x07, 0x37, 0x30, 0x87, 0x7a, 0x70, 0x87, 0x71, 0xa0, 0x87, 0x74,
  0x78, 0x07, 0x77, 0xf8, 0x85, 0x73, 0x90, 0x87, 0x77, 0xa8, 0x07, 0x78,
  0x98, 0x07, 0x00, 0x00, 0x00, 0x00, 0x79, 0x20, 0x00, 0x00, 0x38, 0x01,
  0x00, 0x00, 0x72, 0x1e, 0x48, 0x20, 0x43, 0x88, 0x0c, 0x19, 0x09, 0x72,
  0x32, 0x48, 0x20, 0x23, 0x81, 0x8c, 0x91, 0x91, 0xd1, 0x44, 0xa0, 0x10,
  0x28, 0x64, 0x3c, 0x31, 0x32, 0x42, 0x8e, 0x90, 0x21, 0xa3, 0xa8, 0x06,
  0x64, 0xf0, 0x4f, 0x00, 0x00, 0x00, 0x8b, 0xd2, 0x58, 0xd8, 0x06, 0x6d,
  0xd0, 0x1c, 0x14, 0x1b, 0x47, 0x06, 0x8a, 0x84, 0x44, 0xd1, 0x15, 0x15,
  0xcc, 0x30, 0x10, 0x83, 0x33, 0x10, 0x82, 0xf0, 0x0c, 0x60, 0x50, 0x0c,
  0xdf, 0x30, 0x3c, 0x0f, 0x00, 0x00, 0x53, 0x44, 0x4b, 0x20, 0x56, 0x65,
  0x72, 0x73, 0x69, 0x6f, 0x6e, 0x77, 0x63, 0x68, 0x61, 0x72, 0x5f, 0x73,
  0x69, 0x7a, 0x65, 0x66, 0x72, 0x61, 0x6d, 0x65, 0x2d, 0x70, 0x6f, 0x69,
  0x6e, 0x74, 0x65, 0x72, 0x61, 0x69, 0x72, 0x2e, 0x6d, 0x61, 0x78, 0x5f,
  0x64, 0x65, 0x76, 0x69, 0x63, 0x65, 0x5f, 0x62, 0x75, 0x66, 0x66, 0x65,
  0x72, 0x73, 0x61, 0x69, 0x72, 0x2e, 0x6d, 0x61, 0x78, 0x5f, 0x63, 0x6f,
  0x6e, 0x73, 0x74, 0x61, 0x6e, 0x74, 0x5f, 0x62, 0x75, 0x66, 0x66, 0x65,
  0x72, 0x73, 0x61, 0x69, 0x72, 0x2e, 0x6d, 0x61, 0x78, 0x5f, 0x74, 0x68,
  0x72, 0x65, 0x61, 0x64, 0x67, 0x72, 0x6f, 0x75, 0x70, 0x5f, 0x62, 0x75,
  0x66, 0x66, 0x65, 0x72, 0x73, 0x61, 0x69, 0x72, 0x2e, 0x6d, 0x61, 0x78,
  0x5f, 0x74, 0x65, 0x78, 0x74, 0x75, 0x72, 0x65, 0x73, 0x61, 0x69, 0x72,
  0x2e, 0x6d, 0x61, 0x78, 0x5f, 0x72, 0x65, 0x61, 0x64, 0x5f, 0x77, 0x72,
  0x69, 0x74, 0x65, 0x5f, 0x74, 0x65, 0x78, 0x74, 0x75, 0x72, 0x65, 0x73,
  0x61, 0x69, 0x72, 0x2e, 0x6d, 0x61, 0x78, 0x5f, 0x73, 0x61, 0x6d, 0x70,
  0x6c, 0x65, 0x72, 0x73, 0x41, 0x70, 0x70, 0x6c, 0x65, 0x20, 0x6d, 0x65,
  0x74, 0x61, 0x6c, 0x20, 0x76, 0x65, 0x72, 0x73, 0x69, 0x6f, 0x6e, 0x20,
  0x33, 0x32, 0x30, 0x32, 0x33, 0x2e, 0x39, 0x31, 0x37, 0x20, 0x28, 0x6d,
  0x65, 0x74, 0x61, 0x6c, 0x66, 0x65, 0x2d, 0x33, 0x32, 0x30, 0x32, 0x33,
  0x2e, 0x39, 0x31, 0x37, 0x2e, 0x32, 0x29, 0x4d, 0x65, 0x74, 0x61, 0x6c,
  0x61, 0x69, 0x72, 0x2e, 0x63, 0x6f, 0x6d, 0x70, 0x69, 0x6c, 0x65, 0x2e,
  0x64, 0x65, 0x6e, 0x6f, 0x72, 0x6d, 0x73, 0x5f, 0x64, 0x69, 0x73, 0x61,
  0x62, 0x6c, 0x65, 0x61, 0x69, 0x72, 0x2e, 0x63, 0x6f, 0x6d, 0x70, 0x69,
  0x6c, 0x65, 0x2e, 0x66, 0x61, 0x73, 0x74, 0x5f, 0x6d, 0x61, 0x74, 0x68,
  0x5f, 0x65, 0x6e, 0x61, 0x62, 0x6c, 0x65, 0x61, 0x69, 0x72, 0x2e, 0x63,
  0x6f, 0x6d, 0x70, 0x69, 0x6c, 0x65, 0x2e, 0x66, 0x72, 0x61, 0x6d, 0x65,
  0x62, 0x75, 0x66, 0x66, 0x65, 0x72, 0x5f, 0x66, 0x65, 0x74, 0x63, 0x68,
  0x5f, 0x65, 0x6e, 0x61, 0x62, 0x6c, 0x65, 0x61, 0x69, 0x72, 0x2e, 0x62,
  0x75, 0x66, 0x66, 0x65, 0x72, 0x61, 0x69, 0x72, 0x2e, 0x6c, 0x6f, 0x63,
  0x61, 0x74, 0x69, 0x6f, 0x6e, 0x5f, 0x69, 0x6e, 0x64, 0x65, 0x78, 0x61,
  0x69, 0x72, 0x2e, 0x72, 0x65, 0x61, 0x64, 0x61, 0x69, 0x72, 0x2e, 0x61,
  0x64, 0x64, 0x72, 0x65, 0x73, 0x73, 0x5f, 0x73, 0x70, 0x61, 0x63, 0x65,
  0x61, 0x69, 0x72, 0x2e, 0x61, 0x72, 0x67, 0x5f, 0x74, 0x79, 0x70, 0x65,
  0x5f, 0x73, 0x69, 0x7a, 0x65, 0x61, 0x69, 0x72, 0x2e, 0x61, 0x72, 0x67,
  0x5f, 0x74, 0x79, 0x70, 0x65, 0x5f, 0x61, 0x6c, 0x69, 0x67, 0x6e, 0x5f,
  0x73, 0x69, 0x7a, 0x65, 0x61, 0x69, 0x72, 0x2e, 0x61, 0x72, 0x67, 0x5f,
  0x74, 0x79, 0x70, 0x65, 0x5f, 0x6e, 0x61, 0x6d, 0x65, 0x66, 0x6c, 0x6f,
  0x61, 0x74, 0x61, 0x69, 0x72, 0x2e, 0x61, 0x72, 0x67, 0x5f, 0x6e, 0x61,
  0x6d, 0x65, 0x73, 0x72, 0x63, 0x77, 0x74, 0x73, 0x62, 0x69, 0x61, 0x73,
  0x72, 0x65, 0x73, 0x61, 0x69, 0x72, 0x2e, 0x72, 0x65, 0x61, 0x64, 0x5f,
  0x77, 0x72, 0x69, 0x74, 0x65, 0x64, 0x73, 0x74, 0x75, 0x69, 0x6e, 0x74,
  0x6b, 0x70, 0x63, 0x70, 0x61, 0x69, 0x72, 0x2e, 0x62, 0x75, 0x66, 0x66,
  0x65, 0x72, 0x5f, 0x73, 0x69, 0x7a, 0x65, 0x65, 0x70, 0x69, 0x61, 0x69,
  0x72, 0x2e, 0x74, 0x68, 0x72, 0x65, 0x61, 0x64, 0x67, 0x72, 0x6f, 0x75,
  0x70, 0x5f, 0x70, 0x6f, 0x73, 0x69, 0x74, 0x69, 0x6f, 0x6e, 0x5f, 0x69,
  0x6e, 0x5f, 0x67, 0x72, 0x69, 0x64, 0x75, 0x69, 0x6e, 0x74, 0x33, 0x74,
  0x67, 0x70, 0x61, 0x69, 0x72, 0x2e, 0x74, 0x68, 0x72, 0x65, 0x61, 0x64,
  0x5f, 0x69, 0x6e, 0x64, 0x65, 0x78, 0x5f, 0x69, 0x6e, 0x5f, 0x74, 0x68,
  0x72, 0x65, 0x61, 0x64, 0x67, 0x72, 0x6f, 0x75, 0x70, 0x6c, 0x69, 0x64,
  0x69, 0x6e, 0x74, 0x6f, 0x6d, 0x6e, 0x69, 0x70, 0x6f, 0x74, 0x65, 0x6e,
  0x74, 0x20, 0x63, 0x68, 0x61, 0x72, 0x53, 0x69, 0x6d, 0x70, 0x6c, 0x65,
  0x20, 0x43, 0x2b, 0x2b, 0x20, 0x54, 0x42, 0x41, 0x41, 0x00, 0xe6, 0xb5,
  0x00, 0x00, 0x00, 0x00, 0x00, 0x00, 0x30, 0x82, 0x90, 0x30, 0x23, 0x08,
  0x63, 0x10, 0x06, 0x23, 0x08, 0x49, 0x33, 0x82, 0x90, 0x38, 0x23, 0x08,
  0xc9, 0x33, 0x82, 0x90, 0x40, 0x23, 0x08, 0x49, 0x34, 0x82, 0x90, 0x48,
  0x23, 0x08, 0xc9, 0x34, 0x82, 0x90, 0x50, 0x23, 0x08, 0x49, 0x35, 0x82,
  0xd0, 0x08, 0x23, 0x08, 0x89, 0x35, 0x82, 0x90, 0x5c, 0x23, 0x08, 0x09,
  0x36, 0x82, 0x90, 0x64, 0x23, 0x08, 0x89, 0x36, 0x82, 0x90, 0x6c, 0x23,
  0x08, 0x18, 0x37, 0xc3, 0xb0, 0x06, 0x01, 0x1b, 0xcc, 0x30, 0xb4, 0x81,
  0xe0, 0x06, 0x33, 0x0c, 0x6f, 0x30, 0xac, 0xc1, 0x0c, 0xc3, 0x1b, 0x10,
  0x70, 0x30, 0xc3, 0xf0, 0x06, 0x05, 0x1c, 0xcc, 0x30, 0xbc, 0x81, 0x01,
  0x07, 0x33, 0x0c, 0x6f, 0x70, 0xc4, 0xc1, 0x0c, 0xc3, 0x1b, 0x20, 0x72,
  0x30, 0xc3, 0xf0, 0x06, 0xc9, 0x1c, 0xcc, 0x10, 0x28, 0x33, 0x0c, 0x6b,
  0xf0, 0x06, 0x74, 0x30, 0x03, 0xb1, 0xd4, 0xc1, 0x1a, 0xd0, 0xc1, 0x0c,
  0x01, 0x33, 0x43, 0xd0, 0xcc, 0x10, 0x38, 0x33, 0x00, 0x33, 0x40, 0x74,
  0xf0, 0x40, 0x74, 0xd0, 0x06, 0x91, 0xd4, 0x06, 0x93, 0x1b, 0x50, 0x6e,
  0x50, 0x59, 0x17, 0x36, 0x03, 0xd4, 0x06, 0x0f, 0xd4, 0x06, 0x6d, 0x10,
  0x49, 0x6d, 0x30, 0xb9, 0x01, 0xe5, 0x06, 0x95, 0x75, 0x65, 0x33, 0x40,
  0x6b, 0xf0, 0x40, 0x6b, 0xd0, 0x06, 0x91, 0xd4, 0x06, 0x93, 0x1b, 0x50,
  0x6e, 0x50, 0x59, 0x97, 0x36, 0x03, 0x54, 0x07, 0x0f, 0x54, 0x07, 0x6d,
  0x10, 0x49, 0x6d, 0x30, 0xb9, 0x01, 0xe5, 0x06, 0x95, 0x75, 0x6d, 0x33,
  0x40, 0x6e, 0xf0, 0x40, 0x6e, 0xd0, 0x06, 0x9c, 0xd4, 0x06, 0x93, 0x1b,
  0x50, 0x6e, 0x50, 0x59, 0x57, 0x37, 0x03, 0x74, 0x07, 0x0f, 0x84, 0x07,
  0x6d, 0x10, 0x49, 0x6b, 0x30, 0xb9, 0x01, 0xe5, 0x06, 0x95, 0x77, 0x7d,
  0x33, 0x40, 0x79, 0xf0, 0x40, 0x7a, 0xd0, 0x06, 0x91, 0xb4, 0x06, 0x93,
  0x1b, 0x50, 0x6e, 0x50, 0x79, 0x17, 0x18, 0xcc, 0x20, 0xbd, 0xc1, 0x13,
  0x06, 0x6e, 0x00, 0xed, 0x41, 0x1b, 0x44, 0xd2, 0x1a, 0x4c, 0x6e, 0x40,
  0xb9, 0x41, 0xe5, 0x5d, 0x62, 0x30, 0x83, 0x21, 0x07, 0x63, 0x50, 0x91,
  0xc1, 0x55, 0x06, 0x33, 0x18, 0x7c, 0x60, 0x06, 0x95, 0x77, 0x9d, 0xc1,
  0x0c, 0x8a, 0x2b, 0xbc, 0x02, 0x2c, 0xc4, 0x82, 0x2c, 0xcc, 0x02, 0x2d,
  0xd4, 0x82, 0x2d, 0xdc, 0xc2, 0x0c, 0x83, 0x1d, 0xb4, 0x02, 0x2e, 0xcc,
  0x10, 0xa8, 0xc1, 0x0c, 0x43, 0x1a, 0xe8, 0x42, 0x1f, 0xcc, 0x30, 0xa0,
  0xc1, 0x2e, 0xf4, 0xc1, 0x0c, 0x03, 0x2f, 0xf0, 0x42, 0x1f, 0xdc, 0x1c,
  0x00, 0x1c, 0x1a, 0x70, 0x1c, 0xc7, 0x71, 0x1c, 0xc7, 0x71, 0x1c, 0xc7,
  0x71, 0x1c, 0xc7, 0x71, 0x6e, 0xe0, 0x06, 0x6e, 0xe0, 0x06, 0x6e, 0xe0,
  0x06, 0x6e, 0xe0, 0x06, 0x6e, 0x60, 0xd1, 0x81, 0x1e, 0x58, 0x96, 0x05,
  0xd1, 0x04, 0x4d, 0xd0, 0x04, 0x4d, 0xd0, 0x04, 0x4d, 0xe8, 0x84, 0x5c,
  0xb0, 0x82, 0x29, 0xa0, 0x04, 0x1d, 0x70, 0x74, 0x40, 0x07, 0x32, 0x12,
  0x98, 0xa0, 0x8c, 0xd8, 0xd8, 0xec, 0xda, 0x5c, 0xda, 0xde, 0xc8, 0xea,
  0xd8, 0xca, 0x5c, 0xcc, 0xd8, 0xc2, 0xce, 0xe6, 0x46, 0x49, 0xfa, 0xc0,
  0x0f, 0xfe, 0x00, 0x14, 0x42, 0x41, 0x14, 0x46, 0x81, 0x14, 0x4a, 0x21,
  0x15, 0x36, 0x36, 0xbb, 0x36, 0x97, 0x34, 0xb2, 0x32, 0x37, 0xba, 0x51,
  0x02, 0x53, 0xc8, 0x25, 0x2c, 0x4d, 0xce, 0xc5, 0xae, 0x4c, 0x6e, 0x2e,
  0xed, 0xcd, 0x6d, 0x94, 0xe0, 0x14, 0x92, 0x0a, 0x4b, 0x93, 0x73, 0x61,
  0x0b, 0x73, 0x3b, 0xab, 0x0b, 0x3b, 0x2b, 0xfb, 0xb2, 0x2b, 0x93, 0x9b,
  0x4b, 0x7b, 0x73, 0x1b, 0x25, 0x40, 0x85, 0x9c, 0xc2, 0xd2, 0xe4, 0x5c,
  0xc6, 0xde, 0xda, 0xe0, 0xd2, 0xd8, 0xca, 0xbe, 0xde, 0xe0, 0xe8, 0xd2,
  0xde, 0xdc, 0xe6, 0x46, 0x19, 0x52, 0x41, 0x15, 0x56, 0x21, 0x95, 0xb0,
  0x34, 0x39, 0x97, 0xb5, 0x32, 0x39, 0xb7, 0x32, 0xb6, 0x51, 0x02, 0x5c,
  0x00, 0x00, 0xa9, 0x18, 0x00, 0x00, 0x25, 0x00, 0x00, 0x00, 0x0b, 0x0a,
  0x72, 0x28, 0x87, 0x77, 0x80, 0x07, 0x7a, 0x58, 0x70, 0x98, 0x43, 0x3d,
  0xb8, 0xc3, 0x38, 0xb0, 0x43, 0x39, 0xd0, 0xc3, 0x82, 0xe6, 0x1c, 0xc6,
  0xa1, 0x0d, 0xe8, 0x41, 0x1e, 0xc2, 0xc1, 0x1d, 0xe6, 0x21, 0x1d, 0xe8,
  0x21, 0x1d, 0xde, 0xc1, 0x1d, 0x16, 0x34, 0xe3, 0x60, 0x0e, 0xe7, 0x50,
  0x0f, 0xe1, 0x20, 0x0f, 0xe4, 0x40, 0x0f, 0xe1, 0x20, 0x0f, 0xe7, 0x50,
  0x0e, 0xf4, 0xb0, 0x80, 0x81, 0x07, 0x79, 0x28, 0x87, 0x70, 0x60, 0x07,
  0x76, 0x78, 0x87, 0x71, 0x08, 0x07, 0x7a, 0x28, 0x07, 0x72, 0x58, 0x70,
  0x9c, 0xc3, 0x38, 0xb4, 0x01, 0x3b, 0xa4, 0x83, 0x3d, 0x94, 0xc3, 0x02,
  0x6b, 0x1c, 0xd8, 0x21, 0x1c, 0xdc, 0xe1, 0x1c, 0xdc, 0x20, 0x1c, 0xe4,
  0x61, 0x1c, 0xdc, 0x20, 0x1c, 0xe8, 0x81, 0x1e, 0xc2, 0x61, 0x1c, 0xd0,
  0xa1, 0x1c, 0xc8, 0x61, 0x1c, 0xc2, 0x81, 0x1d, 0xd8, 0x61, 0xc1, 0x01,
  0x0f, 0xf4, 0x20, 0x0f, 0xe1, 0x50, 0x0f, 0xf4, 0x80, 0x0e, 0x00, 0x00,
  0x00, 0x00, 0xd1, 0x10, 0x00, 0x00, 0x06, 0x00, 0x00, 0x00, 0x07, 0xcc,
  0x3c, 0xa4, 0x83, 0x3b, 0x9c, 0x03, 0x3b, 0x94, 0x03, 0x3d, 0xa0, 0x83,
  0x3c, 0x94, 0x43, 0x38, 0x90, 0xc3, 0x01, 0x00, 0x00, 0x00, 0x61, 0x20,
  0x00, 0x00, 0x5f, 0x00, 0x00, 0x00, 0x13, 0x04, 0x41, 0x2c, 0x10, 0x00,
  0x00, 0x00, 0x05, 0x00, 0x00, 0x00, 0xe4, 0x0c, 0x75, 0x08, 0x03, 0x80,
  0x71, 0x18, 0x47, 0xcf, 0x50, 0x47, 0x61, 0x04, 0x18, 0x87, 0x71, 0x00,
  0x00, 0x00, 0xf1, 0x30, 0x00, 0x00, 0x4a, 0x00, 0x00, 0x00, 0x22, 0x47,
  0xc8, 0x90, 0x51, 0x26, 0xc8, 0x6c, 0x00, 0x00, 0x00, 0x00, 0x9b, 0x65,
  0x59, 0x96, 0x65, 0x59, 0x16, 0x00, 0x61, 0x69, 0x72, 0x2d, 0x61, 0x6c,
  0x69, 0x61, 0x73, 0x2d, 0x73, 0x63, 0x6f, 0x70, 0x65, 0x73, 0x28, 0x6e,
  0x76, 0x63, 0x6f, 0x6e, 0x76, 0x35, 0x5f, 0x73, 0x29, 0x61, 0x69, 0x72,
  0x2d, 0x61, 0x6c, 0x69, 0x61, 0x73, 0x2d, 0x73, 0x63, 0x6f, 0x70, 0x65,
  0x2d, 0x61, 0x72, 0x67, 0x28, 0x37, 0x29, 0x61, 0x69, 0x72, 0x2d, 0x61,
  0x6c, 0x69, 0x61, 0x73, 0x2d, 0x73, 0x63, 0x6f, 0x70, 0x65, 0x2d, 0x61,
  0x72, 0x67, 0x28, 0x36, 0x29, 0x61, 0x69, 0x72, 0x2d, 0x61, 0x6c, 0x69,
  0x61, 0x73, 0x2d, 0x73, 0x63, 0x6f, 0x70, 0x65, 0x2d, 0x61, 0x72, 0x67,
  0x28, 0x35, 0x29, 0x61, 0x69, 0x72, 0x2d, 0x61, 0x6c, 0x69, 0x61, 0x73,
  0x2d, 0x73, 0x63, 0x6f, 0x70, 0x65, 0x2d, 0x61, 0x72, 0x67, 0x28, 0x34,
  0x29, 0x61, 0x69, 0x72, 0x2d, 0x61, 0x6c, 0x69, 0x61, 0x73, 0x2d, 0x73,
  0x63, 0x6f, 0x70, 0x65, 0x2d, 0x61, 0x72, 0x67, 0x28, 0x33, 0x29, 0x61,
  0x69, 0x72, 0x2d, 0x61, 0x6c, 0x69, 0x61, 0x73, 0x2d, 0x73, 0x63, 0x6f,
  0x70, 0x65, 0x2d, 0x61, 0x72, 0x67, 0x28, 0x32, 0x29, 0x61, 0x69, 0x72,
  0x2d, 0x61, 0x6c, 0x69, 0x61, 0x73, 0x2d, 0x73, 0x63, 0x6f, 0x70, 0x65,
  0x2d, 0x61, 0x72, 0x67, 0x28, 0x31, 0x29, 0x61, 0x69, 0x72, 0x2d, 0x61,
  0x6c, 0x69, 0x61, 0x73, 0x2d, 0x73, 0x63, 0x6f, 0x70, 0x65, 0x2d, 0x61,
  0x72, 0x67, 0x28, 0x30, 0x29, 0x00, 0x2b, 0x84, 0x73, 0xf0, 0x85, 0x15,
  0x03, 0x3a, 0x9c, 0xc3, 0x2f, 0xac, 0x18, 0xd2, 0xe1, 0x1c, 0xc0, 0x61,
  0xc5, 0xa0, 0x0e, 0xe7, 0x10, 0x0e, 0x2b, 0x86, 0x75, 0x38, 0x07, 0x71,
  0x58, 0x31, 0xb0, 0xc3, 0x39, 0x8c, 0xc3, 0x8a, 0xa1, 0x1d, 0xce, 0x81,
  0x1c, 0x56, 0x0c, 0xee, 0x70, 0x0e, 0xe5, 0xb0, 0x62, 0x78, 0x87, 0x73,
  0x30, 0x87, 0x0d, 0x01, 0x3a, 0x6c, 0x38, 0xde, 0xc1, 0x1d, 0xda, 0x81,
  0x1d, 0xd6, 0x41, 0x1d, 0xd2, 0x01, 0x54, 0x24, 0x63, 0xc4, 0x00, 0x3a,
  0x62, 0x10, 0x0c, 0x20, 0x36, 0x68, 0x98, 0x64, 0x51, 0x02, 0xe4, 0x28,
  0x88, 0x41, 0xd0, 0x80, 0x18, 0x00, 0x03, 0x00, 0x00, 0x00, 0x5b, 0x0e,
  0x20, 0xe0, 0x85, 0xe3, 0x1d, 0x10, 0x78, 0x00, 0x00, 0x00, 0x00, 0x00,
  0x00, 0x00, 0x61, 0x20, 0x00, 0x00, 0x66, 0x02, 0x00, 0x00, 0x13, 0x04,
  0x75, 0x10, 0x0b, 0x04, 0x00, 0x00, 0x14, 0x00, 0x00, 0x00, 0x94, 0x94,
  0x47, 0x0d, 0x14, 0x54, 0xe1, 0x15, 0x68, 0x40, 0x51, 0x94, 0x05, 0x61,
  0x05, 0x52, 0x40, 0x25, 0x50, 0x08, 0x25, 0x54, 0x44, 0x65, 0x54, 0x4a,
  0xc5, 0x54, 0x4e, 0x05, 0x55, 0x52, 0x85, 0x55, 0x5a, 0xc5, 0x55, 0x5e,
  0x05, 0x56, 0x62, 0x05, 0x51, 0x12, 0x45, 0x51, 0x16, 0x85, 0x53, 0x3a,
  0xc5, 0x53, 0x3e, 0xf4, 0x8d, 0x00, 0xd4, 0x00, 0x01, 0x23, 0x00, 0x63,
  0x04, 0x20, 0x08, 0x82, 0xf8, 0x37, 0x46, 0x00, 0x82, 0x20, 0xc8, 0x82,
  0x01, 0x21, 0x23, 0x00, 0x00, 0x00, 0xf1, 0x30, 0x00, 0x00, 0x1f, 0x00,
  0x00, 0x00, 0x22, 0x47, 0xc8, 0x90, 0x51, 0x0a, 0x84, 0x07, 0x84, 0x05,
  0x00, 0x00, 0x62, 0x6f, 0x6f, 0x6c, 0x6c, 0x6c, 0x76, 0x6d, 0x2e, 0x6c,
  0x6f, 0x6f, 0x70, 0x2e, 0x6d, 0x75, 0x73, 0x74, 0x70, 0x72, 0x6f, 0x67,
  0x72, 0x65, 0x73, 0x73, 0x00, 0x00, 0x13, 0x84, 0xac, 0x9b, 0x20, 0x64,
  0xde, 0x0a, 0x41, 0x1c, 0xda, 0x61, 0x85, 0x30, 0x0e, 0xed, 0xb0, 0x42,
  0x20, 0x87, 0x76, 0x58, 0x21, 0x94, 0x43, 0x3b, 0xac, 0x10, 0xcc, 0xa1,
  0x1d, 0x56, 0x08, 0xe7, 0xd0, 0x0e, 0x2b, 0x04, 0x74, 0x68, 0x87, 0x15,
  0x42, 0x3a, 0xb4, 0xc3, 0x0a, 0x41, 0x1d, 0xda, 0x61, 0xc3, 0xe0, 0x0b,
  0xbb, 0xd0, 0x07, 0x1b, 0x86, 0x75, 0x58, 0x87, 0x3e, 0xd8, 0x10, 0xfc,
  0xc2, 0x06, 0x01, 0x1c, 0xc2, 0x61, 0xc3, 0x60, 0xed, 0x42, 0x1f, 0x6c,
  0x18, 0xde, 0xe1, 0x1d, 0xfa, 0x00, 0x33, 0x11, 0x64, 0x90, 0x34, 0xa3,
  0x30, 0x13, 0x41, 0x06, 0x49, 0x33, 0x0a, 0x33, 0x11, 0x64, 0x90, 0x34,
  0xa3, 0x30, 0x13, 0x61, 0x06, 0x49, 0x13, 0x0a, 0x33, 0x11, 0x69, 0x90,
  0x34, 0xa3, 0x30, 0x13, 0xb1, 0x06, 0x49, 0x33, 0x0a, 0x33, 0x11, 0x6b,
  0x90, 0x34, 0xa3, 0xd0, 0x13, 0x61, 0x0e, 0xcc, 0x80, 0x82, 0x64, 0xf4,
  0x44, 0xa8, 0x83, 0x32, 0xa0, 0x20, 0x19, 0x3d, 0x11, 0xee, 0xc0, 0x0c,
  0x28, 0x48, 0x46, 0x4f, 0x84, 0x3c, 0x38, 0x03, 0x0a, 0x92, 0xd1, 0x13,
  0x61, 0x0f, 0xd0, 0x80, 0x82, 0x64, 0xf4, 0x44, 0xe8, 0x83, 0x34, 0xa0,
  0x20, 0x19, 0x3d, 0x11, 0xfe, 0x40, 0x0d, 0x28, 0x48, 0x46, 0x4f, 0x84,
  0x50, 0x58, 0x03, 0x0a, 0x92, 0xd1, 0x13, 0x61, 0x14, 0xd8, 0x80, 0x82,
  0x64, 0xf4, 0x44, 0x28, 0x85, 0x36, 0xa0, 0x20, 0x19, 0x3d, 0x11, 0x4e,
  0xc1, 0x0d, 0x28, 0x48, 0x46, 0x4f, 0x84, 0x54, 0x78, 0x03, 0x0a, 0x92,
  0xd1, 0x13, 0x61, 0x15, 0xe0, 0x80, 0x82, 0x64, 0xf4, 0x44, 0x68, 0x85,
  0x38, 0xa0, 0x20, 0x19, 0x3d, 0x11, 0x5e, 0x41, 0x0e, 0x28, 0x48, 0x46,
  0x4f, 0x04, 0x59, 0x98, 0x03, 0x0a, 0x92, 0xd1, 0x13, 0x81, 0x16, 0xe8,
  0x80, 0x82, 0x64, 0xf4, 0x44, 0xb0, 0x85, 0x3a, 0xa0, 0x20, 0x19, 0x3d,
  0x11, 0x70, 0xc1, 0x0e, 0x28, 0x48, 0x46, 0x4f, 0x04, 0x5d, 0xb8, 0x03,
  0x0a, 0x92, 0xd1, 0x13, 0x81, 0x17, 0xf0, 0x80, 0x82, 0x64, 0xf4, 0x44,
  0xf0, 0x85, 0x3c, 0xa0, 0x20, 0x19, 0x3d, 0x11, 0xc0, 0x41, 0x0f, 0x28,
  0x48, 0xc6, 0x70, 0x03, 0x39, 0xd8, 0x41, 0x18, 0x0c, 0x37, 0x98, 0xc3,
  0x1d, 0x80, 0xc1, 0x74, 0x03, 0x2f, 0xec, 0x42, 0x30, 0xdd, 0xb0, 0x0b,
  0xc1, 0x80, 0x01, 0x3f, 0xc0, 0x40, 0x06, 0x58, 0xf4, 0x44, 0x40, 0x87,
  0x80, 0x82, 0x64, 0x60, 0x71, 0x0f, 0x30, 0x90, 0x01, 0x16, 0x3d, 0x11,
  0xd8, 0x21, 0xa0, 0x20, 0x19, 0x98, 0x8c, 0x03, 0x0c, 0x64, 0x80, 0x45,
  0x4f, 0x04, 0x78, 0x08, 0x28, 0x48, 0x06, 0x36, 0xe6, 0x00, 0x03, 0x19,
  0x60, 0xd1, 0x13, 0x81, 0x1e, 0x02, 0x0a, 0x92, 0x71, 0x73, 0x90, 0x07,
  0x72, 0x81, 0x1c, 0xc8, 0x18, 0x82, 0x3d, 0x90, 0xc4, 0x05, 0x29, 0x71,
  0x63, 0x08, 0xf8, 0xb0, 0x0e, 0x67, 0x0a, 0xf5, 0xa0, 0xc3, 0x0d, 0x01,
  0x4c, 0x80, 0xc1, 0xe9, 0xc3, 0x4d, 0x60, 0xc6, 0x82, 0xb6, 0x23, 0x06,
  0x06, 0x02, 0x82, 0x60, 0xb0, 0xf9, 0x84, 0x3c, 0x04, 0x19, 0x0b, 0xda,
  0x8e, 0x18, 0x18, 0x08, 0x08, 0x82, 0xc1, 0xf6, 0x13, 0xf3, 0x10, 0x64,
  0x2c, 0x68, 0x3b, 0x62, 0x60, 0x20, 0x20, 0x08, 0x06, 0x1b, 0x58, 0xd0,
  0x43, 0xd0, 0xcd, 0x21, 0x16, 0x5a, 0xa2, 0x25, 0x46, 0x0c, 0x0c, 0x04,
  0x04, 0xc1, 0x60, 0x0b, 0x0b, 0x79, 0x08, 0x2e, 0x29, 0x60, 0x96, 0x80,
  0x38, 0x55, 0x70, 0x05, 0xb9, 0x20, 0x15, 0xe4, 0x96, 0x9b, 0xb8, 0x1b,
  0x09, 0x90, 0x50, 0x0c, 0xc4, 0xe2, 0x06, 0xf2, 0x16, 0xb4, 0x1d, 0x31,
  0x30, 0x10, 0x10, 0x04, 0x83, 0x0d, 0x2d, 0xf6, 0x21, 0x18, 0x31, 0x40,
  0x12, 0x10, 0x04, 0x03, 0x30, 0x30, 0x8b, 0x80, 0x26, 0xf6, 0x41, 0x1c,
  0x86, 0x1b, 0x8a, 0x9e, 0x00, 0x83, 0x59, 0x06, 0x61, 0x08, 0xb0, 0x31,
  0x8b, 0x1b, 0x38, 0xc2, 0xd8, 0x59, 0x82, 0x22, 0x0d, 0x2c, 0x72, 0x17,
  0xb4, 0xbd, 0x23, 0xd9, 0x94, 0xb0, 0xc8, 0x5e, 0xd0, 0x16, 0xa9, 0xb6,
  0xb8, 0x81, 0xbe, 0x0e, 0xe0, 0xe0, 0x13, 0x3e, 0x91, 0x0c, 0x16, 0x9d,
  0x18, 0x5e, 0xa2, 0x08, 0xfa, 0x3a, 0x8c, 0x43, 0x58, 0x98, 0xc4, 0x3d,
  0x71, 0xb1, 0x19, 0x60, 0xd1, 0x89, 0x61, 0x26, 0x92, 0x20, 0x25, 0x2c,
  0x6e, 0xaa, 0x8b, 0xcd, 0x00, 0x8b, 0x59, 0x02, 0x63, 0xa0, 0x22, 0x01,
  0x17, 0xa0, 0x0c, 0x08, 0x0c, 0xee, 0xe2, 0x06, 0x8e, 0x0b, 0x60, 0xb8,
  0x21, 0x40, 0x03, 0x32, 0x48, 0x02, 0x8b, 0x6e, 0x0e, 0xf1, 0xd0, 0x16,
  0x41, 0x0e, 0x59, 0x0c, 0x1b, 0x10, 0x42, 0x10, 0x00, 0x57, 0x80, 0x43,
  0x9d, 0x11, 0x0e, 0x73, 0x01, 0x38, 0xd4, 0x09, 0xe1, 0x30, 0x9d, 0x1c,
  0xf4, 0x61, 0x2e, 0x8e, 0x61, 0x03, 0x22, 0x10, 0x06, 0xe0, 0x8a, 0x5e,
  0x10, 0x0c, 0xc4, 0x01, 0x04, 0x3a, 0x39, 0xf0, 0x83, 0x5d, 0x28, 0xc3,
  0x06, 0x44, 0x20, 0x0c, 0xc0, 0x19, 0xbe, 0x20, 0x18, 0x8c, 0x03, 0x08,
  0x74, 0x72, 0xf0, 0x87, 0xbc, 0x68, 0x86, 0x0d, 0x88, 0x40, 0x18, 0x00,
  0x94, 0x52, 0x03, 0x06, 0x86, 0x1b, 0x82, 0xd4, 0x00, 0x83, 0x59, 0x86,
  0x80, 0x08, 0x06, 0x2a, 0x12, 0x55, 0x10, 0x48, 0x61, 0x1b, 0xa8, 0x48,
  0x5c, 0x41, 0x00, 0x85, 0xed, 0x82, 0x3c, 0x80, 0xe1, 0x06, 0xba, 0x68,
  0x0d, 0x30, 0x98, 0x25, 0x10, 0x83, 0x81, 0x8a, 0x04, 0x66, 0x86, 0xb6,
  0xd8, 0x66, 0x19, 0x0e, 0x24, 0x0f, 0x2e, 0x00, 0x89, 0x3a, 0x21, 0x24,
  0xe6, 0x02, 0x7f, 0xa8, 0x13, 0xfe, 0x61, 0x66, 0x09, 0x90, 0x81, 0x8a,
  0x44, 0x38, 0x74, 0xc6, 0x18, 0xa8, 0x48, 0x8c, 0x83, 0x67, 0x8c, 0x81,
  0x8a, 0x84, 0x39, 0x7c, 0xc6, 0x38, 0xc4, 0x0e, 0x76, 0xb8, 0x21, 0xc8,
  0x03, 0x32, 0x98, 0x65, 0x48, 0x98, 0x60, 0x96, 0x41, 0x59, 0x44, 0xe1,
  0x06, 0x3c, 0x80, 0x59, 0x02, 0xe6, 0x06, 0x95, 0xa8, 0x23, 0x56, 0x62,
  0x2e, 0x40, 0x89, 0x3a, 0x21, 0x25, 0x66, 0x96, 0x80, 0x19, 0xe8, 0x48,
  0x28, 0x45, 0x58, 0xdc, 0x06, 0x19, 0xe8, 0x48, 0x28, 0xc5, 0x58, 0xe0,
  0x06, 0x19, 0xe8, 0x48, 0x1c, 0x85, 0x59, 0xe4, 0x06, 0x39, 0xe1, 0x1e,
  0xe4, 0x08, 0x7b, 0x90, 0x1b, 0xea, 0x41, 0x66, 0x09, 0x9c, 0xab, 0x58,
  0x01, 0x46, 0x0c, 0x0c, 0x04, 0x04, 0xc1, 0x60, 0x4b, 0x8f, 0xbe, 0xe8,
  0x83, 0x11, 0x03, 0x44, 0x01, 0x41, 0x30, 0x00, 0x83, 0xf3, 0xe8, 0x83,
  0xda, 0xe8, 0x8b, 0xb1, 0x18, 0x6e, 0x08, 0x4c, 0x81, 0x0c, 0x66, 0x19,
  0x26, 0x2d, 0x18, 0xa8, 0x48, 0xfc, 0x86, 0x29, 0x05, 0x69, 0x96, 0xe1,
  0x91, 0x9e, 0x0c, 0xb0, 0xe8, 0xe6, 0xd0, 0x13, 0xb9, 0x11, 0x50, 0x90,
  0x85, 0xe1, 0x86, 0x40, 0x37, 0xc0, 0x60, 0x96, 0x41, 0x82, 0x82, 0x4e,
  0x0e, 0x62, 0xc1, 0x1b, 0x04, 0x05, 0xc9, 0xc0, 0x80, 0x01, 0x81, 0x4e,
  0x0e, 0x64, 0xf1, 0x1b, 0x07, 0x05, 0xc9, 0xc0, 0xc0, 0x01, 0x81, 0xe1,
  0x06, 0xe2, 0x35, 0xcc, 0x60, 0xb8, 0x41, 0x80, 0x0d, 0x33, 0x98, 0x6e,
  0x08, 0xe2, 0x42, 0x18, 0x6e, 0x38, 0x74, 0x82, 0x0c, 0xa6, 0x1b, 0x82,
  0xb9, 0x10, 0x86, 0x1b, 0x0c, 0x9d, 0x20, 0x83, 0xe9, 0x86, 0xa0, 0x2e,
  0x84, 0x59, 0x86, 0x48, 0x0a, 0x6e, 0x41, 0x09, 0xb9, 0xc0, 0x82, 0x53,
  0x50, 0x42, 0x4e, 0x08, 0xa0, 0x93, 0x03, 0x5d, 0xb4, 0x47, 0x45, 0x41,
  0x32, 0x2e, 0x50, 0x09, 0x39, 0x22, 0x80, 0x0c, 0xb0, 0xe8, 0x80, 0xc0,
  0x1e, 0x01, 0x05, 0xc0, 0x98, 0x25, 0x90, 0x06, 0x4a, 0x00, 0x7f, 0x79,
  0xfc, 0xc5, 0x11, 0x22, 0x7f, 0x81, 0xd0, 0x1b, 0x91, 0x1b, 0xc0, 0xa0,
  0x1d, 0x60, 0x20, 0x03, 0x2c, 0x7a, 0x30, 0xa0, 0x07, 0x38, 0x04, 0xc3,
  0x06, 0x44, 0x50, 0x0c, 0x00, 0x8a, 0x01, 0x8a, 0xc0, 0xc0, 0x70, 0x43,
  0x80, 0x22, 0x60, 0x30, 0xcb, 0xd0, 0x38, 0xc1, 0x2c, 0x03, 0x55, 0xcd,
  0xc3, 0xd1, 0x81, 0x3c, 0xc0, 0x2c, 0x81, 0x75, 0x67, 0xb0, 0x17, 0x75,
  0x68, 0xc0, 0x17, 0x73, 0x41, 0x5e, 0xd4, 0x09, 0x7a, 0x31, 0xb3, 0x04,
  0xd6, 0x40, 0x45, 0xa2, 0x50, 0x48, 0x35, 0x50, 0x91, 0xd8, 0x03, 0x65,
  0x54, 0x03, 0x15, 0x89, 0x3e, 0x50, 0x46, 0x75, 0x83, 0x4e, 0xc8, 0x0d,
  0x39, 0x21, 0x17, 0x08, 0x70, 0x44, 0x4e, 0xc8, 0x09, 0x01, 0xcc, 0x12,
  0x5c, 0x03, 0x15, 0x1f, 0xda, 0x58, 0x6a, 0x93, 0x0d, 0x54, 0x24, 0x62,
  0x64, 0xc1, 0x51, 0x76, 0x01, 0x3c, 0xec, 0x70, 0x43, 0x80, 0x1a, 0x64,
  0x30, 0xcb, 0x80, 0x65, 0xc1, 0x09, 0x65, 0x21, 0x67, 0x04, 0x90, 0x01,
  0x16, 0x1d, 0x10, 0x50, 0x24, 0xa0, 0x00, 0x18, 0xb3, 0x04, 0xd9, 0x40,
  0x06, 0x20, 0x60, 0x78, 0x73, 0xf9, 0x47, 0x26, 0x58, 0xf4, 0x75, 0xa8,
  0x8d, 0x19, 0x09, 0x86, 0x0d, 0x88, 0x60, 0x18, 0x80, 0x59, 0x86, 0x4b,
  0x63, 0xc8, 0x1e, 0x80, 0x31, 0x6c, 0x40, 0xd4, 0x43, 0x30, 0x00, 0x44,
  0x0f, 0xc0, 0x18, 0x36, 0x20, 0xe4, 0x21, 0x18, 0x80, 0x11, 0x03, 0x03,
  0x01, 0x41, 0x30, 0xd8, 0xd6, 0xa4, 0x3f, 0xfa, 0x61, 0xc4, 0xc0, 0x58,
  0x42, 0x10, 0x0c, 0x3a, 0x34, 0x31, 0x93, 0x32, 0x99, 0x25, 0xe0, 0x46,
  0x0c, 0x8c, 0x25, 0x04, 0xc1, 0xa0, 0x43, 0x13, 0x33, 0x29, 0x93, 0xb3,
  0x85, 0x1f, 0x81, 0xe1, 0x86, 0xe0, 0x24, 0xc8, 0x60, 0x96, 0xc1, 0x28,
  0x82, 0x81, 0x8a, 0x04, 0x94, 0xb4, 0x3b, 0x00, 0x83, 0x11, 0x03, 0x03,
  0x01, 0x41, 0x30, 0xd8, 0xd8, 0x04, 0x44, 0xfa, 0x21, 0x03, 0x2c, 0x66,
  0x09, 0xba, 0x81, 0x8a, 0x84, 0x94, 0xb8, 0xa7, 0xc3, 0xc0, 0x1f, 0x60,
  0x20, 0x03, 0x2c, 0x7a, 0x30, 0xb4, 0x08, 0x11, 0x50, 0x00, 0x8c, 0x2c,
  0xb0, 0xe8, 0xeb, 0x10, 0x1e, 0x60, 0x12, 0x0c, 0x1b, 0x10, 0xc1, 0x30,
  0x00, 0x78, 0xc0, 0x09, 0x0c, 0x0c, 0x37, 0x04, 0x70, 0x02, 0x06, 0xb3,
  0x0c, 0x5e, 0x17, 0x74, 0x62, 0x90, 0x11, 0xc5, 0x1f, 0x28, 0x00, 0x46,
  0x27, 0x06, 0x1a, 0x61, 0xfc, 0x81, 0x02, 0x60, 0xcc, 0x12, 0x7c, 0x03,
  0x15, 0x49, 0xf5, 0xf9, 0x92, 0x97, 0x01, 0x16, 0x7d, 0x1d, 0xd4, 0x23,
  0x4d, 0x02, 0x0a, 0x80, 0xd1, 0x53, 0xc2, 0x3d, 0xd6, 0x64, 0x58, 0x13,
  0x0a, 0x80, 0x31, 0x62, 0x80, 0x30, 0x21, 0x08, 0x16, 0xfe, 0x41, 0x85,
  0xca, 0x90, 0x04, 0xc3, 0x06, 0xc4, 0x10, 0x0c, 0x40, 0x4f, 0x89, 0xf8,
  0x70, 0x13, 0x63, 0x46, 0x28, 0x00, 0xc6, 0x88, 0x01, 0xc2, 0x84, 0x20,
  0x58, 0xf8, 0x07, 0x45, 0x2a, 0x86, 0x12, 0x0c, 0x1b, 0x10, 0x43, 0x30,
  0x00, 0xa8, 0x80, 0x0a, 0x0c, 0x0c, 0x37, 0x04, 0xa0, 0x02, 0x06, 0xb3,
  0x0c, 0x60, 0xf0, 0x05, 0x23, 0x06, 0x06, 0x02, 0x82, 0x60, 0xb0, 0xa1,
  0x8a, 0x8e, 0xdc, 0x04, 0x6e, 0xa2, 0x02, 0x03, 0xc3, 0x0d, 0x41, 0x9f,
  0x80, 0xc1, 0x2c, 0xc3, 0xc6, 0x05, 0x23, 0x06, 0x06, 0x02, 0x82, 0x60,
  0xb0, 0xa9, 0xca, 0x8e, 0x84, 0xc5, 0x88, 0x81, 0x81, 0x80, 0x20, 0x18,
  0x6c, 0xaa, 0x92, 0x23, 0x68, 0x31, 0x62, 0x60, 0x20, 0x20, 0x08, 0x06,
  0x9b, 0xaa, 0xf0, 0x48, 0x5a, 0x8c, 0x18, 0x18, 0x08, 0x08, 0x82, 0xc1,
  0xa6, 0x2a, 0x3c, 0xa2, 0x16, 0x23, 0x06, 0x06, 0x02, 0x82, 0x60, 0xb0,
  0xa9, 0x0a, 0x8f, 0xac, 0x85, 0x0e, 0x54, 0x24, 0xfa, 0x54, 0xf4, 0x02,
  0x1d, 0x20, 0x3e, 0x04, 0x30, 0x30, 0xdc, 0x10, 0xd0, 0x05, 0x19, 0xcc,
  0x32, 0x8c, 0x01, 0x1d, 0x04, 0x27, 0xa4, 0x47, 0xdd, 0xa0, 0x1e, 0x73,
  0x41, 0x7a, 0xd4, 0x09, 0xea, 0x31, 0x47, 0x8c, 0x86, 0xdc, 0x00, 0x1a,
  0x72, 0x81, 0x00, 0x47, 0xf8, 0x85, 0x9c, 0x10, 0x40, 0x32, 0x58, 0xcc,
  0x12, 0x90, 0xc1, 0x40, 0xc5, 0xc7, 0x43, 0x63, 0xe0, 0x43, 0x73, 0x30,
  0x50, 0x91, 0xd8, 0xd4, 0x18, 0x90, 0xd5, 0x1c, 0x60, 0x80, 0x12, 0x30,
  0x30, 0xdc, 0x10, 0x88, 0x08, 0x19, 0xcc, 0x32, 0x94, 0xc1, 0x1c, 0x04,
  0x39, 0x60, 0xd1, 0x53, 0x42, 0x45, 0x4e, 0xc5, 0x08, 0x28, 0x00, 0xc6,
  0x2c, 0x83, 0x19, 0xa8, 0x81, 0x4a, 0x0c, 0x47, 0x04, 0x34, 0x22, 0xf8,
  0xc7, 0x2c, 0x03, 0x1c, 0x9c, 0x41, 0x30, 0xcb, 0x90, 0x06, 0x68, 0xb0,
  0x1b, 0x69, 0x60, 0xd1, 0x01, 0x41, 0x54, 0x02, 0x0a, 0x80, 0x31, 0x4b,
  0x90, 0x06, 0x03, 0x19, 0x80, 0x80, 0x06, 0x70, 0x74, 0x06, 0xfe, 0x81,
  0x81, 0x21, 0xfe, 0xb3, 0x04, 0x70, 0x30, 0xcb, 0xc0, 0x06, 0x6b, 0x00,
  0x1e, 0xb9, 0x60, 0xd1, 0x01, 0xe1, 0x54, 0x02, 0x0a, 0x80, 0x31, 0x4b,
  0xc0, 0x06, 0x03, 0x19, 0x80, 0xb0, 0x06, 0x7a, 0xa4, 0x06, 0xfe, 0x81,
  0xc1, 0x02, 0xfe, 0xc3, 0x24, 0x49, 0xaa, 0xc0, 0x41, 0xd3, 0x06, 0x8c,
  0x1b, 0x54, 0x6f, 0x30, 0x62, 0x70, 0x30, 0x21, 0x08, 0x16, 0xfe, 0x61,
  0xa9, 0x4b, 0xf0, 0x23, 0xb3, 0x04, 0x70, 0x30, 0x62, 0x80, 0x30, 0x21,
  0x08, 0x16, 0xfe, 0x41, 0xb1, 0x8b, 0x00, 0x26, 0x3e, 0x32, 0x4b, 0x00,
  0x07, 0x36, 0x80, 0xff, 0x88, 0x81, 0xc1, 0x84, 0x20, 0x58, 0xf8, 0x87,
  0xf4, 0x2e, 0x01, 0x06, 0x62, 0x02, 0xfe, 0x38, 0x26, 0x01, 0xf9, 0xcf,
  0x12, 0xc0, 0xc1, 0x40, 0x0d, 0xc0, 0xb4, 0x81, 0xe2, 0x06, 0xc2, 0x1b,
  0x60, 0x69, 0x40, 0x06, 0x66, 0xe0, 0xb0, 0xc1, 0x5d, 0xe6, 0x21, 0x17,
  0x70, 0x90, 0x01, 0x16, 0xb3, 0x0c, 0x71, 0x20, 0x07, 0xf0, 0xd1, 0x01,
  0x81, 0x56, 0x02, 0x0a, 0x80, 0x81, 0x81, 0x01, 0xfe, 0xb3, 0x04, 0x72,
  0x30, 0x50, 0x01, 0x08, 0x71, 0xe0, 0xc0, 0x41, 0x07, 0x04, 0x5d, 0x29,
  0x86, 0x0d, 0x88, 0x40, 0x18, 0x80, 0x59, 0x82, 0x39, 0x98, 0x65, 0x20,
  0x03, 0x3a, 0x08, 0x03, 0x74, 0x03, 0x79, 0x81, 0x81, 0xe1, 0x86, 0x40,
  0x5e, 0xc0, 0x60, 0x96, 0x21, 0x0c, 0xc4, 0x20, 0x08, 0x88, 0x01, 0x00,
  0x00, 0x00, 0x5c, 0x00, 0x00, 0x00, 0x5b, 0x06, 0x24, 0xe0, 0x85, 0x2d,
  0x83, 0x12, 0xf0, 0xc2, 0x96, 0x81, 0x09, 0x78, 0x61, 0xcb, 0xe0, 0x04,
  0xbc, 0xb0, 0x65, 0x80, 0x02, 0x5e, 0xd8, 0x32, 0x48, 0x01, 0x2f, 0x6c,
  0x19, 0xa8, 0x80, 0x17, 0xb6, 0x0c, 0x56, 0xc0, 0x0b, 0x5b, 0x06, 0x2c,
  0xe0, 0x85, 0x2d, 0x83, 0x16, 0xf0, 0xc2, 0x96, 0x81, 0x0b, 0x78, 0x61,
  0xcb, 0xe0, 0x05, 0xbc, 0xb0, 0x65, 0x00, 0x83, 0x80, 0x17, 0xb6, 0x0c,
  0x62, 0x10, 0xf0, 0xc2, 0x96, 0x81, 0x0c, 0x02, 0x5e, 0xd8, 0x32, 0x98,
  0x41, 0xc0, 0x0b, 0x5b, 0x06, 0x34, 0x08, 0x78, 0x61, 0xcb, 0xa0, 0x06,
  0x01, 0x2f, 0x6c, 0x19, 0xd8, 0x20, 0xe0, 0x85, 0x2d, 0x83, 0x1b, 0x04,
  0xbc, 0xb0, 0x65, 0x80, 0x83, 0x80, 0x17, 0xb6, 0x0c, 0x72, 0x10, 0xf0,
  0xc2, 0x96, 0x81, 0x0e, 0x02, 0x5e, 0xd8, 0x32, 0xf0, 0x41, 0xc0, 0x0b,
  0x5b, 0x06, 0x50, 0x08, 0x78, 0x61, 0xcb, 0x40, 0x0a, 0x01, 0x2f, 0x6c,
  0x19, 0x50, 0x21, 0xe0, 0x85, 0x2d, 0x03, 0x48, 0x04, 0xeb, 0xb0, 0x65,
  0x30, 0x89, 0x80, 0x17, 0xb6, 0x0c, 0x2a, 0x11, 0xf0, 0xc2, 0x96, 0xc1,
  0x25, 0x02, 0x5e, 0xd8, 0x32, 0xc4, 0x84, 0x14, 0x0e, 0x5b, 0x0a, 0xbe,
  0x08, 0xd6, 0x81, 0x68, 0x87, 0x2d, 0x03, 0x68, 0x04, 0xbc, 0xb0, 0x65,
  0x18, 0x8d, 0x80, 0x17, 0xb6, 0x0c, 0xb2, 0x11, 0xf0, 0xc2, 0x96, 0xe1,
  0x36, 0x82, 0x77, 0xd8, 0x32, 0xf8, 0x46, 0xf0, 0x0e, 0x5b, 0x86, 0xf0,
  0x90, 0xc4, 0x61, 0xcb, 0xc0, 0x1f, 0xc1, 0x3b, 0x6c, 0x19, 0x42, 0x24,
  0x78, 0x87, 0x2d, 0x83, 0x88, 0x48, 0xe3, 0xb0, 0x65, 0x18, 0x91, 0xe0,
  0x1d, 0xb6, 0x0c, 0x24, 0x12, 0xbc, 0xc3, 0x96, 0xa1, 0x44, 0x82, 0x77,
  0xd8, 0x32, 0x98, 0x48, 0xf0, 0x0e, 0x5b, 0x86, 0x16, 0x91, 0xc8, 0x61,
  0xcb, 0x60, 0x23, 0xc1, 0x3b, 0x6c, 0x19, 0x72, 0x24, 0x78, 0x87, 0x2d,
  0x03, 0x8f, 0x48, 0xe5, 0xb0, 0x65, 0xf0, 0x91, 0xe0, 0x1d, 0xb6, 0x0c,
  0x60, 0x12, 0xbc, 0xc3, 0x96, 0xa1, 0x4c, 0x82, 0x77, 0xd8, 0x32, 0x9c,
  0x49, 0xf0, 0x0e, 0x5b, 0x86, 0x34, 0x09, 0xde, 0x61, 0xcb, 0xb0, 0x26,
  0xc1, 0x3b, 0x6c, 0x19, 0xda, 0x24, 0x78, 0x87, 0x2d, 0x03, 0x9c, 0x48,
  0xe6, 0xb0, 0x65, 0xa0, 0x13, 0xe9, 0x1c, 0xb6, 0x0c, 0xb1, 0x12, 0xbc,
  0xc3, 0x96, 0x01, 0x57, 0x82, 0x77, 0xd8, 0x32, 0x80, 0x4b, 0xf0, 0x0e,
  0x5b, 0x06, 0x7a, 0x09, 0xde, 0x61, 0xcb, 0x90, 0x2f, 0xc1, 0x3b, 0x6c,
  0x19, 0xf6, 0x45, 0x42, 0x87, 0x2d, 0x83, 0xbf, 0x48, 0xe9, 0x00, 0x00,
  0x00, 0x00, 0x00, 0x00, 0x00, 0x00, 0x71, 0x20, 0x00, 0x00, 0x03, 0x00,
  0x00, 0x00, 0x32, 0x0e, 0x10, 0x22, 0x84, 0x02, 0xf5, 0x08, 0x38, 0x60,
  0x9d, 0x00, 0x00, 0x00, 0x00, 0x00, 0x65, 0x0c, 0x00, 0x00, 0x61, 0x00,
  0x00, 0x00, 0x12, 0x03, 0x94, 0xf8, 0x02, 0x00, 0x00, 0x00, 0x03, 0x00,
  0x00, 0x00, 0xcd, 0x01, 0x00, 0x00, 0x0b, 0x00, 0x00, 0x00, 0x4c, 0x00,
  0x00, 0x00, 0x01, 0x00, 0x00, 0x00, 0x58, 0x00, 0x00, 0x00, 0x00, 0x00,
  0x00, 0x00, 0x58, 0x00, 0x00, 0x00, 0x0c, 0x00, 0x00, 0x00, 0x78, 0x01,
  0x00, 0x00, 0x00, 0x00, 0x00, 0x00, 0xd8, 0x01, 0x00, 0x00, 0x1c, 0x00,
  0x00, 0x00, 0xa6, 0x00, 0x00, 0x00, 0x09, 0x00, 0x00, 0x00, 0x53, 0x00,
  0x00, 0x00, 0x00, 0x00, 0x00, 0x00, 0x78, 0x01, 0x00, 0x00, 0x00, 0x00,
  0x00, 0x00, 0x00, 0x00, 0x00, 0x00, 0x0c, 0x00, 0x00, 0x00, 0x00, 0x00,
  0x00, 0x00, 0xa6, 0x00, 0x00, 0x00, 0x09, 0x00, 0x00, 0x00, 0xa6, 0x00,
  0x00, 0x00, 0x09, 0x00, 0x00, 0x00, 0xff, 0xff, 0xff, 0xff, 0x00, 0x24,
  0x00, 0x00, 0xaf, 0x00, 0x00, 0x00, 0x90, 0x00, 0x00, 0x00, 0xaf, 0x00,
  0x00, 0x00, 0x90, 0x00, 0x00, 0x00, 0xff, 0xff, 0xff, 0xff, 0x00, 0x30,
  0x00, 0x00, 0x3f, 0x01, 0x00, 0x00, 0x10, 0x00, 0x00, 0x00, 0x3f, 0x01,
  0x00, 0x00, 0x10, 0x00, 0x00, 0x00, 0xff, 0xff, 0xff, 0xff, 0x08, 0x24,
  0x00, 0x00, 0x4f, 0x01, 0x00, 0x00, 0x12, 0x00, 0x00, 0x00, 0x4f, 0x01,
  0x00, 0x00, 0x12, 0x00, 0x00, 0x00, 0xff, 0xff, 0xff, 0xff, 0x08, 0x24,
  0x00, 0x00, 0x61, 0x01, 0x00, 0x00, 0x11, 0x00, 0x00, 0x00, 0x61, 0x01,
  0x00, 0x00, 0x11, 0x00, 0x00, 0x00, 0xff, 0xff, 0xff, 0xff, 0x08, 0x24,
  0x00, 0x00, 0x72, 0x01, 0x00, 0x00, 0x16, 0x00, 0x00, 0x00, 0x72, 0x01,
  0x00, 0x00, 0x16, 0x00, 0x00, 0x00, 0xff, 0xff, 0xff, 0xff, 0x08, 0x2c,
  0x00, 0x00, 0x88, 0x01, 0x00, 0x00, 0x0b, 0x00, 0x00, 0x00, 0x88, 0x01,
  0x00, 0x00, 0x0b, 0x00, 0x00, 0x00, 0xff, 0xff, 0xff, 0xff, 0x08, 0x24,
  0x00, 0x00, 0x93, 0x01, 0x00, 0x00, 0x18, 0x00, 0x00, 0x00, 0x93, 0x01,
  0x00, 0x00, 0x18, 0x00, 0x00, 0x00, 0xff, 0xff, 0xff, 0xff, 0x08, 0x2c,
  0x00, 0x00, 0xab, 0x01, 0x00, 0x00, 0x0e, 0x00, 0x00, 0x00, 0xab, 0x01,
  0x00, 0x00, 0x0e, 0x00, 0x00, 0x00, 0xff, 0xff, 0xff, 0xff, 0x08, 0x24,
  0x00, 0x00, 0xb9, 0x01, 0x00, 0x00, 0x14, 0x00, 0x00, 0x00, 0xb9, 0x01,
  0x00, 0x00, 0x14, 0x00, 0x00, 0x00, 0xff, 0xff, 0xff, 0xff, 0x08, 0x2c,
  0x00, 0x00, 0x00, 0x00, 0x00, 0x00, 0x53, 0x00, 0x00, 0x00, 0x00, 0x00,
  0x00, 0x00, 0x53, 0x00, 0x00, 0x00, 0xff, 0xff, 0xff, 0xff, 0x00, 0x00,
  0x00, 0x00, 0x53, 0x00, 0x00, 0x00, 0x53, 0x00, 0x00, 0x00, 0x53, 0x00,
  0x00, 0x00, 0x53, 0x00, 0x00, 0x00, 0xff, 0xff, 0xff, 0xff, 0x00, 0x00,
  0x00, 0x00, 0x00, 0x00, 0x00, 0x00, 0x5d, 0x0c, 0x00, 0x00, 0x80, 0x00,
  0x00, 0x00, 0x12, 0x03, 0x94, 0xf4, 0x03, 0x00, 0x00, 0x00, 0x5f, 0x5a,
  0x5a, 0x39, 0x6e, 0x76, 0x63, 0x6f, 0x6e, 0x76, 0x35, 0x5f, 0x73, 0x50,
  0x55, 0x39, 0x4d, 0x54, 0x4c, 0x64, 0x65, 0x76, 0x69, 0x63, 0x65, 0x4b,
  0x66, 0x53, 0x30, 0x5f, 0x53, 0x30, 0x5f, 0x53, 0x30, 0x5f, 0x50, 0x55,
  0x39, 0x4d, 0x54, 0x4c, 0x64, 0x65, 0x76, 0x69, 0x63, 0x65, 0x66, 0x50,
  0x55, 0x31, 0x31, 0x4d, 0x54, 0x4c, 0x63, 0x6f, 0x6e, 0x73, 0x74, 0x61,
  0x6e, 0x74, 0x4b, 0x6a, 0x53, 0x34, 0x5f, 0x52, 0x53, 0x33, 0x5f, 0x44,
  0x76, 0x33, 0x5f, 0x6a, 0x6a, 0x45, 0x32, 0x41, 0x73, 0x5f, 0x5a, 0x5a,
  0x39, 0x6e, 0x76, 0x63, 0x6f, 0x6e, 0x76, 0x35, 0x5f, 0x73, 0x50, 0x55,
  0x39, 0x4d, 0x54, 0x4c, 0x64, 0x65, 0x76, 0x69, 0x63, 0x65, 0x4b, 0x66,
  0x53, 0x30, 0x5f, 0x53, 0x30, 0x5f, 0x53, 0x30, 0x5f, 0x50, 0x55, 0x39,
  0x4d, 0x54, 0x4c, 0x64, 0x65, 0x76, 0x69, 0x63, 0x65, 0x66, 0x50, 0x55,
  0x31, 0x31, 0x4d, 0x54, 0x4c, 0x63, 0x6f, 0x6e, 0x73, 0x74, 0x61, 0x6e,
  0x74, 0x4b, 0x6a, 0x53, 0x34, 0x5f, 0x52, 0x53, 0x33, 0x5f, 0x44, 0x76,
  0x33, 0x5f, 0x6a, 0x6a, 0x45, 0x32, 0x42, 0x73, 0x6e, 0x76, 0x63, 0x6f,
  0x6e, 0x76, 0x35, 0x5f, 0x73, 0x5f, 0x5a, 0x4c, 0x31, 0x31, 0x6e, 0x76,
  0x63, 0x6f, 0x6e, 0x76, 0x5f, 0x62, 0x6f, 0x64, 0x79, 0x49, 0x4c, 0x6a,
  0x36, 0x34, 0x45, 0x4c, 0x6a, 0x33, 0x32, 0x45, 0x4c, 0x6a, 0x34, 0x45,
  0x4c, 0x6a, 0x32, 0x45, 0x45, 0x76, 0x50, 0x55, 0x39, 0x4d, 0x54, 0x4c,
  0x64, 0x65, 0x76, 0x69, 0x63, 0x65, 0x4b, 0x66, 0x53, 0x31, 0x5f, 0x50,
  0x55, 0x39, 0x4d, 0x54, 0x4c, 0x64, 0x65, 0x76, 0x69, 0x63, 0x65, 0x66,
  0x53, 0x31, 0x5f, 0x53, 0x31, 0x5f, 0x6a, 0x50, 0x55, 0x31, 0x31, 0x4d,
  0x54, 0x4c, 0x63, 0x6f, 0x6e, 0x73, 0x74, 0x61, 0x6e, 0x74, 0x4b, 0x6a,
  0x53, 0x35, 0x5f, 0x44, 0x76, 0x33, 0x5f, 0x6a, 0x6a, 0x50, 0x41, 0x70,
  0x6c, 0x54, 0x5f, 0x4c, 0x69, 0x34, 0x45, 0x5f, 0x55, 0x31, 0x34, 0x4d,
  0x54, 0x4c, 0x74, 0x68, 0x72, 0x65, 0x61, 0x64, 0x67, 0x72, 0x6f, 0x75,
  0x70, 0x66, 0x50, 0x41, 0x70, 0x6c, 0x54, 0x30, 0x5f, 0x4c, 0x69, 0x34,
  0x45, 0x5f, 0x53, 0x37, 0x5f, 0x61, 0x69, 0x72, 0x2e, 0x66, 0x61, 0x73,
  0x74, 0x5f, 0x65, 0x78, 0x70, 0x2e, 0x66, 0x33, 0x32, 0x61, 0x69, 0x72,
  0x2e, 0x66, 0x61, 0x73, 0x74, 0x5f, 0x63, 0x6c, 0x61, 0x6d, 0x70, 0x2e,
  0x66, 0x33, 0x32, 0x61, 0x69, 0x72, 0x2e, 0x66, 0x61, 0x73, 0x74, 0x5f,
  0x66, 0x6d, 0x61, 0x78, 0x2e, 0x66, 0x33, 0x32, 0x6c, 0x6c, 0x76, 0x6d,
  0x2e, 0x6c, 0x69, 0x66, 0x65, 0x74, 0x69, 0x6d, 0x65, 0x2e, 0x65, 0x6e,
  0x64, 0x2e, 0x70, 0x30, 0x69, 0x38, 0x61, 0x69, 0x72, 0x2e, 0x66, 0x6d,
  0x61, 0x2e, 0x66, 0x33, 0x32, 0x6c, 0x6c, 0x76, 0x6d, 0x2e, 0x6c, 0x69,
  0x66, 0x65, 0x74, 0x69, 0x6d, 0x65, 0x2e, 0x73, 0x74, 0x61, 0x72, 0x74,
  0x2e, 0x70, 0x30, 0x69, 0x38, 0x61, 0x69, 0x72, 0x2e, 0x77, 0x67, 0x2e,
  0x62, 0x61, 0x72, 0x72, 0x69, 0x65, 0x72, 0x6c, 0x6c, 0x76, 0x6d, 0x2e,
  0x6d, 0x65, 0x6d, 0x73, 0x65, 0x74, 0x2e, 0x70, 0x30, 0x69, 0x38, 0x2e,
  0x69, 0x36, 0x34, 0x33, 0x32, 0x30, 0x32, 0x33, 0x2e, 0x39, 0x31, 0x37,
  0x2e, 0x32, 0x61, 0x69, 0x72, 0x36, 0x34, 0x5f, 0x76, 0x32, 0x37, 0x2d,
  0x61, 0x70, 0x70, 0x6c, 0x65, 0x2d, 0x6d, 0x61, 0x63, 0x6f, 0x73, 0x78,
  0x31, 0x35, 0x2e, 0x37, 0x2e, 0x30, 0x00, 0x00, 0x00, 0x00, 0x00, 0x00,
  0x00, 0x00, 0x00, 0x00, 0x00, 0x00, 0xde, 0xc0, 0x17, 0x0b, 0x00, 0x00,
  0x00, 0x00, 0x14, 0x00, 0x00, 0x00, 0x84, 0x10, 0x00, 0x00, 0xff, 0xff,
  0xff, 0xff, 0x42, 0x43, 0xc0, 0xde, 0x35, 0x14, 0x00, 0x00, 0x03, 0x00,
  0x00, 0x00, 0x62, 0x0c, 0x30, 0x24, 0x80, 0x10, 0x05, 0xc8, 0x14, 0x00,
  0x00, 0x00, 0x21, 0x0c, 0x00, 0x00, 0xcf, 0x03, 0x00, 0x00, 0x0b, 0x02,
  0x21, 0x00, 0x02, 0x00, 0x00, 0x00, 0x16, 0x00, 0x00, 0x00, 0x07, 0x81,
  0x23, 0x91, 0x41, 0xc8, 0x04, 0x49, 0x06, 0x10, 0x32, 0x39, 0x92, 0x01,
  0x84, 0x0c, 0x25, 0x05, 0x08, 0x19, 0x1e, 0x04, 0x8b, 0x62, 0x80, 0x14,
  0x45, 0x02, 0x42, 0x92, 0x0b, 0x42, 0xa4, 0x10, 0x32, 0x14, 0x38, 0x08,
  0x18, 0x4b, 0x0a, 0x32, 0x52, 0x88, 0x48, 0x70, 0xc4, 0x21, 0x23, 0x44,
  0x12, 0x87, 0x8c, 0x10, 0x41, 0x92, 0x02, 0x64, 0xc8, 0x08, 0xb1, 0x14,
  0x20, 0x43, 0x46, 0x88, 0x20, 0xc9, 0x01, 0x32, 0x52, 0x84, 0x18, 0x2a,
  0x28, 0x2a, 0x90, 0x31, 0x7c, 0xb0, 0x5c, 0x91, 0x20, 0xc5, 0xc8, 0x00,
  0x00, 0x00, 0x89, 0x20, 0x00, 0x00, 0x1f, 0x00, 0x00, 0x00, 0x32, 0x22,
  0x48, 0x09, 0x20, 0x62, 0x46, 0x00, 0x21, 0x2b, 0x24, 0x98, 0x14, 0x21,
  0x25, 0x24, 0x98, 0x14, 0x19, 0x27, 0x0c, 0x85, 0xa4, 0x90, 0x60, 0x52,
  0x64, 0x5c, 0x20, 0x24, 0x65, 0x82, 0x60, 0x1a, 0x01, 0x98, 0x01, 0x18,
  0x44, 0x08, 0x82, 0x39, 0x02, 0x30, 0x98, 0xa9, 0x9a, 0x07, 0x7a, 0x90,
  0x87, 0x7a, 0x18, 0x07, 0x7a, 0x70, 0x83, 0x76, 0x28, 0x07, 0x7a, 0x08,
  0x07, 0x76, 0xd0, 0x03, 0x3d, 0xf8, 0x85, 0x70, 0xa0, 0x87, 0x77, 0x68,
  0x87, 0x74, 0x18, 0x87, 0x14, 0x8c, 0x41, 0x04, 0x22, 0x18, 0x44, 0x18,
  0x04, 0x73, 0x00, 0x21, 0x8a, 0x11, 0x83, 0xce, 0x20, 0xc2, 0x10, 0xcc,
  0x11, 0x04, 0xc6, 0x18, 0x69, 0x8c, 0xa1, 0x68, 0x19, 0x21, 0x04, 0x6a,
  0x03, 0x01, 0x2a, 0x30, 0xe6, 0x08, 0x40, 0x61, 0x0a, 0x00, 0x00, 0x00,
  0x00, 0x00, 0x51, 0x18, 0x00, 0x00, 0x99, 0x00, 0x00, 0x00, 0x1b, 0xe2,
  0x23, 0xf8, 0xff, 0xff, 0xff, 0xff, 0x01, 0x30, 0x05, 0x40, 0x02, 0xfa,
  0x80, 0x08, 0x07, 0x78, 0x80, 0x07, 0x79, 0x78, 0x07, 0x7c, 0x68, 0x03,
  0x73, 0xa8, 0x07, 0x77, 0x18, 0x87, 0x36, 0x30, 0x07, 0x78, 0x68, 0x83,
  0x76, 0x08, 0x07, 0x7a, 0x40, 0x07, 0x80, 0x1e, 0xe4, 0xa1, 0x1e, 0xca,
  0x01, 0x20, 0xcc, 0x41, 0x1e, 0xc2, 0xa1, 0x1d, 0xca, 0xa1, 0x0d, 0xe0,
  0xe1, 0x1d, 0xd2, 0xc1, 0x1d, 0xe8, 0xa1, 0x1c, 0xe4, 0x01, 0x08, 0x07,
  0x76, 0x60, 0x07, 0x80, 0x68, 0x87, 0x74, 0x70, 0x87, 0x36, 0x60, 0x87,
  0x72, 0x38, 0x87, 0x70, 0x60, 0x87, 0x36, 0xb0, 0x87, 0x72, 0x18, 0x07,
  0x7a, 0x78, 0x07, 0x79, 0x68, 0x83, 0x7b, 0x48, 0x07, 0x72, 0xa0, 0x07,
  0x74, 0x00, 0xe0, 0x00, 0x18, 0xdc, 0xe1, 0x1d, 0xda, 0x40, 0x1c, 0xea,
  0x21, 0x1d, 0xd8, 0x81, 0x1e, 0xd2, 0xc1, 0x1d, 0xe6, 0x01, 0x20, 0xdc,
  0xe1, 0x1d, 0xda, 0x20, 0x1d, 0xdc, 0xc1, 0x1c, 0xe6, 0xa1, 0x0d, 0xcc,
  0x01, 0x1e, 0xda, 0xa0, 0x1d, 0xc2, 0x81, 0x1e, 0xd0, 0x01, 0xa0, 0x07,
  0x79, 0xa8, 0x87, 0x72, 0x00, 0x08, 0x77, 0x78, 0x87, 0x36, 0x70, 0x87,
  0x70, 0x70, 0x87, 0x79, 0x68, 0x03, 0x73, 0x80, 0x87, 0x36, 0x68, 0x87,
  0x70, 0xa0, 0x07, 0x74, 0x00, 0xe8, 0x41, 0x1e, 0xea, 0xa1, 0x1c, 0x00,
  0xc2, 0x1d, 0xde, 0xa1, 0x0d, 0xe6, 0x21, 0x1d, 0xce, 0xc1, 0x1d, 0xca,
  0x81, 0x1c, 0xda, 0x40, 0x1f, 0xca, 0x41, 0x1e, 0xde, 0x61, 0x1e, 0xda,
  0xc0, 0x1c, 0xe0, 0xa1, 0x0d, 0xda, 0x21, 0x1c, 0xe8, 0x01, 0x1d, 0x00,
  0x7a, 0x90, 0x87, 0x7a, 0x28, 0x07, 0x80, 0x70, 0x87, 0x77, 0x68, 0x03,
  0x7a, 0x90, 0x87, 0x70, 0x80, 0x07, 0x78, 0x48, 0x07, 0x77, 0x38, 0x87,
  0x36, 0x68, 0x87, 0x70, 0xa0, 0x07, 0x74, 0x00, 0xe8, 0x41, 0x1e, 0xea,
  0xa1, 0x1c, 0x00, 0x62, 0x1e, 0xe8, 0x21, 0x1c, 0xc6, 0x61, 0x1d, 0xda,
  0x00, 0x1e, 0xe4, 0xe1, 0x1d, 0xe8, 0xa1, 0x1c, 0xc6, 0x81, 0x1e, 0xde,
  0x41, 0x1e, 0xda, 0x40, 0x1c, 0xea, 0xc1, 0x1c, 0xcc, 0xa1, 0x1c, 0xe4,
  0xa1, 0x0d, 0xe6, 0x21, 0x1d, 0xf4, 0xa1, 0x1c, 0x00, 0x3c, 0x00, 0x88,
  0x7a, 0x70, 0x87, 0x79, 0x08, 0x07, 0x73, 0x28, 0x87, 0x36, 0x30, 0x07,
  0x78, 0x68, 0x83, 0x76, 0x08, 0x07, 0x7a, 0x40, 0x07, 0x80, 0x1e, 0xe4,
  0xa1, 0x1e, 0xca, 0x01, 0xd8, 0xd0, 0x09, 0x01, 0xb0, 0x00, 0xa4, 0x00,
  0x54, 0x43, 0x38, 0xa4, 0x83, 0x3c, 0xb4, 0x81, 0x38, 0xd4, 0x83, 0x39,
  0x98, 0x43, 0x39, 0xc8, 0x43, 0x1b, 0xb8, 0xc3, 0x3b, 0xb4, 0x41, 0x38,
  0xb0, 0x43, 0x3a, 0x84, 0xc3, 0x3c, 0x00, 0x1b, 0xba, 0x41, 0x00, 0x16,
  0x80, 0x14, 0x80, 0x6a, 0x08, 0x87, 0x74, 0x90, 0x87, 0x36, 0x10, 0x87,
  0x7a, 0x30, 0x07, 0x73, 0x28, 0x07, 0x79, 0x68, 0x03, 0x77, 0x78, 0x87,
  0x36, 0x08, 0x07, 0x76, 0x48, 0x87, 0x70, 0x98, 0x07, 0x60, 0xc3, 0x46,
  0x0c, 0xc0, 0x02, 0x90, 0xc2, 0x10, 0x0e, 0xe9, 0x20, 0x0f, 0x6d, 0x20,
  0x0e, 0xf5, 0x60, 0x0e, 0xe6, 0x50, 0x0e, 0xf2, 0xd0, 0x06, 0xee, 0xf0,
  0x0e, 0x6d, 0x10, 0x0e, 0xec, 0x90, 0x0e, 0xe1, 0x30, 0x0f, 0xc0, 0x86,
  0x31, 0x28, 0x08, 0x60, 0x01, 0x48, 0x01, 0xa8, 0x82, 0x80, 0x08, 0xd2,
  0x80, 0x18, 0xc2, 0x21, 0x1d, 0xe4, 0xa1, 0x0d, 0xc4, 0xa1, 0x1e, 0xcc,
  0xc1, 0x1c, 0xca, 0x41, 0x1e, 0xda, 0xc0, 0x1d, 0xde, 0xa1, 0x0d, 0xc2,
  0x81, 0x1d, 0xd2, 0x21, 0x1c, 0xe6, 0x01, 0xd8, 0xd0, 0x19, 0x05, 0xb0,
  0x00, 0xa4, 0x00, 0xd0, 0xc1, 0x10, 0x0e, 0xe9, 0x20, 0x0f, 0x6d, 0x20,
  0x0e, 0xf5, 0x60, 0x0e, 0xe6, 0x50, 0x0e, 0xf2, 0xd0, 0x06, 0xee, 0xf0,
  0x0e, 0x6d, 0x10, 0x0e, 0xec, 0x90, 0x0e, 0xe1, 0x30, 0x0f, 0xc0, 0x06,
  0xe2, 0x30, 0x00, 0x52, 0xd8, 0x80, 0x20, 0xff, 0xff, 0xff, 0xff, 0x3f,
  0x00, 0xa6, 0x00, 0x48, 0x40, 0x1f, 0x6c, 0x20, 0x92, 0x00, 0x58, 0x36,
  0x38, 0xca, 0xff, 0xff, 0xff, 0xff, 0x0f, 0x80, 0x29, 0x00, 0x7e, 0x00,
  0xfc, 0x01, 0x20, 0x01, 0x14, 0xd0, 0x07, 0x1b, 0x90, 0xe5, 0xff, 0xff,
  0xff, 0xff, 0x07, 0x40, 0x02, 0x28, 0xa0, 0x0f, 0x36, 0x18, 0xcc, 0xff,
  0xff, 0xff, 0xff, 0x0f, 0x80, 0x04, 0xf4, 0x01, 0x00, 0x00, 0x49, 0x18,
  0x00, 0x00, 0x05, 0x00, 0x00, 0x00, 0x13, 0x8e, 0x40, 0x18, 0x88, 0xc2,
  0x38, 0x26, 0x08, 0x48, 0x32, 0x21, 0x50, 0x26, 0x04, 0xcb, 0x04, 0x81,
  0x49, 0x00, 0x13, 0xb8, 0x70, 0x48, 0x07, 0x79, 0xb0, 0x03, 0x3a, 0xf8,
  0x05, 0x7b, 0x90, 0x83, 0x3b, 0x68, 0x83, 0x70, 0x80, 0x07, 0x78, 0x60,
  0x87, 0x72, 0x68, 0x83, 0x76, 0x08, 0x87, 0x71, 0x78, 0x87, 0x79, 0xc0,
  0x87, 0x38, 0xa8, 0x03, 0x37, 0xb8, 0x03, 0x37, 0x80, 0x83, 0x0d, 0xb7,
  0x51, 0x0e, 0x6d, 0x00, 0x0f, 0x7a, 0x60, 0x07, 0x74, 0xa0, 0x07, 0x76,
  0x40, 0x07, 0x7a, 0x60, 0x07, 0x74, 0xd0, 0x06, 0xe9, 0x10, 0x07, 0x7a,
  0x80, 0x07, 0x7a, 0x80, 0x07, 0x6d, 0x90, 0x0e, 0x78, 0xa0, 0x07, 0x78,
  0xa0, 0x07, 0x78, 0xd0, 0x06, 0xe9, 0x10, 0x07, 0x76, 0xa0, 0x07, 0x71,
  0x60, 0x07, 0x7a, 0x10, 0x07, 0x76, 0xd0, 0x06, 0xe9, 0x30, 0x07, 0x72,
  0xa0, 0x07, 0x73, 0x20, 0x07, 0x7a, 0x30, 0x07, 0x72, 0xd0, 0x06, 0xe9,
  0x60, 0x07, 0x74, 0xa0, 0x07, 0x76, 0x40, 0x07, 0x7a, 0x60, 0x07, 0x74,
  0xd0, 0x06, 0xe6, 0x30, 0x07, 0x72, 0xa0, 0x07, 0x73, 0x20, 0x07, 0x7a,
  0x30, 0x07, 0x72, 0xd0, 0x06, 0xe6, 0x60, 0x07, 0x74, 0xa0, 0x07, 0x76,
  0x40, 0x07, 0x7a, 0x60, 0x07, 0x74, 0xd0, 0x06, 0xf6, 0x10, 0x07, 0x76,
  0xa0, 0x07, 0x71, 0x60, 0x07, 0x7a, 0x10, 0x07, 0x76, 0xd0, 0x06, 0xf6,
  0x20, 0x07, 0x74, 0xa0, 0x07, 0x73, 0x20, 0x07, 0x7a, 0x30, 0x07, 0x72,
  0xd0, 0x06, 0xf6, 0x30, 0x07, 0x72, 0xa0, 0x07, 0x73, 0x20, 0x07, 0x7a,
  0x30, 0x07, 0x72, 0xd0, 0x06, 0xf6, 0x40, 0x07, 0x78, 0xa0, 0x07, 0x76,
  0x40, 0x07, 0x7a, 0x60, 0x07, 0x74, 0xd0, 0x06, 0xf6, 0x60, 0x07, 0x74,
  0xa0, 0x07, 0x76, 0x40, 0x07, 0x7a, 0x60, 0x07, 0x74, 0xd0, 0x06, 0xf6,
  0x90, 0x07, 0x76, 0xa0, 0x07, 0x71, 0x20, 0x07, 0x78, 0xa0, 0x07, 0x71,
  0x20, 0x07, 0x78, 0xd0, 0x06, 0xf6, 0x10, 0x07, 0x72, 0x80, 0x07, 0x7a,
  0x10, 0x07, 0x72, 0x80, 0x07, 0x7a, 0x10, 0x07, 0x72, 0x80, 0x07, 0x6d,
  0x60, 0x0f, 0x71, 0x90, 0x07, 0x72, 0xa0, 0x07, 0x72, 0x50, 0x07, 0x76,
  0xa0, 0x07, 0x72, 0x50, 0x07, 0x76, 0xd0, 0x06, 0xf6, 0x20, 0x07, 0x75,
  0x60, 0x07, 0x7a, 0x20, 0x07, 0x75, 0x60, 0x07, 0x7a, 0x20, 0x07, 0x75,
  0x60, 0x07, 0x6d, 0x60, 0x0f, 0x75, 0x10, 0x07, 0x72, 0xa0, 0x07, 0x75,
  0x10, 0x07, 0x72, 0xa0, 0x07, 0x75, 0x10, 0x07, 0x72, 0xd0, 0x06, 0xf6,
  0x10, 0x07, 0x70, 0x20, 0x07, 0x74, 0xa0, 0x07, 0x71, 0x00, 0x07, 0x72,
  0x40, 0x07, 0x7a, 0x10, 0x07, 0x70, 0x20, 0x07, 0x74, 0xd0, 0x06, 0xee,
  0x80, 0x07, 0x7a, 0x10, 0x07, 0x76, 0xa0, 0x07, 0x73, 0x20, 0x07, 0x1a,
  0x21, 0x0c, 0xa9, 0x34, 0x95, 0xe0, 0x34, 0xd5, 0x2f, 0x30, 0xcf, 0x90,
  0x0a, 0x50, 0x0e, 0x00, 0x00, 0x02, 0x00, 0x00, 0x00, 0x01, 0x00, 0x00,
  0x00, 0x00, 0x00, 0x05, 0x18, 0x52, 0x29, 0xdb, 0x02, 0x04, 0x80, 0x00,
  0x00, 0x00, 0x20, 0x00, 0x00, 0x00, 0x00, 0x00, 0xa0, 0x00, 0x43, 0xaa,
  0x32, 0x88, 0x1a, 0x20, 0x00, 0x06, 0x00, 0x00, 0x00, 0x01, 0x00, 0x00,
  0x00, 0x00, 0x00, 0x05, 0x90, 0xd8, 0x20, 0x50, 0x34, 0x7a, 0x00, 0x00,
  0x20, 0x0b, 0x04, 0x00, 0x00, 0x00, 0x0c, 0x00, 0x00, 0x00, 0x32, 0x1e,
  0x98, 0x14, 0x19, 0x11, 0x4c, 0x90, 0x8c, 0x09, 0x26, 0x47, 0xc6, 0x04,
  0x43, 0x1a, 0x45, 0x50, 0x02, 0x85, 0x50, 0x0e, 0xe5, 0x53, 0x80, 0x02,
  0x05, 0x51, 0x20, 0x23, 0x00, 0x65, 0x50, 0x0a, 0xc5, 0x50, 0x12, 0x14,
  0x47, 0x00, 0x08, 0x8e, 0x25, 0x6c, 0x00, 0x00, 0x00, 0x00, 0xb1, 0x18,
  0x00, 0x00, 0xa5, 0x00, 0x00, 0x00, 0x33, 0x08, 0x80, 0x1c, 0xc4, 0xe1,
  0x1c, 0x66, 0x14, 0x01, 0x3d, 0x88, 0x43, 0x38, 0x84, 0xc3, 0x8c, 0x42,
  0x80, 0x07, 0x79, 0x78, 0x07, 0x73, 0x98, 0x71, 0x0c, 0xe6, 0x00, 0x0f,
  0xed, 0x10, 0x0e, 0xf4, 0x80, 0x0e, 0x33, 0x0c, 0x42, 0x1e, 0xc2, 0xc1,
  0x1d, 0xce, 0xa1, 0x1c, 0x66, 0x30, 0x05, 0x3d, 0x88, 0x43, 0x38, 0x84,
  0x83, 0x1b, 0xcc, 0x03, 0x3d, 0xc8, 0x43, 0x3d, 0x8c, 0x03, 0x3d, 0xcc,
  0x78, 0x8c, 0x74, 0x70, 0x07, 0x7b, 0x08, 0x07, 0x79, 0x48, 0x87, 0x70,
  0x70, 0x07, 0x7a, 0x70, 0x03, 0x76, 0x78, 0x87, 0x70, 0x20, 0x87, 0x19,
  0xcc, 0x11, 0x0e, 0xec, 0x90, 0x0e, 0xe1, 0x30, 0x0f, 0x6e, 0x30, 0x0f,
  0xe3, 0xf0, 0x0e, 0xf0, 0x50, 0x0e, 0x33, 0x10, 0xc4, 0x1d, 0xde, 0x21,
  0x1c, 0xd8, 0x21, 0x1d, 0xc2, 0x61, 0x1e, 0x66, 0x30, 0x89, 0x3b, 0xbc,
  0x83, 0x3b, 0xd0, 0x43, 0x39, 0xb4, 0x03, 0x3c, 0xbc, 0x83, 0x3c, 0x84,
  0x03, 0x3b, 0xcc, 0xf0, 0x14, 0x76, 0x60, 0x07, 0x7b, 0x68, 0x07, 0x37,
  0x68, 0x87, 0x72, 0x68, 0x07, 0x37, 0x80, 0x87, 0x70, 0x90, 0x87, 0x70,
  0x60, 0x07, 0x76, 0x28, 0x07, 0x76, 0xf8, 0x05, 0x76, 0x78, 0x87, 0x77,
  0x80, 0x87, 0x5f, 0x08, 0x87, 0x71, 0x18, 0x87, 0x72, 0x98, 0x87, 0x79,
  0x98, 0x81, 0x2c, 0xee, 0xf0, 0x0e, 0xee, 0xe0, 0x0e, 0xf5, 0xc0, 0x0e,
  0xec, 0x30, 0x03, 0x62, 0xc8, 0xa1, 0x1c, 0xe4, 0xa1, 0x1c, 0xcc, 0xa1,
  0x1c, 0xe4, 0xa1, 0x1c, 0xdc, 0x61, 0x1c, 0xca, 0x21, 0x1c, 0xc4, 0x81,
  0x1d, 0xca, 0x61, 0x06, 0xd6, 0x90, 0x43, 0x39, 0xc8, 0x43, 0x39, 0x98,
  0x43, 0x39, 0xc8, 0x43, 0x39, 0xb8, 0xc3, 0x38, 0x94, 0x43, 0x38, 0x88,
  0x03, 0x3b, 0x94, 0xc3, 0x2f, 0xbc, 0x83, 0x3c, 0xfc, 0x82, 0x3b, 0xd4,
  0x03, 0x3b, 0xb0, 0xc3, 0x0c, 0xc7, 0x69, 0x87, 0x70, 0x58, 0x87, 0x72,
  0x70, 0x83, 0x74, 0x68, 0x07, 0x78, 0x60, 0x87, 0x74, 0x18, 0x87, 0x74,
  0xa0, 0x87, 0x19, 0xce, 0x53, 0x0f, 0xee, 0x00, 0x0f, 0xf2, 0x50, 0x0e,
  0xe4, 0x90, 0x0e, 0xe3, 0x40, 0x0f, 0xe1, 0x20, 0x0e, 0xec, 0x50, 0x0e,
  0x33, 0x20, 0x28, 0x1d, 0xdc, 0xc1, 0x1e, 0xc2, 0x41, 0x1e, 0xd2, 0x21,
  0x1c, 0xdc, 0x81, 0x1e, 0xdc, 0xe0, 0x1c, 0xe4, 0xe1, 0x1d, 0xea, 0x01,
  0x1e, 0x66, 0x18, 0x51, 0x38, 0xb0, 0x43, 0x3a, 0x9c, 0x83, 0x3b, 0xcc,
  0x50, 0x24, 0x76, 0x60, 0x07, 0x7b, 0x68, 0x07, 0x37, 0x60, 0x87, 0x77,
  0x78, 0x07, 0x78, 0x98, 0x51, 0x4c, 0xf4, 0x90, 0x0f, 0xf0, 0x50, 0x0e,
  0x33, 0x1e, 0x6a, 0x1e, 0xca, 0x61, 0x1c, 0xe8, 0x21, 0x1d, 0xde, 0xc1,
  0x1d, 0x7e, 0x01, 0x1e, 0xe4, 0xa1, 0x1c, 0xcc, 0x21, 0x1d, 0xf0, 0x61,
  0x06, 0x54, 0x85, 0x83, 0x38, 0xcc, 0xc3, 0x3b, 0xb0, 0x43, 0x3d, 0xd0,
  0x43, 0x39, 0xfc, 0xc2, 0x3c, 0xe4, 0x43, 0x3b, 0x88, 0xc3, 0x3b, 0xb0,
  0xc3, 0x8c, 0xc5, 0x0a, 0x87, 0x79, 0x98, 0x87, 0x77, 0x18, 0x87, 0x74,
  0x08, 0x07, 0x7a, 0x28, 0x07, 0x72, 0x98, 0x81, 0x5c, 0xe3, 0x10, 0x0e,
  0xec, 0xc0, 0x0e, 0xe5, 0x50, 0x0e, 0xf3, 0x30, 0x23, 0xc1, 0xd2, 0x41,
  0x1e, 0xe4, 0xe1, 0x17, 0xd8, 0xe1, 0x1d, 0xde, 0x01, 0x1e, 0x66, 0x48,
  0x19, 0x3b, 0xb0, 0x83, 0x3d, 0xb4, 0x83, 0x1b, 0x84, 0xc3, 0x38, 0x8c,
  0x43, 0x39, 0xcc, 0xc3, 0x3c, 0xb8, 0xc1, 0x39, 0xc8, 0xc3, 0x3b, 0xd4,
  0x03, 0x3c, 0xcc, 0x48, 0xb4, 0x71, 0x08, 0x07, 0x76, 0x60, 0x07, 0x71,
  0x08, 0x87, 0x71, 0x58, 0x87, 0x19, 0xdb, 0xc6, 0x0e, 0xec, 0x60, 0x0f,
  0xed, 0xe0, 0x06, 0xf0, 0x20, 0x0f, 0xe5, 0x30, 0x0f, 0xe5, 0x20, 0x0f,
  0xf6, 0x50, 0x0e, 0x6e, 0x10, 0x0e, 0xe3, 0x30, 0x0e, 0xe5, 0x30, 0x0f,
  0xf3, 0xe0, 0x06, 0xe9, 0xe0, 0x0e, 0xe4, 0x50, 0x0e, 0xf8, 0x30, 0x23,
  0xe2, 0xec, 0x61, 0x1c, 0xc2, 0x81, 0x1d, 0xd8, 0xe1, 0x17, 0xec, 0x21,
  0x1d, 0xe6, 0x21, 0x1d, 0xc4, 0x21, 0x1d, 0xd8, 0x21, 0x1d, 0xe8, 0x21,
  0x1f, 0x66, 0x20, 0x9d, 0x3b, 0xbc, 0x43, 0x3d, 0xb8, 0x03, 0x39, 0x94,
  0x83, 0x39, 0xcc, 0x58, 0xbc, 0x70, 0x70, 0x07, 0x77, 0x78, 0x07, 0x7a,
  0x08, 0x07, 0x7a, 0x48, 0x87, 0x77, 0x70, 0x87, 0x19, 0xce, 0x87, 0x0e,
  0xe5, 0x10, 0x0e, 0xf0, 0x10, 0x0e, 0xec, 0xc0, 0x0e, 0xef, 0x30, 0x0e,
  0xf3, 0x90, 0x0e, 0xf4, 0x50, 0x0e, 0x33, 0x28, 0x30, 0x08, 0x87, 0x74,
  0x90, 0x07, 0x37, 0x30, 0x87, 0x7a, 0x70, 0x87, 0x71, 0xa0, 0x87, 0x74,
  0x78, 0x07, 0x77, 0xf8, 0x85, 0x73, 0x90, 0x87, 0x77, 0xa8, 0x07, 0x78,
  0x98, 0x07, 0x00, 0x00, 0x00, 0x00, 0x79, 0x20, 0x00, 0x00, 0x0e, 0x01,
  0x00, 0x00, 0x72, 0x1e, 0x48, 0x20, 0x43, 0x88, 0x0c, 0x19, 0x09, 0x72,
  0x32, 0x48, 0x20, 0x23, 0x81, 0x8c, 0x91, 0x91, 0xd1, 0x44, 0xa0, 0x10,
  0x28, 0x64, 0x3c, 0x31, 0x32, 0x42, 0x8e, 0x90, 0x21, 0xa3, 0x48, 0x06,
  0x60, 0x80, 0x4a, 0x00, 0x00, 0x00, 0x8b, 0xd2, 0x58, 0xd8, 0x06, 0x6d,
  0xd0, 0x1c, 0x14, 0x1b, 0x47, 0x06, 0x8a, 0x84, 0x44, 0xd1, 0x15, 0x15,
  0x4c, 0x10, 0x38, 0x14, 0x31, 0x38, 0xc3, 0x13, 0x18, 0xdb, 0x00, 0x00,
  0x00, 0x00, 0x53, 0x44, 0x4b, 0x20, 0x56, 0x65, 0x72, 0x73, 0x69, 0x6f,
  0x6e, 0x77, 0x63, 0x68, 0x61, 0x72, 0x5f, 0x73, 0x69, 0x7a, 0x65, 0x66,
  0x72, 0x61, 0x6d, 0x65, 0x2d, 0x70, 0x6f, 0x69, 0x6e, 0x74, 0x65, 0x72,
  0x61, 0x69, 0x72, 0x2e, 0x6d, 0x61, 0x78, 0x5f, 0x64, 0x65, 0x76, 0x69,
  0x63, 0x65, 0x5f, 0x62, 0x75, 0x66, 0x66, 0x65, 0x72, 0x73, 0x61, 0x69,
  0x72, 0x2e, 0x6d, 0x61, 0x78, 0x5f, 0x63, 0x6f, 0x6e, 0x73, 0x74, 0x61,
  0x6e, 0x74, 0x5f, 0x62, 0x75, 0x66, 0x66, 0x65, 0x72, 0x73, 0x61, 0x69,
  0x72, 0x2e, 0x6d, 0x61, 0x78, 0x5f, 0x74, 0x68, 0x72, 0x65, 0x61, 0x64,
  0x67, 0x72, 0x6f, 0x75, 0x70, 0x5f, 0x62, 0x75, 0x66, 0x66, 0x65, 0x72,
  0x73, 0x61, 0x69, 0x72, 0x2e, 0x6d, 0x61, 0x78, 0x5f, 0x74, 0x65, 0x78,
  0x74, 0x75, 0x72, 0x65, 0x73, 0x61, 0x69, 0x72, 0x2e, 0x6d, 0x61, 0x78,
  0x5f, 0x72, 0x65, 0x61, 0x64, 0x5f, 0x77, 0x72, 0x69, 0x74, 0x65, 0x5f,
  0x74, 0x65, 0x78, 0x74, 0x75, 0x72, 0x65, 0x73, 0x61, 0x69, 0x72, 0x2e,
  0x6d, 0x61, 0x78, 0x5f, 0x73, 0x61, 0x6d, 0x70, 0x6c, 0x65, 0x72, 0x73,
  0x41, 0x70, 0x70, 0x6c, 0x65, 0x20, 0x6d, 0x65, 0x74, 0x61, 0x6c, 0x20,
  0x76, 0x65, 0x72, 0x73, 0x69, 0x6f, 0x6e, 0x20, 0x33, 0x32, 0x30, 0x32,
  0x33, 0x2e, 0x39, 0x31, 0x37, 0x20, 0x28, 0x6d, 0x65, 0x74, 0x61, 0x6c,
  0x66, 0x65, 0x2d, 0x33, 0x32, 0x30, 0x32, 0x33, 0x2e, 0x39, 0x31, 0x37,
  0x2e, 0x32, 0x29, 0x4d, 0x65, 0x74, 0x61, 0x6c, 0x61, 0x69, 0x72, 0x2e,
  0x63, 0x6f, 0x6d, 0x70, 0x69, 0x6c, 0x65, 0x2e, 0x64, 0x65, 0x6e, 0x6f,
  0x72, 0x6d, 0x73, 0x5f, 0x64, 0x69, 0x73, 0x61, 0x62, 0x6c, 0x65, 0x61,
  0x69, 0x72, 0x2e, 0x63, 0x6f, 0x6d, 0x70, 0x69, 0x6c, 0x65, 0x2e, 0x66,
  0x61, 0x73, 0x74, 0x5f, 0x6d, 0x61, 0x74, 0x68, 0x5f, 0x65, 0x6e, 0x61,
  0x62, 0x6c, 0x65, 0x61, 0x69, 0x72, 0x2e, 0x63, 0x6f, 0x6d, 0x70, 0x69,
  0x6c, 0x65, 0x2e, 0x66, 0x72, 0x61, 0x6d, 0x65, 0x62, 0x75, 0x66, 0x66,
  0x65, 0x72, 0x5f, 0x66, 0x65, 0x74, 0x63, 0x68, 0x5f, 0x65, 0x6e, 0x61,
  0x62, 0x6c, 0x65, 0x61, 0x69, 0x72, 0x2e, 0x62, 0x75, 0x66, 0x66, 0x65,
  0x72, 0x61, 0x69, 0x72, 0x2e, 0x6c, 0x6f, 0x63, 0x61, 0x74, 0x69, 0x6f,
  0x6e, 0x5f, 0x69, 0x6e, 0x64, 0x65, 0x78, 0x61, 0x69, 0x72, 0x2e, 0x72,
  0x65, 0x61, 0x64, 0x61, 0x69, 0x72, 0x2e, 0x61, 0x64, 0x64, 0x72, 0x65,
  0x73, 0x73, 0x5f, 0x73, 0x70, 0x61, 0x63, 0x65, 0x61, 0x69, 0x72, 0x2e,
  0x61, 0x72, 0x67, 0x5f, 0x74, 0x79, 0x70, 0x65, 0x5f, 0x73, 0x69, 0x7a,
  0x65, 0x61, 0x69, 0x72, 0x2e, 0x61, 0x72, 0x67, 0x5f, 0x74, 0x79, 0x70,
  0x65, 0x5f, 0x61, 0x6c, 0x69, 0x67, 0x6e, 0x5f, 0x73, 0x69, 0x7a, 0x65,
  0x61, 0x69, 0x72, 0x2e, 0x61, 0x72, 0x67, 0x5f, 0x74, 0x79, 0x70, 0x65,
  0x5f, 0x6e, 0x61, 0x6d, 0x65, 0x66, 0x6c, 0x6f, 0x61, 0x74, 0x61, 0x69,
  0x72, 0x2e, 0x61, 0x72, 0x67, 0x5f, 0x6e, 0x61, 0x6d, 0x65, 0x61, 0x62,
  0x61, 0x69, 0x72, 0x2e, 0x72, 0x65, 0x61, 0x64, 0x5f, 0x77, 0x72, 0x69,
  0x74, 0x65, 0x61, 0x69, 0x72, 0x2e, 0x73, 0x74, 0x72, 0x75, 0x63, 0x74,
  0x5f, 0x74, 0x79, 0x70, 0x65, 0x5f, 0x69, 0x6e, 0x66, 0x6f, 0x75, 0x69,
  0x6e, 0x74, 0x5f, 0x5f, 0x73, 0x6d, 0x65, 0x74, 0x61, 0x6c, 0x3a, 0x3a,
  0x5f, 0x61, 0x74, 0x6f, 0x6d, 0x69, 0x63, 0x62, 0x61, 0x64, 0x61, 0x69,
  0x72, 0x2e, 0x62, 0x75, 0x66, 0x66, 0x65, 0x72, 0x5f, 0x73, 0x69, 0x7a,
  0x65, 0x6e, 0x73, 0x61, 0x6d, 0x70, 0x6c, 0x65, 0x61, 0x69, 0x72, 0x2e,
  0x74, 0x68, 0x72, 0x65, 0x61, 0x64, 0x5f, 0x70, 0x6f, 0x73, 0x69, 0x74,
  0x69, 0x6f, 0x6e, 0x5f, 0x69, 0x6e, 0x5f, 0x67, 0x72, 0x69, 0x64, 0x67,
  0x69, 0x64, 0x46, 0x84, 0x00, 0x00, 0x00, 0x00, 0x00, 0x00, 0x30, 0x82,
  0x30, 0x0c, 0x23, 0x08, 0x50, 0x34, 0x82, 0x30, 0x10, 0x23, 0x08, 0x43,
  0x31, 0x82, 0x30, 0x18, 0x23, 0x08, 0xc3, 0x31, 0x82, 0x30, 0x20, 0x23,
  0x08, 0x43, 0x32, 0x82, 0x30, 0x28, 0x23, 0x08, 0xc3, 0x32, 0x82, 0x30,
  0x30, 0x23, 0x08, 0x08, 0x30, 0x82, 0x30, 0x34, 0x23, 0x08, 0x83, 0x33,
  0x82, 0x30, 0x3c, 0x33, 0x0c, 0x65, 0x10, 0x98, 0xc1, 0x0c, 0xc3, 0x19,
  0x08, 0x68, 0x30, 0xc3, 0x90, 0x06, 0x43, 0x19, 0xcc, 0x30, 0xa4, 0x01,
  0xa1, 0x06, 0x33, 0x0c, 0x69, 0x50, 0xa8, 0xc1, 0x0c, 0x43, 0x1a, 0x18,
  0x6a, 0x30, 0xc3, 0x90, 0x06, 0xc7, 0x1a, 0xcc, 0x30, 0xa4, 0x01, 0xc2,
  0x06, 0x33, 0x0c, 0x69, 0x90, 0xb4, 0xc1, 0x0c, 0x81, 0x32, 0xc3, 0x50,
  0x06, 0x69, 0xe0, 0x06, 0x33, 0x10, 0xcb, 0x1b, 0x94, 0x81, 0x1b, 0xcc,
  0x10, 0x30, 0x33, 0x04, 0xcd, 0x0c, 0x81, 0x33, 0x03, 0x30, 0x03, 0xe4,
  0x06, 0x0f, 0x14, 0x07, 0x67, 0x10, 0x49, 0x67, 0x30, 0xa1, 0x01, 0x85,
  0x06, 0x95, 0x75, 0x61, 0x33, 0x40, 0x67, 0xf0, 0x40, 0x72, 0x70, 0x06,
  0x91, 0x74, 0x06, 0x13, 0x1a, 0x50, 0x68, 0x50, 0x59, 0x57, 0x36, 0x43,
  0xe1, 0x06, 0x68, 0xe0, 0x06, 0x5c, 0x37, 0x83, 0x54, 0x06, 0x0f, 0x94,
  0x06, 0x67, 0xa0, 0x49, 0x67, 0xb0, 0x99, 0xc2, 0x84, 0x06, 0x14, 0x1a,
  0x54, 0xde, 0xf5, 0xcd, 0x20, 0xbd, 0xc1, 0x03, 0x06, 0x68, 0x00, 0xb1,
  0xc1, 0x19, 0x44, 0x52, 0x19, 0x4c, 0x68, 0x40, 0xa1, 0x41, 0xc5, 0x5d,
  0x61, 0x30, 0x03, 0x84, 0x06, 0x0f, 0x34, 0x07, 0x67, 0xa0, 0x49, 0x67,
  0x30, 0xa1, 0x01, 0x85, 0x06, 0x95, 0x75, 0x89, 0xc1, 0x0c, 0x46, 0x1c,
  0x8c, 0x41, 0xc5, 0x5d, 0x64, 0x30, 0x83, 0x41, 0x0a, 0xa5, 0x70, 0x0a,
  0xa8, 0x90, 0x0a, 0xaa, 0x30, 0xc3, 0x00, 0x07, 0xa3, 0xb0, 0x0a, 0x87,
  0x06, 0x00, 0xc7, 0x71, 0x1c, 0xc7, 0x71, 0x1c, 0xc7, 0x71, 0x1c, 0xc7,
  0x71, 0x6e, 0xe0, 0x06, 0x6e, 0xe0, 0x06, 0x6e, 0xe0, 0x06, 0x6e, 0xe0,
  0x06, 0x6e, 0x60, 0xd1, 0x81, 0x1e, 0x58, 0x96, 0x05, 0xd1, 0x04, 0x4d,
  0x80, 0x82, 0x59, 0xc8, 0x85, 0x4e, 0x98, 0x02, 0x2e, 0xc8, 0x48, 0x60,
  0x82, 0x32, 0x62, 0x63, 0xb3, 0x6b, 0x73, 0x69, 0x7b, 0x23, 0xab, 0x63,
  0x2b, 0x73, 0x31, 0x63, 0x0b, 0x3b, 0x9b, 0x1b, 0x25, 0x99, 0x03, 0x3a,
  0xa8, 0x03, 0x3b, 0xb8, 0x03, 0x3c, 0xc8, 0x03, 0x3d, 0xd8, 0x83, 0x54,
  0xd8, 0xd8, 0xec, 0xda, 0x5c, 0xd2, 0xc8, 0xca, 0xdc, 0xe8, 0x46, 0x09,
  0xf8, 0x20, 0x97, 0xb0, 0x34, 0x39, 0x17, 0xbb, 0x32, 0xb9, 0xb9, 0xb4,
  0x37, 0xb7, 0x51, 0x82, 0x3e, 0x48, 0x2a, 0x2c, 0x4d, 0xce, 0x85, 0x2d,
  0xcc, 0xed, 0xac, 0x2e, 0xec, 0xac, 0xec, 0xcb, 0xae, 0x4c, 0x6e, 0x2e,
  0xed, 0xcd, 0x6d, 0x94, 0xc0, 0x0f, 0x72, 0x0a, 0x4b, 0x93, 0x73, 0x19,
  0x7b, 0x6b, 0x83, 0x4b, 0x63, 0x2b, 0xfb, 0x7a, 0x83, 0xa3, 0x4b, 0x7b,
  0x73, 0x9b, 0x1b, 0x65, 0xf8, 0x03, 0x50, 0x08, 0x85, 0x54, 0xc2, 0xd2,
  0xe4, 0x5c, 0xd6, 0xca, 0xe4, 0xdc, 0xca, 0xd8, 0x46, 0x09, 0x56, 0x01,
  0x00, 0x00, 0xa9, 0x18, 0x00, 0x00, 0x25, 0x00, 0x00, 0x00, 0x0b, 0x0a,
  0x72, 0x28, 0x87, 0x77, 0x80, 0x07, 0x7a, 0x58, 0x70, 0x98, 0x43, 0x3d,
  0xb8, 0xc3, 0x38, 0xb0, 0x43, 0x39, 0xd0, 0xc3, 0x82, 0xe6, 0x1c, 0xc6,
  0xa1, 0x0d, 0xe8, 0x41, 0x1e, 0xc2, 0xc1, 0x1d, 0xe6, 0x21, 0x1d, 0xe8,
  0x21, 0x1d, 0xde, 0xc1, 0x1d, 0x16, 0x34, 0xe3, 0x60, 0x0e, 0xe7, 0x50,
  0x0f, 0xe1, 0x20, 0x0f, 0xe4, 0x40, 0x0f, 0xe1, 0x20, 0x0f, 0xe7, 0x50,
  0x0e, 0xf4, 0xb0, 0x80, 0x81, 0x07, 0x79, 0x28, 0x87, 0x70, 0x60, 0x07,
  0x76, 0x78, 0x87, 0x71, 0x08, 0x07, 0x7a, 0x28, 0x07, 0x72, 0x58, 0x70,
  0x9c, 0xc3, 0x38, 0xb4, 0x01, 0x3b, 0xa4, 0x83, 0x3d, 0x94, 0xc3, 0x02,
  0x6b, 0x1c, 0xd8, 0x21, 0x1c, 0xdc, 0xe1, 0x1c, 0xdc, 0x20, 0x1c, 0xe4,
  0x61, 0x1c, 0xdc, 0x20, 0x1c, 0xe8, 0x81, 0x1e, 0xc2, 0x61, 0x1c, 0xd0,
  0xa1, 0x1c, 0xc8, 0x61, 0x1c, 0xc2, 0x81, 0x1d, 0xd8, 0x61, 0xc1, 0x01,
  0x0f, 0xf4, 0x20, 0x0f, 0xe1, 0x50, 0x0f, 0xf4, 0x80, 0x0e, 0x00, 0x00,
  0x00, 0x00, 0xd1, 0x10, 0x00, 0x00, 0x06, 0x00, 0x00, 0x00, 0x07, 0xcc,
  0x3c, 0xa4, 0x83, 0x3b, 0x9c, 0x03, 0x3b, 0x94, 0x03, 0x3d, 0xa0, 0x83,
  0x3c, 0x94, 0x43, 0x38, 0x90, 0xc3, 0x01, 0x00, 0x00, 0x00, 0x61, 0x20,
  0x00, 0x00, 0x88, 0x00, 0x00, 0x00, 0x13, 0x04, 0x46, 0x2c, 0x10, 0x00,
  0x00, 0x00, 0x05, 0x00, 0x00, 0x00, 0xa4, 0x6a, 0x80, 0xc2, 0x18, 0xc1,
  0x3b, 0x93, 0x26, 0xda, 0x8d, 0x11, 0xdc, 0x78, 0x3b, 0xb6, 0x1c, 0x00,
  0x00, 0x00, 0xf1, 0x30, 0x00, 0x00, 0x4e, 0x00, 0x00, 0x00, 0x22, 0x47,
  0xc8, 0x90, 0x51, 0x26, 0xc8, 0x5c, 0x00, 0x00, 0x00, 0x00, 0xc3, 0xf3,
  0x70, 0x96, 0x65, 0x59, 0x16, 0x00, 0x69, 0x6e, 0x74, 0x6f, 0x6d, 0x6e,
  0x69, 0x70, 0x6f, 0x74, 0x65, 0x6e, 0x74, 0x20, 0x63, 0x68, 0x61, 0x72,
  0x53, 0x69, 0x6d, 0x70, 0x6c, 0x65, 0x20, 0x43, 0x2b, 0x2b, 0x20, 0x54,
  0x42, 0x41, 0x41, 0x61, 0x69, 0x72, 0x2d, 0x61, 0x6c, 0x69, 0x61, 0x73,
  0x2d, 0x73, 0x63, 0x6f, 0x70, 0x65, 0x73, 0x28, 0x6e, 0x76, 0x63, 0x6f,
  0x6e, 0x76, 0x5f, 0x63, 0x6d, 0x70, 0x29, 0x61, 0x69, 0x72, 0x2d, 0x61,
  0x6c, 0x69, 0x61, 0x73, 0x2d, 0x73, 0x63, 0x6f, 0x70, 0x65, 0x2d, 0x61,
  0x72, 0x67, 0x28, 0x33, 0x29, 0x61, 0x69, 0x72, 0x2d, 0x61, 0x6c, 0x69,
  0x61, 0x73, 0x2d, 0x73, 0x63, 0x6f, 0x70, 0x65, 0x2d, 0x61, 0x72, 0x67,
  0x28, 0x34, 0x29, 0x61, 0x69, 0x72, 0x2d, 0x61, 0x6c, 0x69, 0x61, 0x73,
  0x2d, 0x73, 0x63, 0x6f, 0x70, 0x65, 0x2d, 0x61, 0x72, 0x67, 0x28, 0x32,
  0x29, 0x61, 0x69, 0x72, 0x2d, 0x61, 0x6c, 0x69, 0x61, 0x73, 0x2d, 0x73,
  0x63, 0x6f, 0x70, 0x65, 0x2d, 0x61, 0x72, 0x67, 0x28, 0x31, 0x29, 0x61,
  0x69, 0x72, 0x2d, 0x61, 0x6c, 0x69, 0x61, 0x73, 0x2d, 0x73, 0x63, 0x6f,
  0x70, 0x65, 0x2d, 0x61, 0x72, 0x67, 0x28, 0x30, 0x29, 0x00, 0x13, 0x84,
  0x08, 0x5a, 0x21, 0xdc, 0x02, 0x2c, 0xac, 0x18, 0x70, 0xe1, 0x16, 0x62,
  0x61, 0xc5, 0x90, 0x0b, 0xb7, 0x20, 0x0b, 0x2b, 0x06, 0x5d, 0xb8, 0x85,
  0x59, 0x58, 0x31, 0xec, 0xc2, 0x2d, 0xd0, 0xc2, 0x8a, 0x81, 0x17, 0x6e,
  0xa1, 0x16, 0x36, 0x04, 0xaf, 0xb0, 0x61, 0x70, 0x85, 0x5e, 0xb0, 0x85,
  0x0d, 0x43, 0x2b, 0xf8, 0x82, 0x2d, 0x6c, 0x18, 0x7e, 0xe1, 0x17, 0x6c,
  0x61, 0x43, 0x80, 0x0b, 0x1b, 0x08, 0x5e, 0xd8, 0x05, 0x5d, 0xc8, 0x85,
  0x0d, 0x83, 0xe5, 0x0b, 0xb6, 0xb0, 0x61, 0x18, 0x87, 0x71, 0xb0, 0x85,
  0x0d, 0x01, 0x2f, 0x6c, 0x20, 0x76, 0x41, 0x17, 0x70, 0x21, 0x17, 0x36,
  0x04, 0xbb, 0xb0, 0x81, 0xe0, 0x05, 0x5d, 0xc0, 0x85, 0x5c, 0xd8, 0x10,
  0xe4, 0xc2, 0x06, 0x82, 0x17, 0x76, 0x41, 0x17, 0x70, 0x01, 0x64, 0x8c,
  0x31, 0xdc, 0x10, 0x14, 0x62, 0x30, 0xcb, 0x10, 0x14, 0x41, 0x1a, 0x31,
  0x7a, 0x10, 0x98, 0x80, 0x82, 0x30, 0x7a, 0x10, 0x9a, 0x81, 0x82, 0x30,
  0x86, 0x1b, 0x16, 0x8a, 0x0c, 0x66, 0x19, 0x84, 0x21, 0x40, 0xe6, 0xbb,
  0x81, 0x0b, 0xc0, 0x60, 0x33, 0x88, 0xd1, 0x83, 0x00, 0x05, 0x49, 0xc4,
  0xe8, 0x41, 0x90, 0x82, 0x61, 0x03, 0x22, 0x50, 0x06, 0x60, 0xd8, 0x80,
  0x18, 0x90, 0x01, 0x98, 0x25, 0x18, 0x50, 0x41, 0xc2, 0x7f, 0xc4, 0xc0,
  0x20, 0x42, 0x10, 0x2c, 0xfc, 0xa3, 0x41, 0x83, 0x60, 0xc4, 0xc0, 0x20,
  0x42, 0x10, 0x2c, 0xfc, 0xa3, 0x49, 0x03, 0x06, 0x83, 0x49, 0xfc, 0x31,
  0x98, 0xc0, 0x7f, 0x38, 0x82, 0x08, 0x14, 0xff, 0x98, 0x65, 0x20, 0x8a,
  0xa0, 0x93, 0x61, 0xfb, 0xc8, 0x60, 0xc4, 0x20, 0x29, 0x42, 0x10, 0x0c,
  0x96, 0x37, 0x08, 0xd8, 0xa0, 0x0c, 0xda, 0x00, 0x9b, 0x25, 0x28, 0x34,
  0x20, 0x06, 0x0c, 0x00, 0x00, 0x00, 0x5b, 0x0e, 0x20, 0xf8, 0x85, 0x03,
  0x1c, 0x90, 0x70, 0xd8, 0x72, 0x14, 0xc1, 0x38, 0x1c, 0xe4, 0x80, 0x94,
  0xc3, 0x96, 0xe3, 0x08, 0xc6, 0xe1, 0x30, 0x07, 0xe4, 0x1c, 0xb6, 0x1c,
  0x50, 0x30, 0x0e, 0x07, 0x3a, 0x20, 0xe9, 0xb0, 0xe5, 0x88, 0x82, 0x71,
  0x38, 0xd0, 0x01, 0x49, 0x07, 0x00, 0x00, 0x00, 0x00, 0x00, 0x71, 0x20,
  0x00, 0x00, 0x03, 0x00, 0x00, 0x00, 0x32, 0x0e, 0x10, 0x22, 0x84, 0x00,
  0xc7, 0x06, 0x00, 0x00, 0x00, 0x00, 0x00, 0x00, 0x00, 0x00, 0x65, 0x0c,
  0x00, 0x00, 0x2b, 0x00, 0x00, 0x00, 0x12, 0x03, 0x94, 0x60, 0x01, 0x00,
  0x00, 0x00, 0x03, 0x00, 0x00, 0x00, 0x36, 0x00, 0x00, 0x00, 0x0b, 0x00,
  0x00, 0x00, 0x4c, 0x00, 0x00, 0x00, 0x01, 0x00, 0x00, 0x00, 0x58, 0x00,
  0x00, 0x00, 0x00, 0x00, 0x00, 0x00, 0x58, 0x00, 0x00, 0x00, 0x03, 0x00,
  0x00, 0x00, 0xa0, 0x00, 0x00, 0x00, 0x00, 0x00, 0x00, 0x00, 0x41, 0x00,
  0x00, 0x00, 0x1c, 0x00, 0x00, 0x00, 0x00, 0x00, 0x00, 0x00, 0x0a, 0x00,
  0x00, 0x00, 0x0a, 0x00, 0x00, 0x00, 0x00, 0x00, 0x00, 0x00, 0xa0, 0x00,
  0x00, 0x00, 0x00, 0x00, 0x00, 0x00, 0x00, 0x00, 0x00, 0x00, 0x03, 0x00,
  0x00, 0x00, 0x00, 0x00, 0x00, 0x00, 0x00, 0x00, 0x00, 0x00, 0x0a, 0x00,
  0x00, 0x00, 0x00, 0x00, 0x00, 0x00, 0x0a, 0x00, 0x00, 0x00, 0xff, 0xff,
  0xff, 0xff, 0x00, 0x24, 0x00, 0x00, 0x0a, 0x00, 0x00, 0x00, 0x1b, 0x00,
  0x00, 0x00, 0x0a, 0x00, 0x00, 0x00, 0x1b, 0x00, 0x00, 0x00, 0xff, 0xff,
  0xff, 0xff, 0x08, 0x24, 0x00, 0x00, 0x25, 0x00, 0x00, 0x00, 0x11, 0x00,
  0x00, 0x00, 0x25, 0x00, 0x00, 0x00, 0x11, 0x00, 0x00, 0x00, 0xff, 0xff,
  0xff, 0xff, 0x08, 0x24, 0x00, 0x00, 0x00, 0x00, 0x00, 0x00, 0x5d, 0x0c,
  0x00, 0x00, 0x1b, 0x00, 0x00, 0x00, 0x12, 0x03, 0x94, 0xbd, 0x00, 0x00,
  0x00, 0x00, 0x6e, 0x76, 0x63, 0x6f, 0x6e, 0x76, 0x5f, 0x63, 0x6d, 0x70,
  0x61, 0x69, 0x72, 0x2e, 0x61, 0x74, 0x6f, 0x6d, 0x69, 0x63, 0x2e, 0x67,
  0x6c, 0x6f, 0x62, 0x61, 0x6c, 0x2e, 0x61, 0x64, 0x64, 0x2e, 0x75, 0x2e,
  0x69, 0x33, 0x32, 0x61, 0x69, 0x72, 0x2e, 0x66, 0x61, 0x73, 0x74, 0x5f,
  0x66, 0x61, 0x62, 0x73, 0x2e, 0x66, 0x33, 0x32, 0x33, 0x32, 0x30, 0x32,
  0x33, 0x2e, 0x39, 0x31, 0x37, 0x2e, 0x32, 0x61, 0x69, 0x72, 0x36, 0x34,
  0x5f, 0x76, 0x32, 0x37, 0x2d, 0x61, 0x70, 0x70, 0x6c, 0x65, 0x2d, 0x6d,
  0x61, 0x63, 0x6f, 0x73, 0x78, 0x31, 0x35, 0x2e, 0x37, 0x2e, 0x30, 0x00,
  0x00, 0x00, 0x00, 0x00, 0x00, 0x00, 0x00, 0x00, 0x00, 0x00, 0x00, 0x00,
  0x00, 0x00
};
unsigned int nvconv_metallib_len = 55322;
